date,USD,JPY,CHF,GBP,EUR
1999-01-04,1.1789,133.73,1.6168,0.7111,1.0
1999-01-05,1.179,130.96,1.6123,0.7122,1.0
1999-01-06,1.1743,131.42,1.6116,0.7076,1.0
1999-01-07,1.1632,129.43,1.6165,0.70585,1.0
1999-01-08,1.1659,130.09,1.6138,0.7094,1.0
1999-01-11,1.1569,126.33,1.6104,0.7044,1.0
1999-01-12,1.152,129.63,1.6072,0.7066,1.0
1999-01-13,1.1744,131.89,1.5931,0.7084,1.0
1999-01-14,1.1653,132.74,1.5934,0.7062,1.0
1999-01-15,1.1626,131.74,1.5984,0.7039,1.0
1999-01-18,1.1612,132.9,1.6004,0.7013,1.0
1999-01-19,1.1616,132.14,1.6001,0.7,1.0
1999-01-20,1.1575,131.59,1.6024,0.7014,1.0
1999-01-21,1.1572,130.34,1.603,0.7023,1.0
1999-01-22,1.1567,131.88,1.5983,0.7005,1.0
1999-01-25,1.1584,132.09,1.5966,0.6989,1.0
1999-01-26,1.1582,131.81,1.6022,0.6976,1.0
1999-01-27,1.1529,131.91,1.6082,0.6968,1.0
1999-01-28,1.141,132.25,1.6129,0.6928,1.0
1999-01-29,1.1384,132.1,1.6123,0.691,1.0
1999-02-01,1.1338,130.88,1.6089,0.6904,1.0
1999-02-02,1.1337,127.7,1.6002,0.6888,1.0
1999-02-03,1.1337,126.86,1.5975,0.6925,1.0
1999-02-04,1.1263,127.65,1.6017,0.6894,1.0
1999-02-05,1.1292,127.95,1.6012,0.6885,1.0
1999-02-08,1.1246,127.82,1.6018,0.6888,1.0
1999-02-09,1.1333,129.91,1.5999,0.6911,1.0
1999-02-10,1.1342,130.73,1.5963,0.6954,1.0
1999-02-11,1.1312,129.35,1.5966,0.6975,1.0
1999-02-12,1.1244,128.92,1.5992,0.6917,1.0
1999-02-15,1.1238,129.31,1.595,0.6895,1.0
1999-02-16,1.1176,131.82,1.5975,0.6854,1.0
1999-02-17,1.1253,133.48,1.5973,0.6873,1.0
1999-02-18,1.1232,134.4,1.5982,0.6871,1.0
1999-02-19,1.1163,133.97,1.5982,0.6838,1.0
1999-02-22,1.0992,133.61,1.5986,0.6789,1.0
1999-02-23,1.0969,133.14,1.5954,0.6796,1.0
1999-02-24,1.1037,133.86,1.594,0.6883,1.0
1999-02-25,1.1031,132.87,1.5905,0.6888,1.0
1999-02-26,1.1018,131.33,1.589,0.6873,1.0
1999-03-01,1.0986,131.13,1.593,0.6829,1.0
1999-03-02,1.0887,131.37,1.5912,0.6764,1.0
1999-03-03,1.0899,132.18,1.5926,0.6723,1.0
1999-03-04,1.0866,133.92,1.5883,0.6759,1.0
1999-03-05,1.0834,133.19,1.5912,0.6737,1.0
1999-03-08,1.0908,132.77,1.5933,0.6776,1.0
1999-03-09,1.0863,132.45,1.5931,0.6754,1.0
1999-03-10,1.0953,131.74,1.6014,0.6746,1.0
1999-03-11,1.0891,131.0,1.5972,0.6694,1.0
1999-03-12,1.0932,130.8,1.5975,0.6686,1.0
1999-03-15,1.0949,128.85,1.601,0.6739,1.0
1999-03-16,1.0901,128.65,1.5995,0.6703,1.0
1999-03-17,1.0966,130.18,1.5987,0.6744,1.0
1999-03-18,1.1012,129.78,1.5975,0.676,1.0
1999-03-19,1.0915,127.99,1.5986,0.6708,1.0
1999-03-22,1.0864,128.0,1.5966,0.6677,1.0
1999-03-23,1.0896,128.94,1.5945,0.6706,1.0
1999-03-24,1.0928,128.6,1.5908,0.6653,1.0
1999-03-25,1.0898,128.65,1.5944,0.6668,1.0
1999-03-26,1.0815,128.93,1.5965,0.665,1.0
1999-03-29,1.0692,128.78,1.5943,0.6615,1.0
1999-03-30,1.0711,128.86,1.5956,0.6638,1.0
1999-03-31,1.0742,127.81,1.5981,0.6663,1.0
1999-04-01,1.0772,128.72,1.5957,0.669,1.0
1999-04-02,1.0772,129.85,1.5973,0.672,1.0
1999-04-05,1.0752,130.55,1.5968,0.6702,1.0
1999-04-06,1.0726,129.99,1.595,0.6759,1.0
1999-04-07,1.0812,131.27,1.5952,0.6772,1.0
1999-04-08,1.0818,130.45,1.5958,0.6731,1.0
1999-04-09,1.0778,130.75,1.5968,0.6724,1.0
1999-04-12,1.0867,130.27,1.603,0.6723,1.0
1999-04-13,1.0765,129.66,1.6032,0.6671,1.0
1999-04-14,1.0787,128.55,1.6052,0.6667,1.0
1999-04-15,1.0786,128.01,1.6035,0.6682,1.0
1999-04-16,1.0668,126.16,1.6027,0.6633,1.0
1999-04-19,1.0636,125.67,1.6015,0.6586,1.0
1999-04-20,1.0646,125.48,1.604,0.6589,1.0
1999-04-21,1.0586,126.26,1.6,0.6593,1.0
1999-04-22,1.0581,126.95,1.601,0.6585,1.0
1999-04-23,1.0634,127.25,1.6023,0.6583,1.0
1999-04-26,1.0614,126.22,1.6027,0.6569,1.0
1999-04-27,1.063,127.34,1.6047,0.6587,1.0
1999-04-28,1.0666,127.05,1.6088,0.6583,1.0
1999-04-29,1.0604,126.16,1.6072,0.6584,1.0
1999-04-30,1.0597,126.9,1.6113,0.6571,1.0
1999-05-03,1.0589,126.93,1.6111,0.6571,1.0
1999-05-04,1.0564,128.04,1.6098,0.6553,1.0
1999-05-05,1.0667,128.78,1.6041,0.6552,1.0
1999-05-06,1.0799,130.6,1.608,0.6601,1.0
1999-05-07,1.0786,130.13,1.6078,0.661,1.0
1999-05-10,1.0735,129.82,1.6075,0.6604,1.0
1999-05-11,1.0732,129.97,1.6082,0.6619,1.0
1999-05-12,1.0645,128.88,1.6052,0.6577,1.0
1999-05-13,1.0622,129.2,1.6013,0.656,1.0
1999-05-14,1.0676,130.78,1.602,0.6601,1.0
1999-05-17,1.0685,131.47,1.6023,0.6598,1.0
1999-05-18,1.069,131.62,1.6023,0.6592,1.0
1999-05-19,1.0634,132.4,1.6017,0.6569,1.0
1999-05-20,1.0639,132.16,1.602,0.6591,1.0
1999-05-21,1.0572,131.25,1.6034,0.6583,1.0
1999-05-24,1.0585,130.86,1.6023,0.6617,1.0
1999-05-25,1.0627,130.41,1.5964,0.6634,1.0
1999-05-26,1.0535,128.77,1.5949,0.658,1.0
1999-05-27,1.0473,128.05,1.5939,0.6551,1.0
1999-05-28,1.0479,126.7,1.5941,0.6546,1.0
1999-05-31,1.0456,127.18,1.5943,0.6524,1.0
1999-06-01,1.0434,126.35,1.5928,0.6505,1.0
1999-06-02,1.0382,125.71,1.5912,0.6443,1.0
1999-06-03,1.0382,125.8,1.5928,0.6458,1.0
1999-06-04,1.0315,125.45,1.5877,0.6412,1.0
1999-06-07,1.0316,124.7,1.5858,0.6414,1.0
1999-06-08,1.0385,125.99,1.5909,0.6489,1.0
1999-06-09,1.0466,124.48,1.5914,0.6523,1.0
1999-06-10,1.0474,124.5,1.5947,0.6538,1.0
1999-06-11,1.0474,124.09,1.597,0.6506,1.0
1999-06-14,1.0437,125.42,1.5952,0.6473,1.0
1999-06-15,1.0392,125.27,1.5941,0.6501,1.0
1999-06-16,1.0345,124.4,1.5944,0.651,1.0
1999-06-17,1.034,123.97,1.5976,0.6481,1.0
1999-06-18,1.0388,124.52,1.5969,0.6506,1.0
1999-06-21,1.0339,126.3,1.5967,0.6506,1.0
1999-06-22,1.0313,125.6,1.5952,0.6498,1.0
1999-06-23,1.028,125.55,1.597,0.6511,1.0
1999-06-24,1.0321,126.05,1.5977,0.6533,1.0
1999-06-25,1.0443,126.8,1.5995,0.6578,1.0
1999-06-28,1.0388,125.96,1.5995,0.6564,1.0
1999-06-29,1.0364,125.3,1.6012,0.6544,1.0
1999-06-30,1.0328,124.82,1.6034,0.6563,1.0
1999-07-01,1.0264,124.12,1.6043,0.6502,1.0
1999-07-02,1.0241,123.93,1.606,0.6498,1.0
1999-07-05,1.0232,125.18,1.6055,0.6491,1.0
1999-07-06,1.0221,124.87,1.604,0.6514,1.0
1999-07-07,1.0222,124.77,1.6034,0.6563,1.0
1999-07-08,1.0182,124.72,1.6029,0.6544,1.0
1999-07-09,1.0204,124.66,1.6065,0.6577,1.0
1999-07-12,1.0124,123.82,1.6072,0.6527,1.0
1999-07-13,1.0183,123.83,1.6031,0.6538,1.0
1999-07-14,1.0168,122.97,1.6043,0.6523,1.0
1999-07-15,1.0201,123.04,1.6055,0.6513,1.0
1999-07-16,1.0202,123.15,1.6059,0.6509,1.0
1999-07-19,1.0146,121.6,1.6067,0.6511,1.0
1999-07-20,1.041,123.09,1.6038,0.6618,1.0
1999-07-21,1.0462,124.2,1.6059,0.6653,1.0
1999-07-22,1.0499,124.06,1.6068,0.6642,1.0
1999-07-23,1.0496,121.96,1.6053,0.6634,1.0
1999-07-26,1.0698,123.8,1.6066,0.6731,1.0
1999-07-27,1.0627,124.27,1.6,0.668,1.0
1999-07-28,1.0603,123.15,1.5986,0.6683,1.0
1999-07-29,1.068,123.18,1.5979,0.6665,1.0
1999-07-30,1.0694,123.19,1.5976,0.6598,1.0
1999-08-02,1.0665,121.88,1.5963,0.6591,1.0
1999-08-03,1.0645,122.69,1.5994,0.6588,1.0
1999-08-04,1.0761,123.39,1.6002,0.6627,1.0
1999-08-05,1.0791,123.37,1.5986,0.667,1.0
1999-08-06,1.074,123.13,1.6019,0.665,1.0
1999-08-09,1.0705,123.37,1.5993,0.6665,1.0
1999-08-10,1.0737,123.25,1.6003,0.6655,1.0
1999-08-11,1.0668,122.92,1.6023,0.6623,1.0
1999-08-12,1.0638,123.25,1.6023,0.6614,1.0
1999-08-13,1.0667,122.41,1.6015,0.6619,1.0
1999-08-16,1.0553,121.28,1.602,0.6585,1.0
1999-08-17,1.0527,120.34,1.6012,0.6584,1.0
1999-08-18,1.0517,118.9,1.6016,0.6556,1.0
1999-08-19,1.0517,117.02,1.5997,0.6556,1.0
1999-08-20,1.0667,119.16,1.5975,0.659,1.0
1999-08-23,1.0606,118.03,1.5973,0.658,1.0
1999-08-24,1.0512,117.42,1.6009,0.6576,1.0
1999-08-25,1.0433,115.7,1.601,0.6572,1.0
1999-08-26,1.0452,116.38,1.602,0.6574,1.0
1999-08-27,1.045,116.68,1.6014,0.6588,1.0
1999-08-30,1.0454,116.1,1.6019,0.6582,1.0
1999-08-31,1.0573,115.53,1.5997,0.6585,1.0
1999-09-01,1.0613,116.0,1.6004,0.6593,1.0
1999-09-02,1.0662,116.16,1.5991,0.6631,1.0
1999-09-03,1.0682,117.32,1.5969,0.6634,1.0
1999-09-06,1.0594,116.3,1.5978,0.6607,1.0
1999-09-07,1.0565,117.44,1.5989,0.6576,1.0
1999-09-08,1.0613,117.49,1.5993,0.6536,1.0
1999-09-09,1.0592,115.36,1.6002,0.6513,1.0
1999-09-10,1.052,115.0,1.6025,0.6463,1.0
1999-09-13,1.0342,109.85,1.6056,0.6407,1.0
1999-09-14,1.0362,110.25,1.6046,0.6468,1.0
1999-09-15,1.0369,107.94,1.6032,0.6462,1.0
1999-09-16,1.0372,108.08,1.6032,0.6416,1.0
1999-09-17,1.0397,110.66,1.6047,0.6423,1.0
1999-09-20,1.0406,112.08,1.6049,0.641,1.0
1999-09-21,1.0388,108.72,1.6048,0.6383,1.0
1999-09-22,1.0509,109.48,1.6024,0.6423,1.0
1999-09-23,1.043,108.45,1.6039,0.639,1.0
1999-09-24,1.0476,109.4,1.6002,0.6374,1.0
1999-09-27,1.0414,109.67,1.6019,0.6327,1.0
1999-09-28,1.0483,111.31,1.6023,0.6362,1.0
1999-09-29,1.0563,112.85,1.6003,0.643,1.0
1999-09-30,1.0665,112.67,1.5967,0.6475,1.0
1999-10-01,1.0728,113.25,1.5985,0.6499,1.0
1999-10-04,1.0719,113.6,1.5915,0.6469,1.0
1999-10-05,1.0686,113.98,1.5932,0.6456,1.0
1999-10-06,1.0737,115.58,1.5907,0.6488,1.0
1999-10-07,1.0729,115.48,1.5924,0.649,1.0
1999-10-08,1.0657,114.55,1.5956,0.6451,1.0
1999-10-11,1.0631,113.42,1.5949,0.6424,1.0
1999-10-12,1.0668,113.45,1.5945,0.6459,1.0
1999-10-13,1.0778,116.24,1.5907,0.6518,1.0
1999-10-14,1.0758,114.95,1.5908,0.6499,1.0
1999-10-15,1.0869,115.15,1.5872,0.6519,1.0
1999-10-18,1.0868,114.23,1.5882,0.6509,1.0
1999-10-19,1.0818,114.3,1.5891,0.6474,1.0
1999-10-20,1.0777,114.44,1.5912,0.646,1.0
1999-10-21,1.0797,114.52,1.5922,0.6446,1.0
1999-10-22,1.0758,113.65,1.5972,0.6426,1.0
1999-10-25,1.0683,112.66,1.598,0.6433,1.0
1999-10-26,1.0633,111.33,1.5989,0.6413,1.0
1999-10-27,1.0552,109.75,1.5995,0.6392,1.0
1999-10-28,1.0534,109.79,1.6023,0.6415,1.0
1999-10-29,1.0453,109.59,1.603,0.6393,1.0
1999-11-01,1.0572,110.23,1.6042,0.6413,1.0
1999-11-02,1.0507,110.12,1.6051,0.6382,1.0
1999-11-03,1.0491,109.17,1.6077,0.6361,1.0
1999-11-04,1.0504,110.0,1.6115,0.6389,1.0
1999-11-05,1.0408,109.79,1.6137,0.6397,1.0
1999-11-08,1.0405,110.36,1.61,0.6412,1.0
1999-11-09,1.0424,109.37,1.6087,0.6415,1.0
1999-11-10,1.0402,109.33,1.6079,0.6416,1.0
1999-11-11,1.0406,109.3,1.6085,0.6414,1.0
1999-11-12,1.0308,108.22,1.6078,0.638,1.0
1999-11-15,1.0301,107.99,1.6057,0.6371,1.0
1999-11-16,1.0336,109.42,1.6047,0.6369,1.0
1999-11-17,1.0408,109.58,1.6015,0.64,1.0
1999-11-18,1.038,109.63,1.602,0.6397,1.0
1999-11-19,1.0279,109.1,1.6032,0.6353,1.0
1999-11-22,1.0311,108.35,1.6029,0.6361,1.0
1999-11-23,1.0315,107.98,1.6009,0.6348,1.0
1999-11-24,1.0215,106.62,1.5997,0.6331,1.0
1999-11-25,1.0194,106.25,1.5999,0.6312,1.0
1999-11-26,1.0101,104.86,1.6012,0.6301,1.0
1999-11-29,1.0077,102.82,1.6029,0.6297,1.0
1999-11-30,1.0097,103.0,1.6021,0.6325,1.0
1999-12-01,1.0091,103.35,1.6007,0.6304,1.0
1999-12-02,1.0057,103.03,1.5999,0.6292,1.0
1999-12-03,1.0015,102.57,1.5967,0.6255,1.0
1999-12-06,1.0182,104.62,1.5969,0.631,1.0
1999-12-07,1.0239,105.05,1.5999,0.6302,1.0
1999-12-08,1.0236,105.32,1.6014,0.6294,1.0
1999-12-09,1.0175,104.4,1.5991,0.6261,1.0
1999-12-10,1.0141,103.81,1.5984,0.6247,1.0
1999-12-13,1.0128,103.95,1.602,0.6238,1.0
1999-12-14,1.0038,104.06,1.6017,0.6215,1.0
1999-12-15,1.0021,103.7,1.6001,0.6241,1.0
1999-12-16,1.0146,104.47,1.6016,0.6286,1.0
1999-12-17,1.0128,104.68,1.6028,0.6287,1.0
1999-12-20,1.0096,103.84,1.6004,0.628,1.0
1999-12-21,1.0084,103.07,1.5994,0.6276,1.0
1999-12-22,1.0074,102.48,1.599,0.6253,1.0
1999-12-23,1.0089,102.52,1.6011,0.6265,1.0
1999-12-24,1.0142,104.29,1.6043,0.6267,1.0
1999-12-27,1.0134,103.75,1.6046,0.6267,1.0
1999-12-28,1.0089,103.13,1.6057,0.6249,1.0
1999-12-29,1.0072,103.02,1.6059,0.6226,1.0
1999-12-30,1.0046,102.73,1.6051,0.6217,1.0
1999-12-31,,,,,1.0
2000-01-03,1.009,102.75,1.6043,0.6246,1.0
2000-01-04,1.0305,105.88,1.6053,0.6296,1.0
2000-01-05,1.0368,107.34,1.606,0.6324,1.0
2000-01-06,1.0388,108.72,1.6068,0.6302,1.0
2000-01-07,1.0284,108.09,1.6079,0.6262,1.0
2000-01-10,1.0229,107.26,1.6089,0.6249,1.0
2000-01-11,1.0256,108.85,1.6093,0.6251,1.0
2000-01-12,1.0308,109.1,1.6098,0.6253,1.0
2000-01-13,1.0276,108.89,1.6111,0.6255,1.0
2000-01-14,1.0225,108.05,1.613,0.6221,1.0
2000-01-17,1.0094,105.81,1.6136,0.618,1.0
2000-01-18,1.0093,106.42,1.6131,0.6174,1.0
2000-01-19,1.0105,106.99,1.612,0.6172,1.0
2000-01-20,1.0089,106.44,1.6147,0.6127,1.0
2000-01-21,1.0097,105.53,1.6102,0.6113,1.0
2000-01-24,1.0027,105.54,1.6136,0.6062,1.0
2000-01-25,1.0008,105.69,1.6121,0.6083,1.0
2000-01-26,1.0019,106.04,1.6116,0.6094,1.0
2000-01-27,0.9976,105.43,1.6113,0.6089,1.0
2000-01-28,0.9848,103.74,1.6121,0.6051,1.0
2000-01-31,0.9791,104.62,1.6091,0.6047,1.0
2000-02-01,0.971,104.62,1.6078,0.602,1.0
2000-02-02,0.9717,105.51,1.6101,0.6051,1.0
2000-02-03,0.9748,105.78,1.6083,0.6086,1.0
2000-02-04,0.9835,105.99,1.6077,0.6195,1.0
2000-02-07,0.9767,106.02,1.6065,0.6134,1.0
2000-02-08,0.9903,107.91,1.6074,0.6182,1.0
2000-02-09,0.9934,108.16,1.6092,0.6169,1.0
2000-02-10,0.9868,107.11,1.606,0.6126,1.0
2000-02-11,0.9801,107.42,1.6056,0.6136,1.0
2000-02-14,0.9867,106.85,1.6066,0.6201,1.0
2000-02-15,0.9778,106.46,1.6061,0.6159,1.0
2000-02-16,0.9804,106.97,1.6036,0.6129,1.0
2000-02-17,0.9919,109.3,1.6042,0.6158,1.0
2000-02-18,0.9857,109.27,1.6032,0.6144,1.0
2000-02-21,0.9857,109.73,1.6031,0.6161,1.0
2000-02-22,1.0022,111.11,1.6072,0.6226,1.0
2000-02-23,1.0068,111.88,1.6105,0.6252,1.0
2000-02-24,0.9898,109.55,1.6101,0.6188,1.0
2000-02-25,0.9813,108.79,1.6083,0.6155,1.0
2000-02-28,0.9639,105.22,1.6064,0.6072,1.0
2000-02-29,0.9714,106.81,1.6067,0.6134,1.0
2000-03-01,0.9667,104.65,1.6066,0.6123,1.0
2000-03-02,0.9725,104.38,1.6075,0.614,1.0
2000-03-03,0.9659,104.17,1.6063,0.6117,1.0
2000-03-06,0.964,103.47,1.6072,0.6111,1.0
2000-03-07,0.9593,103.0,1.6083,0.6096,1.0
2000-03-08,0.9543,102.24,1.6061,0.6043,1.0
2000-03-09,0.9616,102.44,1.6061,0.6086,1.0
2000-03-10,0.9613,102.27,1.6078,0.6095,1.0
2000-03-13,0.9716,102.23,1.6108,0.6146,1.0
2000-03-14,0.962,100.93,1.6114,0.6123,1.0
2000-03-15,0.9647,101.74,1.6115,0.614,1.0
2000-03-16,0.9663,101.73,1.6112,0.6155,1.0
2000-03-17,0.9672,102.31,1.6126,0.6146,1.0
2000-03-20,0.9715,103.71,1.6126,0.6201,1.0
2000-03-21,0.9701,103.46,1.6116,0.6176,1.0
2000-03-22,0.9603,102.88,1.6095,0.6125,1.0
2000-03-23,0.9656,103.88,1.6045,0.6104,1.0
2000-03-24,0.9715,104.09,1.5936,0.6115,1.0
2000-03-27,0.9712,103.77,1.5908,0.6087,1.0
2000-03-28,0.9647,102.59,1.5904,0.6088,1.0
2000-03-29,0.9568,100.77,1.5896,0.6032,1.0
2000-03-30,0.9555,100.35,1.5909,0.601,1.0
2000-03-31,0.9553,98.53,1.5907,0.5985,1.0
2000-04-03,0.9564,100.27,1.5886,0.6,1.0
2000-04-04,0.9538,100.74,1.5817,0.5971,1.0
2000-04-05,0.9673,101.71,1.5732,0.6088,1.0
2000-04-06,0.9625,101.04,1.5725,0.6075,1.0
2000-04-07,0.9564,100.71,1.5727,0.6047,1.0
2000-04-10,0.959,101.92,1.5731,0.6064,1.0
2000-04-11,0.9594,102.61,1.5718,0.6055,1.0
2000-04-12,0.9576,101.11,1.5745,0.6038,1.0
2000-04-13,0.9537,101.09,1.5738,0.5999,1.0
2000-04-14,0.954,100.86,1.5737,0.6016,1.0
2000-04-17,0.9573,99.4,1.5686,0.6026,1.0
2000-04-18,0.9497,98.97,1.571,0.6003,1.0
2000-04-19,0.9461,98.79,1.5748,0.5983,1.0
2000-04-20,0.9376,98.37,1.5727,0.5934,1.0
2000-04-21,,,,,1.0
2000-04-24,,,,,1.0
2000-04-25,0.9302,98.15,1.5712,0.5896,1.0
2000-04-26,0.9193,97.85,1.5721,0.5827,1.0
2000-04-27,0.9163,97.57,1.5742,0.5827,1.0
2000-04-28,0.9085,97.48,1.571,0.5794,1.0
2000-05-01,,,,,1.0
2000-05-02,0.9116,99.15,1.5599,0.5827,1.0
2000-05-03,0.8913,97.46,1.5411,0.5711,1.0
2000-05-04,0.8947,97.35,1.5472,0.5818,1.0
2000-05-05,0.8984,97.21,1.5467,0.5838,1.0
2000-05-08,0.8952,97.17,1.5494,0.5851,1.0
2000-05-09,0.8978,98.25,1.5481,0.5847,1.0
2000-05-10,0.9107,99.13,1.5604,0.5976,1.0
2000-05-11,0.9079,98.53,1.5559,0.6051,1.0
2000-05-12,0.9029,98.01,1.5528,0.596,1.0
2000-05-15,0.9147,100.07,1.5554,0.6045,1.0
2000-05-16,0.9065,98.89,1.5525,0.6045,1.0
2000-05-17,0.8922,97.98,1.5488,0.5987,1.0
2000-05-18,0.8942,97.6,1.5534,0.6039,1.0
2000-05-19,0.8875,95.69,1.5512,0.5988,1.0
2000-05-22,0.9,96.57,1.5527,0.605,1.0
2000-05-23,0.9111,97.3,1.5632,0.6151,1.0
2000-05-24,0.9098,97.58,1.5641,0.6165,1.0
2000-05-25,0.8981,96.81,1.5575,0.61,1.0
2000-05-26,0.9143,98.22,1.5642,0.6209,1.0
2000-05-29,0.9262,99.32,1.5677,0.6223,1.0
2000-05-30,0.9359,99.8,1.5718,0.6226,1.0
2000-05-31,0.9303,99.9,1.5716,0.6225,1.0
2000-06-01,0.933,101.41,1.574,0.624,1.0
2000-06-02,0.9355,101.62,1.5729,0.6251,1.0
2000-06-05,0.9433,101.51,1.5734,0.623,1.0
2000-06-06,0.9485,101.24,1.574,0.6264,1.0
2000-06-07,0.9554,101.0,1.5676,0.6276,1.0
2000-06-08,0.9668,102.12,1.5664,0.6359,1.0
2000-06-09,0.949,101.42,1.5661,0.631,1.0
2000-06-12,0.9527,101.55,1.5624,0.6303,1.0
2000-06-13,0.9583,102.05,1.5628,0.633,1.0
2000-06-14,0.9636,102.52,1.5651,0.6402,1.0
2000-06-15,0.9524,100.92,1.5648,0.6316,1.0
2000-06-16,0.9565,101.65,1.5611,0.6329,1.0
2000-06-19,0.964,101.86,1.5618,0.6373,1.0
2000-06-20,0.9538,100.62,1.5577,0.6326,1.0
2000-06-21,0.947,99.76,1.5522,0.6307,1.0
2000-06-22,0.9405,99.1,1.5451,0.6244,1.0
2000-06-23,0.9413,98.12,1.5521,0.625,1.0
2000-06-26,0.9327,98.38,1.5478,0.6215,1.0
2000-06-27,0.9401,99.16,1.5486,0.6281,1.0
2000-06-28,0.9415,99.56,1.5479,0.6253,1.0
2000-06-29,0.9504,99.56,1.5558,0.6257,1.0
2000-06-30,0.9556,100.57,1.5576,0.6323,1.0
2000-07-03,0.9493,100.58,1.5551,0.6281,1.0
2000-07-04,0.9487,100.78,1.5528,0.6271,1.0
2000-07-05,0.9537,101.73,1.5532,0.6313,1.0
2000-07-06,0.9542,102.44,1.5484,0.631,1.0
2000-07-07,0.9483,101.86,1.5458,0.6278,1.0
2000-07-10,0.9523,101.82,1.5461,0.628,1.0
2000-07-11,0.9527,101.77,1.5516,0.63,1.0
2000-07-12,0.9499,102.29,1.5523,0.627,1.0
2000-07-13,0.9349,100.12,1.5532,0.6224,1.0
2000-07-14,0.9344,100.82,1.5476,0.6227,1.0
2000-07-17,0.9352,101.65,1.5465,0.627,1.0
2000-07-18,0.9353,100.93,1.5502,0.6241,1.0
2000-07-19,0.9216,99.6,1.5473,0.6156,1.0
2000-07-20,0.922,99.74,1.5488,0.6165,1.0
2000-07-21,0.9363,101.53,1.5511,0.6185,1.0
2000-07-24,0.9332,101.64,1.5555,0.6151,1.0
2000-07-25,0.941,102.78,1.5538,0.6201,1.0
2000-07-26,0.939,102.43,1.5519,0.6189,1.0
2000-07-27,0.9389,102.26,1.5531,0.6198,1.0
2000-07-28,0.9276,101.29,1.5486,0.615,1.0
2000-07-31,0.9243,101.04,1.5477,0.6179,1.0
2000-08-01,0.9264,101.56,1.546,0.6172,1.0
2000-08-02,0.9142,99.8,1.5449,0.6143,1.0
2000-08-03,0.9028,97.85,1.5425,0.607,1.0
2000-08-04,0.9031,98.02,1.5464,0.6008,1.0
2000-08-07,0.9084,98.85,1.5474,0.6032,1.0
2000-08-08,0.9047,98.2,1.544,0.5996,1.0
2000-08-09,0.8973,96.81,1.5443,0.5978,1.0
2000-08-10,0.9031,97.93,1.5449,0.6018,1.0
2000-08-11,0.9132,99.31,1.5531,0.6061,1.0
2000-08-14,0.9011,98.58,1.5541,0.5984,1.0
2000-08-15,0.9118,99.78,1.5591,0.6059,1.0
2000-08-16,0.9072,98.45,1.559,0.6052,1.0
2000-08-17,0.914,99.12,1.5629,0.6096,1.0
2000-08-18,0.9127,99.42,1.5622,0.6099,1.0
2000-08-21,0.9023,97.63,1.5598,0.6051,1.0
2000-08-22,0.8972,97.27,1.5608,0.6038,1.0
2000-08-23,0.8918,95.7,1.5525,0.6027,1.0
2000-08-24,0.9012,96.64,1.5489,0.6087,1.0
2000-08-25,0.9021,96.61,1.5453,0.6122,1.0
2000-08-28,0.9007,95.88,1.5437,0.612,1.0
2000-08-29,0.8965,95.44,1.5447,0.6139,1.0
2000-08-30,0.8909,94.8,1.5483,0.6148,1.0
2000-08-31,0.8906,94.77,1.5498,0.6132,1.0
2000-09-01,0.8902,94.77,1.55,0.6135,1.0
2000-09-04,0.9,95.12,1.5532,0.6154,1.0
2000-09-05,0.8886,94.18,1.549,0.6124,1.0
2000-09-06,0.8818,93.27,1.5482,0.6087,1.0
2000-09-07,0.8676,91.21,1.5468,0.6047,1.0
2000-09-08,0.8735,92.25,1.549,0.6124,1.0
2000-09-11,0.8609,91.35,1.5298,0.6078,1.0
2000-09-12,0.8614,91.55,1.5218,0.6145,1.0
2000-09-13,0.8654,92.83,1.5286,0.6142,1.0
2000-09-14,0.8693,93.15,1.5265,0.6133,1.0
2000-09-15,0.8615,92.64,1.5278,0.6125,1.0
2000-09-18,0.8526,91.1,1.5235,0.6096,1.0
2000-09-19,0.8541,91.31,1.52,0.6084,1.0
2000-09-20,0.8476,90.3,1.5123,0.5989,1.0
2000-09-21,0.8524,90.72,1.51,0.6004,1.0
2000-09-22,0.889,95.75,1.5318,0.6063,1.0
2000-09-25,0.877,94.37,1.5221,0.6028,1.0
2000-09-26,0.8757,93.95,1.5188,0.6028,1.0
2000-09-27,0.8861,95.49,1.5254,0.6045,1.0
2000-09-28,0.8832,94.98,1.5257,0.6025,1.0
2000-09-29,0.8765,94.94,1.524,0.5967,1.0
2000-10-02,0.8802,95.49,1.5237,0.5991,1.0
2000-10-03,0.8763,95.14,1.517,0.6006,1.0
2000-10-04,0.873,95.31,1.5155,0.6003,1.0
2000-10-05,0.8786,95.95,1.5228,0.6027,1.0
2000-10-06,0.8703,94.82,1.5252,0.6014,1.0
2000-10-09,0.8695,94.75,1.5213,0.6006,1.0
2000-10-10,0.8721,94.2,1.5191,0.5992,1.0
2000-10-11,0.872,94.17,1.5109,0.5968,1.0
2000-10-12,0.8648,93.0,1.5115,0.5921,1.0
2000-10-13,0.8627,93.0,1.5067,0.5868,1.0
2000-10-16,0.8511,92.09,1.5122,0.5884,1.0
2000-10-17,0.8496,91.73,1.5123,0.5908,1.0
2000-10-18,0.8525,92.27,1.5086,0.5873,1.0
2000-10-19,0.8411,90.93,1.504,0.5826,1.0
2000-10-20,0.8452,92.06,1.5058,0.5832,1.0
2000-10-23,0.8377,91.0,1.5014,0.576,1.0
2000-10-24,0.8386,90.76,1.5016,0.577,1.0
2000-10-25,0.8307,89.8,1.5015,0.5771,1.0
2000-10-26,0.8252,89.3,1.5088,0.5807,1.0
2000-10-27,0.8324,90.53,1.5124,0.5804,1.0
2000-10-30,0.8482,92.21,1.5235,0.5812,1.0
2000-10-31,0.8417,91.88,1.521,0.5809,1.0
2000-11-01,0.8554,92.83,1.5279,0.5912,1.0
2000-11-02,0.8646,93.63,1.5288,0.5956,1.0
2000-11-03,0.873,93.63,1.53,0.6013,1.0
2000-11-06,0.8667,92.86,1.5252,0.5995,1.0
2000-11-07,0.8587,92.13,1.5214,0.601,1.0
2000-11-08,0.8559,92.22,1.5198,0.6006,1.0
2000-11-09,0.8531,91.55,1.5209,0.6017,1.0
2000-11-10,0.8673,93.42,1.5233,0.6059,1.0
2000-11-13,0.862,92.82,1.5215,0.6016,1.0
2000-11-14,0.8583,92.6,1.5194,0.5995,1.0
2000-11-15,0.8596,93.22,1.5228,0.6031,1.0
2000-11-16,0.8569,93.29,1.5272,0.6018,1.0
2000-11-17,0.8535,92.95,1.5244,0.5999,1.0
2000-11-20,0.8488,92.7,1.5291,0.5955,1.0
2000-11-21,0.8474,93.28,1.5216,0.5968,1.0
2000-11-22,0.8429,92.46,1.5204,0.5959,1.0
2000-11-23,0.8427,92.9,1.5191,0.6,1.0
2000-11-24,0.8436,93.78,1.5205,0.5994,1.0
2000-11-27,0.8406,93.44,1.5152,0.5966,1.0
2000-11-28,0.8561,94.54,1.5148,0.6019,1.0
2000-11-29,0.865,95.01,1.5134,0.6069,1.0
2000-11-30,0.8684,96.44,1.5095,0.6128,1.0
2000-12-01,0.8735,97.75,1.5134,0.6095,1.0
2000-12-04,0.8908,98.6,1.5166,0.6137,1.0
2000-12-05,0.881,97.52,1.5095,0.6101,1.0
2000-12-06,0.8828,97.76,1.5116,0.6152,1.0
2000-12-07,0.8943,98.9,1.5152,0.6192,1.0
2000-12-08,0.8895,98.75,1.5128,0.6128,1.0
2000-12-11,0.8804,97.53,1.5091,0.6049,1.0
2000-12-12,0.8782,97.89,1.504,0.6064,1.0
2000-12-13,0.8748,98.4,1.5036,0.604,1.0
2000-12-14,0.8839,99.55,1.5055,0.603,1.0
2000-12-15,0.8984,100.93,1.5086,0.6088,1.0
2000-12-18,0.8966,100.54,1.5055,0.6074,1.0
2000-12-19,0.8903,99.96,1.5064,0.6072,1.0
2000-12-20,0.9059,102.05,1.5162,0.6173,1.0
2000-12-21,0.9146,102.37,1.5244,0.618,1.0
2000-12-22,0.924,103.78,1.522,0.6242,1.0
2000-12-25,,,,,1.0
2000-12-26,,,,,1.0
2000-12-27,0.931,106.08,1.5243,0.6254,1.0
2000-12-28,0.9285,106.4,1.5276,0.6238,1.0
2000-12-29,0.9305,106.92,1.5232,0.6241,1.0
2001-01-01,,,,,1.0
2001-01-02,0.9423,108.26,1.5218,0.6315,1.0
2001-01-03,0.953,108.88,1.522,0.6325,1.0
2001-01-04,0.9458,108.25,1.5217,0.6326,1.0
2001-01-05,0.9545,111.22,1.529,0.6349,1.0
2001-01-08,0.9497,110.55,1.5271,0.6328,1.0
2001-01-09,0.9401,108.78,1.5232,0.6314,1.0
2001-01-10,0.9412,109.33,1.5243,0.6308,1.0
2001-01-11,0.9523,111.75,1.5324,0.635,1.0
2001-01-12,0.9545,112.35,1.541,0.6408,1.0
2001-01-15,0.9428,111.92,1.5427,0.6388,1.0
2001-01-16,0.9412,111.27,1.5385,0.6407,1.0
2001-01-17,0.9396,110.6,1.5374,0.6366,1.0
2001-01-18,0.9404,111.28,1.5283,0.6385,1.0
2001-01-19,0.94,110.66,1.5268,0.638,1.0
2001-01-22,0.929,108.28,1.534,0.639,1.0
2001-01-23,0.9407,110.22,1.5316,0.6388,1.0
2001-01-24,0.9294,109.79,1.5323,0.6341,1.0
2001-01-25,0.9146,107.15,1.5247,0.6304,1.0
2001-01-26,0.9228,107.69,1.5278,0.6315,1.0
2001-01-29,0.9193,107.15,1.5228,0.6304,1.0
2001-01-30,0.9197,107.38,1.5204,0.6298,1.0
2001-01-31,0.9293,107.87,1.5302,0.6367,1.0
2001-02-01,0.9406,108.7,1.5327,0.6371,1.0
2001-02-02,0.9407,108.43,1.5377,0.6364,1.0
2001-02-05,0.9425,108.78,1.5383,0.6387,1.0
2001-02-06,0.9322,107.05,1.5385,0.6366,1.0
2001-02-07,0.9325,108.36,1.5392,0.6384,1.0
2001-02-08,0.922,106.97,1.5312,0.6355,1.0
2001-02-09,0.9227,108.3,1.5348,0.6382,1.0
2001-02-12,0.9288,109.22,1.5369,0.6398,1.0
2001-02-13,0.9275,108.59,1.5372,0.6376,1.0
2001-02-14,0.9178,106.61,1.5355,0.6306,1.0
2001-02-15,0.909,105.51,1.5315,0.6279,1.0
2001-02-16,0.9113,104.88,1.537,0.6284,1.0
2001-02-19,0.9213,106.71,1.5362,0.6344,1.0
2001-02-20,0.907,104.86,1.5351,0.6314,1.0
2001-02-21,0.9146,106.69,1.5361,0.6335,1.0
2001-02-22,0.9056,105.33,1.5317,0.627,1.0
2001-02-23,0.9064,105.7,1.5334,0.6265,1.0
2001-02-26,0.9105,106.07,1.5337,0.6283,1.0
2001-02-27,0.9163,106.41,1.5368,0.6349,1.0
2001-02-28,0.9248,108.45,1.5416,0.6387,1.0
2001-03-01,0.9269,108.72,1.5411,0.6392,1.0
2001-03-02,0.9363,111.55,1.5379,0.6356,1.0
2001-03-05,0.9305,111.14,1.5376,0.633,1.0
2001-03-06,0.9279,109.89,1.5373,0.6323,1.0
2001-03-07,0.9307,111.38,1.5372,0.6358,1.0
2001-03-08,0.9312,111.38,1.5418,0.6344,1.0
2001-03-09,0.9357,111.71,1.5431,0.6374,1.0
2001-03-12,0.9272,111.44,1.5413,0.6336,1.0
2001-03-13,0.9202,110.27,1.5374,0.6341,1.0
2001-03-14,0.9182,110.06,1.5361,0.6304,1.0
2001-03-15,0.9064,110.53,1.5387,0.6285,1.0
2001-03-16,0.8947,109.85,1.5367,0.6251,1.0
2001-03-19,0.8996,109.83,1.5354,0.6292,1.0
2001-03-20,0.902,110.64,1.5318,0.6313,1.0
2001-03-21,0.899,111.25,1.5338,0.6293,1.0
2001-03-22,0.8889,110.25,1.5283,0.6257,1.0
2001-03-23,0.8922,109.69,1.5319,0.6258,1.0
2001-03-26,0.8935,110.08,1.5328,0.6231,1.0
2001-03-27,0.8952,110.16,1.5347,0.624,1.0
2001-03-28,0.886,107.81,1.5304,0.6194,1.0
2001-03-29,0.884,108.96,1.5278,0.6148,1.0
2001-03-30,0.8832,110.74,1.5271,0.6192,1.0
2001-04-02,0.8772,110.83,1.5264,0.618,1.0
2001-04-03,0.8845,111.36,1.5272,0.6212,1.0
2001-04-04,0.9032,113.52,1.5264,0.6289,1.0
2001-04-05,0.902,112.04,1.5291,0.6282,1.0
2001-04-06,0.894,111.38,1.5276,0.6265,1.0
2001-04-09,0.9018,112.8,1.5293,0.6243,1.0
2001-04-10,0.8945,111.34,1.5275,0.6199,1.0
2001-04-11,0.884,109.8,1.5224,0.6179,1.0
2001-04-12,0.8849,109.0,1.5184,0.6173,1.0
2001-04-13,,,,,1.0
2001-04-16,,,,,1.0
2001-04-17,0.8791,108.75,1.5225,0.6131,1.0
2001-04-18,0.8778,107.82,1.5285,0.6156,1.0
2001-04-19,0.8827,107.49,1.529,0.6172,1.0
2001-04-20,0.8989,110.18,1.5311,0.6235,1.0
2001-04-23,0.9002,109.71,1.5311,0.6246,1.0
2001-04-24,0.8973,109.14,1.5282,0.6236,1.0
2001-04-25,0.8947,109.55,1.532,0.6227,1.0
2001-04-26,0.9013,110.36,1.5334,0.6246,1.0
2001-04-27,0.9023,112.01,1.5378,0.6254,1.0
2001-04-30,0.8876,109.67,1.5366,0.6195,1.0
2001-05-01,,,,,1.0
2001-05-02,0.8907,108.81,1.5416,0.6225,1.0
2001-05-03,0.8903,108.24,1.5419,0.6222,1.0
2001-05-04,0.8939,108.19,1.5434,0.6226,1.0
2001-05-07,0.8919,108.2,1.5432,0.62,1.0
2001-05-08,0.8866,108.21,1.5419,0.6185,1.0
2001-05-09,0.8827,107.5,1.5401,0.6213,1.0
2001-05-10,0.885,108.17,1.5404,0.6223,1.0
2001-05-11,0.8773,107.35,1.5353,0.6181,1.0
2001-05-14,0.8745,107.62,1.5327,0.6172,1.0
2001-05-15,0.8768,108.35,1.5319,0.6185,1.0
2001-05-16,0.8834,109.26,1.5329,0.6193,1.0
2001-05-17,0.8815,108.58,1.533,0.6165,1.0
2001-05-18,0.8777,108.35,1.5341,0.6137,1.0
2001-05-21,0.8754,107.79,1.5316,0.609,1.0
2001-05-22,0.8685,106.96,1.5317,0.6069,1.0
2001-05-23,0.8585,104.01,1.5269,0.6037,1.0
2001-05-24,0.8604,103.15,1.5269,0.6077,1.0
2001-05-25,0.8591,103.54,1.5272,0.6045,1.0
2001-05-28,0.8584,103.98,1.5272,0.6048,1.0
2001-05-29,0.8552,102.88,1.526,0.6032,1.0
2001-05-30,0.8558,102.77,1.5252,0.6024,1.0
2001-05-31,0.848,101.0,1.5206,0.5973,1.0
2001-06-01,0.8478,100.62,1.5209,0.5978,1.0
2001-06-04,0.8513,101.9,1.5218,0.6004,1.0
2001-06-05,0.8465,101.44,1.5142,0.5998,1.0
2001-06-06,0.8543,103.13,1.5181,0.6087,1.0
2001-06-07,0.8466,101.7,1.5236,0.6124,1.0
2001-06-08,0.8468,102.14,1.5219,0.6128,1.0
2001-06-11,0.8494,103.39,1.5228,0.6136,1.0
2001-06-12,0.8474,103.16,1.5222,0.6152,1.0
2001-06-13,0.8542,104.28,1.528,0.6203,1.0
2001-06-14,0.8492,103.52,1.5254,0.6114,1.0
2001-06-15,0.8662,104.74,1.5255,0.615,1.0
2001-06-18,0.8581,105.71,1.5292,0.6124,1.0
2001-06-19,0.8563,105.43,1.53,0.6132,1.0
2001-06-20,0.8513,105.0,1.5248,0.611,1.0
2001-06-21,0.8552,106.12,1.5204,0.6064,1.0
2001-06-22,0.8528,105.98,1.5168,0.6037,1.0
2001-06-25,0.8607,106.71,1.5202,0.6082,1.0
2001-06-26,0.8611,106.71,1.5222,0.609,1.0
2001-06-27,0.8622,107.05,1.5223,0.6091,1.0
2001-06-28,0.8511,106.15,1.5193,0.6035,1.0
2001-06-29,0.848,105.37,1.5228,0.6031,1.0
2001-07-02,0.8455,105.16,1.5209,0.598,1.0
2001-07-03,0.8497,105.43,1.5236,0.6019,1.0
2001-07-04,0.8453,105.16,1.5194,0.6026,1.0
2001-07-05,0.8422,105.74,1.5216,0.599,1.0
2001-07-06,0.8384,105.65,1.522,0.5996,1.0
2001-07-09,0.8459,106.19,1.5196,0.6014,1.0
2001-07-10,0.8545,107.28,1.5238,0.6052,1.0
2001-07-11,0.8611,107.21,1.5194,0.6078,1.0
2001-07-12,0.8538,106.16,1.5138,0.6071,1.0
2001-07-13,0.8539,106.12,1.5118,0.6091,1.0
2001-07-16,0.8583,107.45,1.5135,0.6126,1.0
2001-07-17,0.8516,106.65,1.5121,0.6088,1.0
2001-07-18,0.863,107.8,1.504,0.6127,1.0
2001-07-19,0.8723,107.7,1.507,0.615,1.0
2001-07-20,0.8776,108.36,1.5078,0.6118,1.0
2001-07-23,0.8676,107.62,1.5055,0.6097,1.0
2001-07-24,0.8708,108.07,1.5064,0.6139,1.0
2001-07-25,0.8793,108.9,1.5054,0.6157,1.0
2001-07-26,0.8764,108.58,1.5107,0.6146,1.0
2001-07-27,0.8768,108.65,1.5081,0.6141,1.0
2001-07-30,0.8751,109.45,1.5114,0.6136,1.0
2001-07-31,0.8755,109.3,1.5102,0.6143,1.0
2001-08-01,0.8817,109.85,1.5106,0.6156,1.0
2001-08-02,0.8788,109.02,1.5094,0.6145,1.0
2001-08-03,0.8806,109.05,1.5076,0.6164,1.0
2001-08-06,0.8805,109.08,1.5076,0.619,1.0
2001-08-07,0.8768,108.74,1.506,0.6195,1.0
2001-08-08,0.8763,107.94,1.5059,0.6187,1.0
2001-08-09,0.8853,109.16,1.5057,0.6234,1.0
2001-08-10,0.8936,109.31,1.5117,0.6269,1.0
2001-08-13,0.8991,109.33,1.5139,0.6312,1.0
2001-08-14,0.8968,110.04,1.5155,0.6312,1.0
2001-08-15,0.9114,109.62,1.5184,0.6344,1.0
2001-08-16,0.9144,109.66,1.5193,0.6328,1.0
2001-08-17,0.9138,110.34,1.5183,0.6327,1.0
2001-08-20,0.9149,110.18,1.5187,0.633,1.0
2001-08-21,0.9128,109.4,1.5166,0.6304,1.0
2001-08-22,0.9216,110.39,1.5199,0.6326,1.0
2001-08-23,0.9112,109.65,1.5194,0.6306,1.0
2001-08-24,0.9108,109.56,1.5193,0.6317,1.0
2001-08-27,0.909,109.18,1.5194,0.6307,1.0
2001-08-28,0.9042,108.75,1.5166,0.6281,1.0
2001-08-29,0.9122,108.94,1.5168,0.6269,1.0
2001-08-30,0.9095,108.95,1.5171,0.6257,1.0
2001-08-31,0.9158,108.65,1.5165,0.6285,1.0
2001-09-03,0.9072,107.92,1.5156,0.6235,1.0
2001-09-04,0.897,107.1,1.5151,0.6197,1.0
2001-09-05,0.8891,106.93,1.5101,0.6148,1.0
2001-09-06,0.8855,107.36,1.5115,0.6109,1.0
2001-09-07,0.8952,108.32,1.5118,0.6161,1.0
2001-09-10,0.9047,109.05,1.5145,0.6172,1.0
2001-09-11,0.8964,109.3,1.5146,0.6156,1.0
2001-09-12,0.9052,108.15,1.503,0.6176,1.0
2001-09-13,0.906,107.88,1.504,0.6169,1.0
2001-09-14,0.9219,108.33,1.4984,0.6247,1.0
2001-09-17,0.9269,108.61,1.488,0.6304,1.0
2001-09-18,0.9256,108.5,1.4788,0.6304,1.0
2001-09-19,0.9258,108.84,1.4835,0.6323,1.0
2001-09-20,0.9259,108.15,1.4735,0.632,1.0
2001-09-21,0.92,107.18,1.4464,0.6301,1.0
2001-09-24,0.9164,107.47,1.4602,0.6266,1.0
2001-09-25,0.9176,107.53,1.46,0.6275,1.0
2001-09-26,0.9219,108.62,1.4795,0.6255,1.0
2001-09-27,0.9205,109.75,1.4811,0.6244,1.0
2001-09-28,0.9131,109.02,1.4761,0.622,1.0
2001-10-01,0.9125,109.2,1.4799,0.6174,1.0
2001-10-02,0.9189,110.73,1.4803,0.6208,1.0
2001-10-03,0.9209,111.54,1.4844,0.6245,1.0
2001-10-04,0.9117,109.95,1.4856,0.6192,1.0
2001-10-05,0.9174,110.31,1.4874,0.6204,1.0
2001-10-08,0.9214,110.35,1.4762,0.6251,1.0
2001-10-09,0.9193,110.61,1.4814,0.6257,1.0
2001-10-10,0.9136,109.63,1.4826,0.6286,1.0
2001-10-11,0.9062,109.55,1.4852,0.6252,1.0
2001-10-12,0.904,109.65,1.4825,0.6248,1.0
2001-10-15,0.9097,109.8,1.4776,0.6273,1.0
2001-10-16,0.9052,110.05,1.4809,0.6262,1.0
2001-10-17,0.9022,109.75,1.484,0.6241,1.0
2001-10-18,0.9026,109.23,1.478,0.6249,1.0
2001-10-19,0.9009,109.1,1.4777,0.6249,1.0
2001-10-22,0.8969,109.18,1.4754,0.627,1.0
2001-10-23,0.8887,109.03,1.4791,0.6258,1.0
2001-10-24,0.8917,109.48,1.4798,0.6257,1.0
2001-10-25,0.8889,109.56,1.4779,0.624,1.0
2001-10-26,0.8911,109.25,1.4746,0.6234,1.0
2001-10-29,0.9005,109.94,1.4738,0.621,1.0
2001-10-30,0.9064,110.42,1.4703,0.6232,1.0
2001-10-31,0.9042,110.37,1.4682,0.6213,1.0
2001-11-01,0.9097,110.72,1.4725,0.6206,1.0
2001-11-02,0.9056,110.05,1.4741,0.6183,1.0
2001-11-05,0.8961,109.3,1.4713,0.6162,1.0
2001-11-06,0.8961,108.46,1.4715,0.6152,1.0
2001-11-07,0.9014,108.98,1.4704,0.6155,1.0
2001-11-08,0.8972,108.25,1.4679,0.6128,1.0
2001-11-09,0.893,107.47,1.4667,0.6144,1.0
2001-11-12,0.8919,107.66,1.4634,0.61355,1.0
2001-11-13,0.8842,107.14,1.4655,0.6125,1.0
2001-11-14,0.8803,107.2,1.4701,0.6126,1.0
2001-11-15,0.8825,107.91,1.4709,0.6149,1.0
2001-11-16,0.8845,108.46,1.4674,0.6175,1.0
2001-11-19,0.8793,108.48,1.4651,0.6186,1.0
2001-11-20,0.8824,108.47,1.458,0.6227,1.0
2001-11-21,0.8791,108.02,1.4573,0.6194,1.0
2001-11-22,0.8778,108.66,1.4594,0.6211,1.0
2001-11-23,0.8795,109.1,1.4617,0.6219,1.0
2001-11-26,0.8818,109.33,1.4663,0.622,1.0
2001-11-27,0.8788,108.99,1.4641,0.6236,1.0
2001-11-28,0.8831,108.94,1.4586,0.6235,1.0
2001-11-29,0.8887,109.23,1.4635,0.6236,1.0
2001-11-30,0.8898,110.06,1.4724,0.6238,1.0
2001-12-03,0.8925,110.21,1.4732,0.6275,1.0
2001-12-04,0.8902,110.5,1.4726,0.6259,1.0
2001-12-05,0.8919,110.84,1.4747,0.627,1.0
2001-12-06,0.8889,110.72,1.4741,0.62555,1.0
2001-12-07,0.8911,111.5,1.4787,0.6241,1.0
2001-12-10,0.885,111.82,1.4806,0.6198,1.0
2001-12-11,0.8908,112.3,1.4792,0.621,1.0
2001-12-12,0.8938,112.6,1.4739,0.6207,1.0
2001-12-13,0.8975,113.29,1.473,0.6209,1.0
2001-12-14,0.9016,115.05,1.4737,0.6217,1.0
2001-12-17,0.9049,115.68,1.4772,0.6213,1.0
2001-12-18,0.9012,115.26,1.4744,0.6189,1.0
2001-12-19,0.8983,114.68,1.4734,0.6197,1.0
2001-12-20,0.8973,115.05,1.4675,0.6203,1.0
2001-12-21,0.8943,115.88,1.4642,0.6176,1.0
2001-12-24,0.8798,114.23,1.4721,0.6127,1.0
2001-12-25,,,,,1.0
2001-12-26,,,,,1.0
2001-12-27,0.8823,115.9,1.4835,0.609,1.0
2001-12-28,0.8813,115.33,1.4829,0.6085,1.0
2001-12-31,,,,,1.0
2002-01-01,,,,,1.0
2002-01-02,0.9038,119.53,1.4833,0.6262,1.0
2002-01-03,0.9036,119.02,1.4856,0.6254,1.0
2002-01-04,0.8954,117.18,1.4789,0.6217,1.0
2002-01-07,0.8905,116.72,1.4719,0.6194,1.0
2002-01-08,0.8909,118.22,1.4703,0.6182,1.0
2002-01-09,0.8921,118.05,1.4791,0.61875,1.0
2002-01-10,0.8909,117.96,1.4833,0.6172,1.0
2002-01-11,0.8919,117.82,1.4795,0.6179,1.0
2002-01-14,0.8927,117.64,1.4791,0.6157,1.0
2002-01-15,0.8922,116.97,1.4791,0.6165,1.0
2002-01-16,0.8817,115.83,1.4705,0.6135,1.0
2002-01-17,0.8819,116.47,1.4659,0.6144,1.0
2002-01-18,0.881,117.08,1.4698,0.6141,1.0
2002-01-21,0.884,117.24,1.4692,0.6156,1.0
2002-01-22,0.883,118.53,1.4686,0.6184,1.0
2002-01-23,0.8856,118.72,1.4737,0.6203,1.0
2002-01-24,0.8767,117.95,1.4687,0.6169,1.0
2002-01-25,0.8663,116.35,1.4716,0.6126,1.0
2002-01-28,0.8578,114.91,1.4736,0.6096,1.0
2002-01-29,0.8624,114.94,1.4717,0.6106,1.0
2002-01-30,0.8642,114.69,1.4709,0.611,1.0
2002-01-31,0.8637,114.73,1.4748,0.6111,1.0
2002-02-01,0.8632,115.66,1.4781,0.61,1.0
2002-02-04,0.8644,115.22,1.4805,0.6097,1.0
2002-02-05,0.8683,115.68,1.4751,0.6115,1.0
2002-02-06,0.8664,115.55,1.4703,0.6122,1.0
2002-02-07,0.8664,115.74,1.4722,0.6149,1.0
2002-02-08,0.874,117.46,1.4722,0.6183,1.0
2002-02-11,0.8794,117.76,1.4781,0.6176,1.0
2002-02-12,0.8753,116.95,1.4766,0.6136,1.0
2002-02-13,0.8731,115.65,1.4776,0.6102,1.0
2002-02-14,0.8693,114.91,1.4828,0.6093,1.0
2002-02-15,0.8705,115.61,1.4813,0.6095,1.0
2002-02-18,0.8715,115.68,1.4804,0.6098,1.0
2002-02-19,0.8692,116.3,1.4786,0.6101,1.0
2002-02-20,0.8743,116.9,1.4812,0.6114,1.0
2002-02-21,0.8701,116.79,1.4793,0.6105,1.0
2002-02-22,0.8747,117.07,1.4796,0.6117,1.0
2002-02-25,0.8724,116.66,1.4772,0.6114,1.0
2002-02-26,0.8682,116.38,1.4761,0.6092,1.0
2002-02-27,0.8649,116.6,1.4767,0.61,1.0
2002-02-28,0.8651,116.07,1.4759,0.61115,1.0
2002-03-01,0.8679,115.69,1.4759,0.6103,1.0
2002-03-04,0.8649,114.4,1.4779,0.6097,1.0
2002-03-05,0.8682,114.46,1.4766,0.6109,1.0
2002-03-06,0.8712,114.86,1.4767,0.6125,1.0
2002-03-07,0.8764,112.96,1.4719,0.6165,1.0
2002-03-08,0.8797,112.5,1.4708,0.6162,1.0
2002-03-11,0.8741,112.52,1.4716,0.6153,1.0
2002-03-12,0.8733,112.4,1.4678,0.6177,1.0
2002-03-13,0.8734,113.02,1.4681,0.6192,1.0
2002-03-14,0.8803,113.25,1.4655,0.6209,1.0
2002-03-15,0.8853,114.12,1.4617,0.6213,1.0
2002-03-18,0.8792,115.31,1.4633,0.6174,1.0
2002-03-19,0.8829,115.97,1.4661,0.6181,1.0
2002-03-20,0.8814,115.72,1.4642,0.6196,1.0
2002-03-21,0.8817,116.56,1.4633,0.618,1.0
2002-03-22,0.8795,116.76,1.4602,0.6169,1.0
2002-03-25,0.8759,116.66,1.4608,0.6135,1.0
2002-03-26,0.8737,116.32,1.4614,0.6138,1.0
2002-03-27,0.8746,115.92,1.4656,0.6139,1.0
2002-03-28,0.8724,115.51,1.467,0.613,1.0
2002-03-29,,,,,1.0
2002-04-01,,,,,1.0
2002-04-02,0.8786,117.2,1.4625,0.6109,1.0
2002-04-03,0.8803,116.87,1.4627,0.6121,1.0
2002-04-04,0.8818,116.68,1.4617,0.6139,1.0
2002-04-05,0.8786,115.98,1.4658,0.6125,1.0
2002-04-08,0.8778,115.61,1.4637,0.6118,1.0
2002-04-09,0.8763,115.29,1.4665,0.6123,1.0
2002-04-10,0.8798,114.74,1.4666,0.6123,1.0
2002-04-11,0.8794,115.8,1.4674,0.6127,1.0
2002-04-12,0.8803,116.28,1.4656,0.6125,1.0
2002-04-15,0.8802,115.79,1.4674,0.6124,1.0
2002-04-16,0.8803,115.73,1.4695,0.6126,1.0
2002-04-17,0.888,115.97,1.4707,0.6148,1.0
2002-04-18,0.8895,116.09,1.4685,0.6154,1.0
2002-04-19,0.8886,115.92,1.4673,0.6144,1.0
2002-04-22,0.8882,115.36,1.4667,0.6138,1.0
2002-04-23,0.8872,115.42,1.4684,0.6132,1.0
2002-04-24,0.8892,115.43,1.4656,0.615,1.0
2002-04-25,0.8969,115.27,1.4647,0.6178,1.0
2002-04-26,0.8971,115.22,1.4644,0.6177,1.0
2002-04-29,0.9038,115.69,1.4637,0.6186,1.0
2002-04-30,0.9008,115.66,1.4621,0.6188,1.0
2002-05-01,,,,,1.0
2002-05-02,0.9032,115.51,1.4564,0.6179,1.0
2002-05-03,0.9083,115.55,1.4548,0.6192,1.0
2002-05-06,0.9144,116.34,1.4563,0.623,1.0
2002-05-07,0.9125,116.97,1.4592,0.623,1.0
2002-05-08,0.9088,116.86,1.4563,0.6227,1.0
2002-05-09,0.9061,116.6,1.4547,0.6221,1.0
2002-05-10,0.9118,116.6,1.4547,0.6239,1.0
2002-05-13,0.9118,116.42,1.4543,0.6244,1.0
2002-05-14,0.9062,116.17,1.4554,0.624,1.0
2002-05-15,0.903,115.83,1.4562,0.6228,1.0
2002-05-16,0.9124,116.3,1.4559,0.6253,1.0
2002-05-17,0.9152,115.65,1.4568,0.6279,1.0
2002-05-20,0.9202,115.59,1.4538,0.6302,1.0
2002-05-21,0.9213,115.02,1.4525,0.6321,1.0
2002-05-22,0.926,115.15,1.4526,0.634,1.0
2002-05-23,0.9213,115.28,1.4537,0.6323,1.0
2002-05-24,0.9188,114.94,1.458,0.6327,1.0
2002-05-27,0.919,114.83,1.459,0.6318,1.0
2002-05-28,0.9255,115.31,1.4627,0.6344,1.0
2002-05-29,0.932,115.87,1.4658,0.6373,1.0
2002-05-30,0.9375,115.76,1.4657,0.6395,1.0
2002-05-31,0.9387,116.39,1.4644,0.6405,1.0
2002-06-03,0.9313,115.67,1.4673,0.6402,1.0
2002-06-04,0.9435,116.44,1.4682,0.645,1.0
2002-06-05,0.9371,116.55,1.4704,0.643,1.0
2002-06-06,0.9386,117.13,1.4744,0.6438,1.0
2002-06-07,0.9452,117.56,1.471,0.6465,1.0
2002-06-10,0.9459,117.93,1.4725,0.6473,1.0
2002-06-11,0.9417,118.14,1.4752,0.643,1.0
2002-06-12,0.9452,118.73,1.4774,0.6431,1.0
2002-06-13,0.9417,118.24,1.4762,0.6404,1.0
2002-06-14,0.9478,117.75,1.4752,0.642,1.0
2002-06-17,0.9426,117.1,1.4765,0.6386,1.0
2002-06-18,0.9484,118.13,1.4762,0.6393,1.0
2002-06-19,0.9561,118.37,1.474,0.6408,1.0
2002-06-20,0.9592,118.68,1.47,0.6422,1.0
2002-06-21,0.9636,117.92,1.4693,0.6444,1.0
2002-06-24,0.9781,118.62,1.4694,0.6501,1.0
2002-06-25,0.9712,118.2,1.4688,0.6464,1.0
2002-06-26,0.9917,118.54,1.4658,0.6491,1.0
2002-06-27,0.9824,118.07,1.4722,0.646,1.0
2002-06-28,0.9975,118.2,1.4721,0.6498,1.0
2002-07-01,0.9913,118.72,1.4699,0.6469,1.0
2002-07-02,0.9838,118.51,1.4663,0.6432,1.0
2002-07-03,0.978,117.44,1.462,0.6421,1.0
2002-07-04,0.979,117.46,1.4646,0.6414,1.0
2002-07-05,0.9725,116.98,1.4659,0.6412,1.0
2002-07-08,0.9828,116.8,1.4688,0.6422,1.0
2002-07-09,0.993,117.32,1.4721,0.6425,1.0
2002-07-10,0.9898,116.7,1.4719,0.6396,1.0
2002-07-11,0.9836,115.43,1.4673,0.6379,1.0
2002-07-12,0.9873,115.62,1.4681,0.6382,1.0
2002-07-15,1.0024,116.22,1.4694,0.6413,1.0
2002-07-16,1.0127,117.18,1.4675,0.6438,1.0
2002-07-17,1.0064,117.39,1.466,0.6432,1.0
2002-07-18,1.0058,117.7,1.4642,0.6428,1.0
2002-07-19,1.0146,117.74,1.4635,0.643,1.0
2002-07-22,1.0086,117.33,1.4559,0.6411,1.0
2002-07-23,0.991,116.37,1.4549,0.6329,1.0
2002-07-24,0.9915,115.72,1.4517,0.6331,1.0
2002-07-25,1.0014,116.8,1.4494,0.636,1.0
2002-07-26,1.0008,117.55,1.4502,0.6337,1.0
2002-07-29,0.9821,117.42,1.4529,0.6285,1.0
2002-07-30,0.9835,117.64,1.4579,0.6294,1.0
2002-07-31,0.9783,117.42,1.4546,0.6261,1.0
2002-08-01,0.976,116.94,1.4505,0.6274,1.0
2002-08-02,0.9873,117.62,1.4504,0.6295,1.0
2002-08-05,0.9836,117.1,1.4543,0.6297,1.0
2002-08-06,0.9689,117.12,1.4546,0.6279,1.0
2002-08-07,0.9698,116.89,1.459,0.6311,1.0
2002-08-08,0.9687,116.92,1.4621,0.6335,1.0
2002-08-09,0.9729,117.17,1.4588,0.6355,1.0
2002-08-12,0.978,116.53,1.4618,0.6386,1.0
2002-08-13,0.9799,116.54,1.4644,0.6391,1.0
2002-08-14,0.9857,114.9,1.4596,0.6394,1.0
2002-08-15,0.9777,114.82,1.4626,0.6381,1.0
2002-08-16,0.9825,115.37,1.4645,0.6403,1.0
2002-08-19,0.9799,116.15,1.4673,0.638,1.0
2002-08-20,0.9792,116.3,1.4694,0.6416,1.0
2002-08-21,0.9762,115.81,1.4692,0.6406,1.0
2002-08-22,0.977,116.24,1.4691,0.6395,1.0
2002-08-23,0.9697,116.3,1.4724,0.6384,1.0
2002-08-26,0.9701,116.13,1.4699,0.6382,1.0
2002-08-27,0.9774,115.46,1.4697,0.64,1.0
2002-08-28,0.9826,116.02,1.4706,0.6394,1.0
2002-08-29,0.9843,116.04,1.4702,0.6383,1.0
2002-08-30,0.9833,116.35,1.4694,0.6352,1.0
2002-09-02,0.9821,116.08,1.4714,0.6343,1.0
2002-09-03,0.991,116.23,1.4698,0.6363,1.0
2002-09-04,0.9947,117.05,1.4646,0.6354,1.0
2002-09-05,0.9975,117.34,1.4582,0.6354,1.0
2002-09-06,0.9918,117.32,1.459,0.63255,1.0
2002-09-09,0.9794,116.79,1.4576,0.6287,1.0
2002-09-10,0.976,116.44,1.4603,0.6281,1.0
2002-09-11,0.9749,116.93,1.4624,0.6264,1.0
2002-09-12,0.9757,117.17,1.4656,0.6274,1.0
2002-09-13,0.981,117.94,1.4679,0.6286,1.0
2002-09-16,0.9683,118.3,1.4684,0.628,1.0
2002-09-17,0.9649,118.64,1.4717,0.6297,1.0
2002-09-18,0.9725,118.5,1.469,0.6316,1.0
2002-09-19,0.9814,118.85,1.4678,0.6314,1.0
2002-09-20,0.979,120.66,1.4662,0.6333,1.0
2002-09-23,0.9831,121.04,1.4636,0.6319,1.0
2002-09-24,0.9828,121.02,1.4626,0.6311,1.0
2002-09-25,0.9771,119.99,1.4645,0.6271,1.0
2002-09-26,0.9796,120.22,1.4644,0.6274,1.0
2002-09-27,0.9779,119.81,1.4666,0.6282,1.0
2002-09-30,0.986,119.67,1.4611,0.6295,1.0
2002-10-01,0.9861,120.67,1.4574,0.6277,1.0
2002-10-02,0.9835,120.94,1.4604,0.6279,1.0
2002-10-03,0.989,121.47,1.4597,0.6296,1.0
2002-10-04,0.9865,121.11,1.4618,0.629,1.0
2002-10-07,0.9808,121.84,1.4621,0.6265,1.0
2002-10-08,0.98,121.73,1.4671,0.6266,1.0
2002-10-09,0.9814,121.89,1.4666,0.6318,1.0
2002-10-10,0.9875,122.08,1.4626,0.6317,1.0
2002-10-11,0.9857,122.53,1.4636,0.6321,1.0
2002-10-14,0.9873,122.57,1.4622,0.6322,1.0
2002-10-15,0.981,122.56,1.4672,0.631,1.0
2002-10-16,0.9823,121.86,1.4681,0.6318,1.0
2002-10-17,0.9763,121.34,1.4669,0.62665,1.0
2002-10-18,0.9735,121.83,1.4682,0.6283,1.0
2002-10-21,0.9748,121.53,1.4693,0.63,1.0
2002-10-22,0.9768,122.32,1.4693,0.6315,1.0
2002-10-23,0.9775,121.17,1.4662,0.6313,1.0
2002-10-24,0.9738,121.08,1.4675,0.6295,1.0
2002-10-25,0.9763,121.21,1.4663,0.6286,1.0
2002-10-28,0.9745,121.53,1.468,0.6299,1.0
2002-10-29,0.982,121.21,1.4657,0.6307,1.0
2002-10-30,0.9825,120.65,1.4649,0.6317,1.0
2002-10-31,0.9864,121.04,1.4633,0.6326,1.0
2002-11-01,0.9974,121.58,1.4606,0.6368,1.0
2002-11-04,0.9944,121.85,1.4633,0.639,1.0
2002-11-05,1.0024,121.95,1.4613,0.6413,1.0
2002-11-06,0.9955,121.84,1.4633,0.6394,1.0
2002-11-07,1.0013,121.98,1.4641,0.6384,1.0
2002-11-08,1.0107,121.95,1.4633,0.6375,1.0
2002-11-11,1.0126,120.9,1.4632,0.637,1.0
2002-11-12,1.0081,120.61,1.4616,0.6358,1.0
2002-11-13,1.0068,120.8,1.4632,0.6343,1.0
2002-11-14,1.0095,120.85,1.4651,0.6355,1.0
2002-11-15,1.0029,121.05,1.4664,0.6362,1.0
2002-11-18,1.0065,121.98,1.4676,0.6374,1.0
2002-11-19,1.0125,122.75,1.4681,0.6373,1.0
2002-11-20,1.0019,122.67,1.4675,0.6364,1.0
2002-11-21,1.0034,122.75,1.4687,0.6356,1.0
2002-11-22,1.0024,122.88,1.4718,0.6335,1.0
2002-11-25,0.9905,121.84,1.4746,0.6326,1.0
2002-11-26,0.991,120.92,1.4736,0.6345,1.0
2002-11-27,0.9927,120.57,1.4757,0.6413,1.0
2002-11-28,0.9934,121.37,1.4746,0.6395,1.0
2002-11-29,0.9927,121.56,1.4754,0.6395,1.0
2002-12-02,0.9871,123.14,1.4774,0.6382,1.0
2002-12-03,0.9967,124.08,1.4721,0.6374,1.0
2002-12-04,1.0018,124.75,1.4721,0.6367,1.0
2002-12-05,0.9991,125.18,1.4727,0.6364,1.0
2002-12-06,1.0006,125.02,1.4717,0.6377,1.0
2002-12-09,1.0093,123.65,1.4737,0.6393,1.0
2002-12-10,1.0111,124.66,1.4736,0.6416,1.0
2002-12-11,1.0067,124.18,1.474,0.6406,1.0
2002-12-12,1.0156,124.55,1.4768,0.6437,1.0
2002-12-13,1.0221,124.46,1.4768,0.6445,1.0
2002-12-16,1.0212,123.64,1.477,0.6426,1.0
2002-12-17,1.0307,124.4,1.4732,0.6445,1.0
2002-12-18,1.024,124.35,1.4663,0.6403,1.0
2002-12-19,1.0273,123.87,1.4635,0.6403,1.0
2002-12-20,1.0255,123.79,1.4619,0.6399,1.0
2002-12-23,1.0282,123.35,1.458,0.6446,1.0
2002-12-24,1.0296,123.78,1.4538,0.6467,1.0
2002-12-25,,,,,1.0
2002-12-26,,,,,1.0
2002-12-27,1.0376,124.45,1.4567,0.648,1.0
2002-12-30,1.0422,124.27,1.4548,0.65,1.0
2002-12-31,1.0487,124.39,1.4524,0.6505,1.0
2003-01-01,,,,,1.0
2003-01-02,1.0446,124.4,1.4528,0.652,1.0
2003-01-03,1.0392,124.56,1.4555,0.65,1.0
2003-01-06,1.0488,124.4,1.4563,0.6495,1.0
2003-01-07,1.0425,124.82,1.4565,0.6496,1.0
2003-01-08,1.0377,124.9,1.4586,0.6495,1.0
2003-01-09,1.0507,125.16,1.4597,0.653,1.0
2003-01-10,1.0503,125.72,1.4602,0.6534,1.0
2003-01-13,1.0549,125.74,1.4613,0.6568,1.0
2003-01-14,1.0577,125.04,1.4623,0.6583,1.0
2003-01-15,1.0526,124.47,1.4636,0.6592,1.0
2003-01-16,1.0564,124.74,1.4626,0.6585,1.0
2003-01-17,1.0652,125.34,1.4598,0.6582,1.0
2003-01-20,1.0653,125.96,1.4608,0.6635,1.0
2003-01-21,1.0653,126.5,1.4614,0.6626,1.0
2003-01-22,1.0718,126.51,1.4622,0.6645,1.0
2003-01-23,1.0757,126.99,1.4635,0.6638,1.0
2003-01-24,1.0784,127.4,1.4666,0.6606,1.0
2003-01-27,1.087,127.92,1.4673,0.6647,1.0
2003-01-28,1.0808,128.08,1.4692,0.6597,1.0
2003-01-29,1.0868,128.49,1.4678,0.6599,1.0
2003-01-30,1.0748,128.23,1.4702,0.6534,1.0
2003-01-31,1.0816,129.17,1.4678,0.6557,1.0
2003-02-03,1.0729,129.27,1.4684,0.6553,1.0
2003-02-04,1.0822,129.95,1.4673,0.6571,1.0
2003-02-05,1.091,130.3,1.4666,0.6607,1.0
2003-02-06,1.0813,129.62,1.4666,0.6592,1.0
2003-02-07,1.0789,129.49,1.4667,0.6628,1.0
2003-02-10,1.0808,130.23,1.4658,0.6614,1.0
2003-02-11,1.0706,130.04,1.4669,0.6606,1.0
2003-02-12,1.0731,129.96,1.4674,0.6638,1.0
2003-02-13,1.0758,130.38,1.4688,0.6644,1.0
2003-02-14,1.0793,130.04,1.4692,0.6677,1.0
2003-02-17,1.0716,128.83,1.4725,0.6704,1.0
2003-02-18,1.0714,127.32,1.4701,0.6713,1.0
2003-02-19,1.0717,127.56,1.4722,0.6727,1.0
2003-02-20,1.0763,127.84,1.4707,0.67445,1.0
2003-02-21,1.0838,128.7,1.4673,0.679,1.0
2003-02-24,1.0721,126.35,1.4692,0.68,1.0
2003-02-25,1.0774,126.22,1.4649,0.684,1.0
2003-02-26,1.0753,126.21,1.4612,0.6822,1.0
2003-02-27,1.0822,126.45,1.463,0.6842,1.0
2003-02-28,1.0782,127.32,1.4629,0.6842,1.0
2003-03-03,1.08,127.42,1.4621,0.6853,1.0
2003-03-04,1.0919,128.38,1.4595,0.6899,1.0
2003-03-05,1.0966,128.77,1.459,0.6876,1.0
2003-03-06,1.0963,128.73,1.464,0.6831,1.0
2003-03-07,1.1039,128.68,1.4653,0.6867,1.0
2003-03-10,1.1042,128.71,1.4686,0.6905,1.0
2003-03-11,1.108,129.34,1.4664,0.6908,1.0
2003-03-12,1.1028,129.21,1.4674,0.6835,1.0
2003-03-13,1.0864,128.6,1.4689,0.6771,1.0
2003-03-14,1.0775,127.7,1.4677,0.6777,1.0
2003-03-17,1.0801,127.16,1.4671,0.6827,1.0
2003-03-18,1.0586,126.06,1.4714,0.6774,1.0
2003-03-19,1.057,126.08,1.4713,0.6787,1.0
2003-03-20,1.0592,127.47,1.4714,0.677,1.0
2003-03-21,1.0572,127.82,1.4756,0.6757,1.0
2003-03-24,1.0634,128.28,1.475,0.6763,1.0
2003-03-25,1.0691,128.22,1.472,0.6784,1.0
2003-03-26,1.0667,128.19,1.4739,0.6779,1.0
2003-03-27,1.0723,128.39,1.4793,0.6811,1.0
2003-03-28,1.073,128.89,1.4766,0.6865,1.0
2003-03-31,1.0895,129.18,1.4764,0.6896,1.0
2003-04-01,1.0891,128.8,1.4768,0.6908,1.0
2003-04-02,1.083,128.72,1.4827,0.6877,1.0
2003-04-03,1.0702,127.85,1.4854,0.6853,1.0
2003-04-04,1.072,128.7,1.4865,0.6844,1.0
2003-04-07,1.0582,127.82,1.4873,0.6828,1.0
2003-04-08,1.066,127.9,1.4859,0.6872,1.0
2003-04-09,1.0742,128.86,1.4878,0.6902,1.0
2003-04-10,1.0805,129.18,1.4948,0.69,1.0
2003-04-11,1.0735,129.13,1.4974,0.6842,1.0
2003-04-14,1.0737,129.68,1.4966,0.6827,1.0
2003-04-15,1.0784,129.79,1.4999,0.6857,1.0
2003-04-16,1.0836,130.39,1.5021,0.6877,1.0
2003-04-17,1.092,130.29,1.4998,0.6917,1.0
2003-04-18,,,,,1.0
2003-04-21,,,,,1.0
2003-04-22,1.0971,131.37,1.5058,0.6961,1.0
2003-04-23,1.0944,131.63,1.5068,0.6935,1.0
2003-04-24,1.1008,132.03,1.5055,0.6915,1.0
2003-04-25,1.0973,132.73,1.5021,0.6914,1.0
2003-04-28,1.1025,132.54,1.5039,0.6914,1.0
2003-04-29,1.0956,131.91,1.5075,0.6891,1.0
2003-04-30,1.1131,132.98,1.5131,0.697,1.0
2003-05-01,,,,,1.0
2003-05-02,1.1239,133.4,1.5104,0.6998,1.0
2003-05-05,1.1218,133.46,1.5134,0.6996,1.0
2003-05-06,1.1344,133.92,1.5144,0.7044,1.0
2003-05-07,1.1427,133.62,1.514,0.7121,1.0
2003-05-08,1.1435,132.78,1.5046,0.7119,1.0
2003-05-09,1.1466,134.76,1.5074,0.7156,1.0
2003-05-12,1.1597,135.05,1.5133,0.7197,1.0
2003-05-13,1.1518,134.41,1.5165,0.7165,1.0
2003-05-14,1.1499,134.25,1.5129,0.7118,1.0
2003-05-15,1.1458,132.85,1.5103,0.7072,1.0
2003-05-16,1.1492,133.53,1.5074,0.7065,1.0
2003-05-19,1.1652,135.93,1.5135,0.7132,1.0
2003-05-20,1.1644,136.36,1.5123,0.713,1.0
2003-05-21,1.1689,136.95,1.5077,0.7116,1.0
2003-05-22,1.172,137.1,1.5124,0.7163,1.0
2003-05-23,1.179,137.87,1.5216,0.7201,1.0
2003-05-26,1.1813,138.53,1.5262,0.721,1.0
2003-05-27,1.1901,138.93,1.5279,0.7235,1.0
2003-05-28,1.1738,138.86,1.5237,0.7184,1.0
2003-05-29,1.1756,139.53,1.5288,0.7158,1.0
2003-05-30,1.1822,140.31,1.5277,0.7196,1.0
2003-06-02,1.1672,138.65,1.5277,0.7175,1.0
2003-06-03,1.1723,139.45,1.5364,0.7173,1.0
2003-06-04,1.1691,138.6,1.5366,0.7172,1.0
2003-06-05,1.1775,139.28,1.5437,0.7121,1.0
2003-06-06,1.1813,139.28,1.5444,0.7093,1.0
2003-06-09,1.1726,138.62,1.5454,0.7083,1.0
2003-06-10,1.1699,138.22,1.5422,0.7065,1.0
2003-06-11,1.1748,138.4,1.5378,0.7047,1.0
2003-06-12,1.1734,138.14,1.5384,0.70215,1.0
2003-06-13,1.1751,138.44,1.5487,0.7053,1.0
2003-06-16,1.1854,139.43,1.5429,0.7046,1.0
2003-06-17,1.1797,139.34,1.541,0.702,1.0
2003-06-18,1.1699,138.69,1.5463,0.6965,1.0
2003-06-19,1.1655,138.52,1.5518,0.6965,1.0
2003-06-20,1.1655,137.94,1.5429,0.6966,1.0
2003-06-23,1.1539,136.19,1.5343,0.6947,1.0
2003-06-24,1.1565,136.33,1.5317,0.694,1.0
2003-06-25,1.1551,135.68,1.5323,0.6915,1.0
2003-06-26,1.1432,135.78,1.5394,0.687,1.0
2003-06-27,1.1413,136.76,1.5452,0.6901,1.0
2003-06-30,1.1427,137.32,1.5544,0.6932,1.0
2003-07-01,1.1543,138.2,1.5582,0.69605,1.0
2003-07-02,1.1535,137.36,1.5516,0.6937,1.0
2003-07-03,1.1457,135.73,1.5517,0.6896,1.0
2003-07-04,1.1466,135.4,1.55,0.68675,1.0
2003-07-07,1.136,134.12,1.5546,0.68855,1.0
2003-07-08,1.1326,133.78,1.5516,0.6907,1.0
2003-07-09,1.1355,134.1,1.5432,0.6958,1.0
2003-07-10,1.1342,133.51,1.5489,0.6981,1.0
2003-07-11,1.1315,133.25,1.5485,0.69185,1.0
2003-07-14,1.1299,132.93,1.5514,0.695,1.0
2003-07-15,1.1319,132.81,1.5515,0.70325,1.0
2003-07-16,1.1138,131.93,1.5457,0.7013,1.0
2003-07-17,1.1231,133.29,1.5359,0.7051,1.0
2003-07-18,1.1205,133.49,1.5366,0.70445,1.0
2003-07-21,1.1284,133.84,1.538,0.7089,1.0
2003-07-22,1.1343,135.18,1.5434,0.7083,1.0
2003-07-23,1.1401,135.67,1.545,0.711,1.0
2003-07-24,1.1467,136.5,1.5494,0.7116,1.0
2003-07-25,1.1477,136.46,1.5479,0.711,1.0
2003-07-28,1.1489,137.23,1.5481,0.7068,1.0
2003-07-29,1.1462,137.26,1.5484,0.7062,1.0
2003-07-30,1.142,136.97,1.5494,0.7044,1.0
2003-07-31,1.1318,135.72,1.5464,0.7019,1.0
2003-08-01,1.1169,134.63,1.5303,0.6962,1.0
2003-08-04,1.1307,136.28,1.5367,0.7015,1.0
2003-08-05,1.1333,136.49,1.5321,0.7045,1.0
2003-08-06,1.1392,136.95,1.5344,0.705,1.0
2003-08-07,1.1353,136.11,1.5372,0.70635,1.0
2003-08-08,1.1326,134.83,1.5367,0.70335,1.0
2003-08-11,1.1295,133.86,1.5383,0.70545,1.0
2003-08-12,1.1312,134.04,1.5426,0.7065,1.0
2003-08-13,1.1277,134.25,1.5462,0.7032,1.0
2003-08-14,1.127,134.76,1.5474,0.7012,1.0
2003-08-15,1.1247,134.0,1.5438,0.70375,1.0
2003-08-18,1.1188,133.93,1.5454,0.7033,1.0
2003-08-19,1.1065,132.32,1.5483,0.6991,1.0
2003-08-20,1.1109,131.46,1.543,0.6974,1.0
2003-08-21,1.1009,129.76,1.5424,0.6944,1.0
2003-08-22,1.0894,128.37,1.5422,0.6919,1.0
2003-08-25,1.0888,127.85,1.54,0.6909,1.0
2003-08-26,1.0816,127.06,1.537,0.6918,1.0
2003-08-27,1.0907,128.62,1.5372,0.6943,1.0
2003-08-28,1.0828,127.11,1.5415,0.69035,1.0
2003-08-29,1.0927,127.26,1.5369,0.6926,1.0
2003-09-01,1.0965,127.58,1.537,0.6981,1.0
2003-09-02,1.0849,126.94,1.5359,0.6921,1.0
2003-09-03,1.0783,125.4,1.5318,0.69,1.0
2003-09-04,1.0818,126.39,1.5379,0.6887,1.0
2003-09-05,1.0923,127.64,1.5405,0.6919,1.0
2003-09-08,1.1071,129.41,1.5383,0.6985,1.0
2003-09-09,1.1135,129.57,1.5437,0.7025,1.0
2003-09-10,1.1172,130.51,1.5501,0.703,1.0
2003-09-11,1.1217,131.33,1.5532,0.7036,1.0
2003-09-12,1.1172,130.79,1.5561,0.701,1.0
2003-09-15,1.1281,132.54,1.5574,0.7038,1.0
2003-09-16,1.1235,130.64,1.5575,0.7048,1.0
2003-09-17,1.1212,130.58,1.5493,0.7002,1.0
2003-09-18,1.129,130.15,1.5583,0.699,1.0
2003-09-19,1.1312,129.92,1.5597,0.6951,1.0
2003-09-22,1.1468,128.36,1.5535,0.6968,1.0
2003-09-23,1.1464,127.93,1.5533,0.6936,1.0
2003-09-24,1.1466,127.81,1.5533,0.693,1.0
2003-09-25,1.1493,128.35,1.5495,0.69335,1.0
2003-09-26,1.1487,128.77,1.5433,0.69165,1.0
2003-09-29,1.1413,127.36,1.5425,0.6931,1.0
2003-09-30,1.1652,128.8,1.5404,0.6986,1.0
2003-10-01,1.1671,129.64,1.5396,0.7047,1.0
2003-10-02,1.1692,129.68,1.5411,0.7015,1.0
2003-10-03,1.1686,129.29,1.544,0.7002,1.0
2003-10-06,1.1579,128.66,1.5468,0.6952,1.0
2003-10-07,1.1768,129.92,1.5494,0.70455,1.0
2003-10-08,1.1781,129.36,1.5492,0.7083,1.0
2003-10-09,1.1788,128.63,1.5498,0.7087,1.0
2003-10-10,1.1788,127.85,1.55,0.70845,1.0
2003-10-13,1.1688,126.82,1.5493,0.70435,1.0
2003-10-14,1.1634,127.79,1.5467,0.702,1.0
2003-10-15,1.1669,127.71,1.5455,0.69905,1.0
2003-10-16,1.1615,127.45,1.5487,0.6947,1.0
2003-10-17,1.1579,127.2,1.5514,0.6936,1.0
2003-10-20,1.1629,128.21,1.5524,0.69385,1.0
2003-10-21,1.1623,128.07,1.5534,0.6958,1.0
2003-10-22,1.1694,128.14,1.5536,0.695,1.0
2003-10-23,1.1786,129.32,1.5467,0.6965,1.0
2003-10-24,1.1781,129.02,1.5471,0.6948,1.0
2003-10-27,1.1748,127.37,1.5476,0.6935,1.0
2003-10-28,1.1673,126.69,1.5516,0.6904,1.0
2003-10-29,1.1684,126.21,1.5512,0.6858,1.0
2003-10-30,1.1736,126.97,1.5495,0.68825,1.0
2003-10-31,1.1622,126.72,1.5506,0.6863,1.0
2003-11-03,1.1589,127.71,1.5545,0.68365,1.0
2003-11-04,1.1468,126.47,1.563,0.684,1.0
2003-11-05,1.1473,125.7,1.5652,0.68385,1.0
2003-11-06,1.1449,125.9,1.5662,0.683,1.0
2003-11-07,1.1424,125.82,1.5702,0.6871,1.0
2003-11-10,1.1483,124.8,1.5729,0.6866,1.0
2003-11-11,1.1497,125.03,1.5689,0.6896,1.0
2003-11-12,1.16,126.42,1.5668,0.693,1.0
2003-11-13,1.168,126.69,1.5717,0.6938,1.0
2003-11-14,1.1765,127.42,1.5668,0.697,1.0
2003-11-17,1.1802,128.56,1.558,0.6983,1.0
2003-11-18,1.1778,128.17,1.5568,0.69705,1.0
2003-11-19,1.191,129.82,1.5518,0.7021,1.0
2003-11-20,1.1909,129.66,1.5481,0.6994,1.0
2003-11-21,1.1899,129.37,1.5463,0.6983,1.0
2003-11-24,1.1823,128.93,1.5527,0.69605,1.0
2003-11-25,1.1766,129.41,1.5535,0.69415,1.0
2003-11-26,1.1828,129.67,1.5499,0.6968,1.0
2003-11-27,1.1902,129.99,1.5489,0.6947,1.0
2003-11-28,1.1994,131.24,1.5484,0.6971,1.0
2003-12-01,1.2019,131.41,1.5504,0.6965,1.0
2003-12-02,1.1975,130.86,1.5552,0.69585,1.0
2003-12-03,1.2102,131.25,1.5569,0.6999,1.0
2003-12-04,1.2074,130.67,1.5579,0.70045,1.0
2003-12-05,1.2087,130.79,1.5577,0.7021,1.0
2003-12-08,1.2218,131.4,1.5479,0.7043,1.0
2003-12-09,1.2258,131.45,1.5473,0.70335,1.0
2003-12-10,1.2239,132.33,1.5462,0.7024,1.0
2003-12-11,1.2187,131.87,1.5509,0.698,1.0
2003-12-12,1.2254,132.14,1.5498,0.70125,1.0
2003-12-15,1.223,132.09,1.5516,0.7013,1.0
2003-12-16,1.2339,132.74,1.5529,0.7062,1.0
2003-12-17,1.2337,132.76,1.5539,0.703,1.0
2003-12-18,1.2403,133.38,1.5563,0.70155,1.0
2003-12-19,1.2418,133.63,1.5552,0.7029,1.0
2003-12-22,1.2434,133.53,1.5565,0.7054,1.0
2003-12-23,1.2392,133.19,1.5611,0.7025,1.0
2003-12-24,1.2407,133.12,1.559,0.70175,1.0
2003-12-25,,,,,1.0
2003-12-26,,,,,1.0
2003-12-29,1.2499,133.68,1.5587,0.704,1.0
2003-12-30,1.2496,133.72,1.5594,0.7036,1.0
2003-12-31,1.263,135.05,1.5579,0.7048,1.0
2004-01-01,,,,,1.0
2004-01-02,1.2592,134.72,1.5615,0.70545,1.0
2004-01-05,1.2657,134.53,1.5594,0.7026,1.0
2004-01-06,1.2756,135.46,1.5666,0.6998,1.0
2004-01-07,1.2679,134.63,1.5676,0.6978,1.0
2004-01-08,1.2634,134.11,1.5697,0.69455,1.0
2004-01-09,1.2737,136.18,1.5667,0.6944,1.0
2004-01-12,1.2828,136.57,1.565,0.6925,1.0
2004-01-13,1.2749,135.64,1.5623,0.6897,1.0
2004-01-14,1.2692,134.7,1.5601,0.69015,1.0
2004-01-15,1.2635,134.09,1.5626,0.6916,1.0
2004-01-16,1.2493,132.47,1.567,0.6884,1.0
2004-01-19,1.2373,132.43,1.5701,0.6928,1.0
2004-01-20,1.2536,134.43,1.572,0.6913,1.0
2004-01-21,1.2607,134.86,1.5691,0.69,1.0
2004-01-22,1.271,135.27,1.5673,0.6888,1.0
2004-01-23,1.2692,134.48,1.5659,0.6891,1.0
2004-01-26,1.2575,133.43,1.5645,0.6888,1.0
2004-01-27,1.2517,132.51,1.5681,0.69085,1.0
2004-01-28,1.2563,133.05,1.5688,0.68685,1.0
2004-01-29,1.2468,132.13,1.5621,0.685,1.0
2004-01-30,1.2384,131.06,1.5626,0.6846,1.0
2004-02-02,1.2461,131.57,1.5687,0.6834,1.0
2004-02-03,1.2585,132.82,1.5662,0.6836,1.0
2004-02-04,1.2524,132.04,1.5693,0.6819,1.0
2004-02-05,1.2583,132.73,1.5699,0.6854,1.0
2004-02-06,1.2529,133.54,1.5694,0.68315,1.0
2004-02-09,1.2713,134.43,1.5688,0.6838,1.0
2004-02-10,1.2764,134.51,1.569,0.6821,1.0
2004-02-11,1.268,133.84,1.5738,0.6779,1.0
2004-02-12,1.2802,135.04,1.5765,0.6774,1.0
2004-02-13,1.2816,135.04,1.579,0.6778,1.0
2004-02-16,1.2741,134.39,1.5754,0.6758,1.0
2004-02-17,1.2858,135.75,1.5747,0.6747,1.0
2004-02-18,1.2824,135.65,1.5768,0.6736,1.0
2004-02-19,1.2724,135.85,1.5763,0.6708,1.0
2004-02-20,1.2663,136.51,1.5758,0.6734,1.0
2004-02-23,1.2576,136.12,1.5786,0.6755,1.0
2004-02-24,1.2595,136.48,1.5745,0.6712,1.0
2004-02-25,1.2629,137.24,1.574,0.6682,1.0
2004-02-26,1.2444,136.4,1.574,0.6683,1.0
2004-02-27,1.2418,135.63,1.578,0.67,1.0
2004-03-01,1.2484,136.28,1.5783,0.6683,1.0
2004-03-02,1.2402,135.98,1.5838,0.667,1.0
2004-03-03,1.2143,133.81,1.5807,0.6633,1.0
2004-03-04,1.2147,134.43,1.5793,0.6663,1.0
2004-03-05,1.2192,135.5,1.5778,0.6704,1.0
2004-03-08,1.2356,138.6,1.5822,0.6678,1.0
2004-03-09,1.2361,137.7,1.5801,0.6721,1.0
2004-03-10,1.2299,136.36,1.5758,0.6756,1.0
2004-03-11,1.2256,135.58,1.567,0.6792,1.0
2004-03-12,1.2235,136.15,1.5692,0.6814,1.0
2004-03-15,1.2278,136.02,1.5645,0.6818,1.0
2004-03-16,1.235,135.0,1.5692,0.6792,1.0
2004-03-17,1.2251,132.75,1.567,0.6756,1.0
2004-03-18,1.2261,131.22,1.5625,0.67215,1.0
2004-03-19,1.2344,132.0,1.5587,0.6735,1.0
2004-03-22,1.2353,132.17,1.5574,0.66945,1.0
2004-03-23,1.2276,131.17,1.5524,0.6664,1.0
2004-03-24,1.2196,129.76,1.5533,0.6653,1.0
2004-03-25,1.2132,128.72,1.5505,0.6725,1.0
2004-03-26,1.2173,128.59,1.556,0.66985,1.0
2004-03-29,1.2118,128.13,1.5583,0.6674,1.0
2004-03-30,1.2187,128.99,1.5586,0.6681,1.0
2004-03-31,1.2224,126.97,1.5594,0.6659,1.0
2004-04-01,1.232,127.82,1.5595,0.6666,1.0
2004-04-02,1.2318,128.36,1.5637,0.6663,1.0
2004-04-05,1.2058,126.34,1.5673,0.6636,1.0
2004-04-06,1.209,128.24,1.5657,0.6582,1.0
2004-04-07,1.2101,127.94,1.5583,0.6586,1.0
2004-04-08,1.2096,128.37,1.5521,0.6601,1.0
2004-04-09,,,,,1.0
2004-04-12,,,,,1.0
2004-04-13,1.1975,126.92,1.5495,0.6556,1.0
2004-04-14,1.1924,128.44,1.5479,0.6621,1.0
2004-04-15,1.1912,129.39,1.552,0.668,1.0
2004-04-16,1.1932,129.49,1.5541,0.6684,1.0
2004-04-19,1.2044,129.92,1.5492,0.66635,1.0
2004-04-20,1.1926,128.61,1.5548,0.66425,1.0
2004-04-21,1.1836,129.79,1.5551,0.6682,1.0
2004-04-22,1.1873,130.08,1.5551,0.6714,1.0
2004-04-23,1.1885,129.55,1.5598,0.66985,1.0
2004-04-26,1.1851,128.93,1.5566,0.66365,1.0
2004-04-27,1.1887,130.47,1.5488,0.6638,1.0
2004-04-28,1.1907,130.17,1.5487,0.6665,1.0
2004-04-29,1.1826,130.86,1.5446,0.6713,1.0
2004-04-30,1.1947,131.87,1.5511,0.6737,1.0
2004-05-03,1.1953,131.51,1.5524,0.675,1.0
2004-05-04,1.2061,132.53,1.5522,0.6746,1.0
2004-05-05,1.2126,131.93,1.5474,0.6769,1.0
2004-05-06,1.2116,132.64,1.5494,0.6746,1.0
2004-05-07,1.2073,133.54,1.5492,0.6719,1.0
2004-05-10,1.1843,134.43,1.5417,0.6678,1.0
2004-05-11,1.1804,134.32,1.5426,0.672,1.0
2004-05-12,1.1857,134.18,1.5411,0.6697,1.0
2004-05-13,1.1823,135.14,1.5383,0.6703,1.0
2004-05-14,1.1802,135.52,1.54,0.6739,1.0
2004-05-17,1.2023,136.68,1.536,0.6796,1.0
2004-05-18,1.1983,136.43,1.5346,0.6774,1.0
2004-05-19,1.1989,135.29,1.5382,0.6732,1.0
2004-05-20,1.1922,134.87,1.5365,0.6733,1.0
2004-05-21,1.2031,134.78,1.5369,0.6717,1.0
2004-05-24,1.1968,134.62,1.5351,0.6683,1.0
2004-05-25,1.2063,136.05,1.5379,0.6682,1.0
2004-05-26,1.2106,135.07,1.5378,0.6664,1.0
2004-05-27,1.2165,135.59,1.5355,0.6662,1.0
2004-05-28,1.2246,135.77,1.5304,0.6673,1.0
2004-05-31,1.2198,133.24,1.5276,0.66475,1.0
2004-06-01,1.2231,134.04,1.528,0.6658,1.0
2004-06-02,1.2276,135.64,1.5276,0.665,1.0
2004-06-03,1.2226,136.19,1.526,0.6655,1.0
2004-06-04,1.2203,135.78,1.5273,0.66385,1.0
2004-06-07,1.2319,135.36,1.5242,0.67025,1.0
2004-06-08,1.2294,135.08,1.5229,0.6684,1.0
2004-06-09,1.2157,132.57,1.5197,0.6646,1.0
2004-06-10,1.2052,131.84,1.5126,0.6614,1.0
2004-06-11,1.2006,132.19,1.512,0.65935,1.0
2004-06-14,1.2001,133.45,1.5145,0.6637,1.0
2004-06-15,1.2051,134.01,1.5179,0.66445,1.0
2004-06-16,1.2058,132.63,1.5239,0.6594,1.0
2004-06-17,1.2045,131.8,1.516,0.65605,1.0
2004-06-18,1.2042,131.42,1.5104,0.65595,1.0
2004-06-21,1.2112,131.19,1.5085,0.66115,1.0
2004-06-22,1.2091,131.17,1.5133,0.664,1.0
2004-06-23,1.2087,131.6,1.5167,0.6651,1.0
2004-06-24,1.2122,130.32,1.513,0.6681,1.0
2004-06-25,1.2138,130.84,1.5146,0.6666,1.0
2004-06-28,1.2208,131.59,1.5211,0.6666,1.0
2004-06-29,1.2169,131.83,1.528,0.6682,1.0
2004-06-30,1.2155,132.4,1.5242,0.67075,1.0
2004-07-01,1.2168,131.64,1.5232,0.6701,1.0
2004-07-02,1.2148,132.64,1.5208,0.6687,1.0
2004-07-05,1.2288,133.98,1.5182,0.6705,1.0
2004-07-06,1.2309,134.38,1.5188,0.6693,1.0
2004-07-07,1.2357,133.96,1.5185,0.6676,1.0
2004-07-08,1.2348,134.58,1.5189,0.6668,1.0
2004-07-09,1.2372,134.24,1.5188,0.66835,1.0
2004-07-12,1.2397,134.12,1.5183,0.6667,1.0
2004-07-13,1.2372,133.97,1.5206,0.6647,1.0
2004-07-14,1.2381,134.8,1.5248,0.6662,1.0
2004-07-15,1.2374,134.98,1.5264,0.6677,1.0
2004-07-16,1.2353,135.37,1.5271,0.6645,1.0
2004-07-19,1.2412,134.26,1.5264,0.6636,1.0
2004-07-20,1.2385,134.31,1.532,0.66685,1.0
2004-07-21,1.2296,134.08,1.5337,0.6673,1.0
2004-07-22,1.2268,134.26,1.5329,0.6653,1.0
2004-07-23,1.2191,134.06,1.5289,0.6632,1.0
2004-07-26,1.2163,133.22,1.5331,0.66105,1.0
2004-07-27,1.2168,133.62,1.5367,0.661,1.0
2004-07-28,1.2034,134.15,1.536,0.66165,1.0
2004-07-29,1.2026,135.0,1.5393,0.663,1.0
2004-07-30,1.2039,134.19,1.5414,0.66255,1.0
2004-08-02,1.2055,134.09,1.5361,0.66005,1.0
2004-08-03,1.2022,133.23,1.5413,0.6607,1.0
2004-08-04,1.1983,133.72,1.5394,0.6596,1.0
2004-08-05,1.2042,134.13,1.5383,0.6612,1.0
2004-08-06,1.2064,134.62,1.538,0.6619,1.0
2004-08-09,1.2247,135.77,1.5392,0.66605,1.0
2004-08-10,1.2279,136.08,1.5389,0.6692,1.0
2004-08-11,1.2233,135.84,1.5416,0.669,1.0
2004-08-12,1.2256,135.86,1.5397,0.6695,1.0
2004-08-13,1.2219,136.5,1.5347,0.6701,1.0
2004-08-16,1.2337,136.66,1.5325,0.6702,1.0
2004-08-17,1.2338,136.45,1.537,0.6713,1.0
2004-08-18,1.2331,135.56,1.535,0.67485,1.0
2004-08-19,1.2359,135.36,1.5349,0.67655,1.0
2004-08-20,1.2293,134.76,1.5398,0.6743,1.0
2004-08-23,1.225,134.19,1.541,0.6744,1.0
2004-08-24,1.2139,133.02,1.541,0.6725,1.0
2004-08-25,1.2081,133.19,1.5403,0.6727,1.0
2004-08-26,1.21,133.04,1.5398,0.6732,1.0
2004-08-27,1.2085,132.36,1.5401,0.6718,1.0
2004-08-30,1.2047,132.37,1.5409,0.6726,1.0
2004-08-31,1.2111,133.05,1.5428,0.6755,1.0
2004-09-01,1.2168,133.09,1.5386,0.67775,1.0
2004-09-02,1.2172,133.05,1.5338,0.6791,1.0
2004-09-03,1.2175,132.96,1.534,0.6799,1.0
2004-09-06,1.2071,132.88,1.5337,0.6782,1.0
2004-09-07,1.2079,132.54,1.5325,0.68115,1.0
2004-09-08,1.2039,132.01,1.5379,0.6788,1.0
2004-09-09,1.2191,133.71,1.5384,0.6828,1.0
2004-09-10,1.2219,134.61,1.5401,0.6832,1.0
2004-09-13,1.2236,134.91,1.5417,0.6801,1.0
2004-09-14,1.2237,134.46,1.5439,0.68135,1.0
2004-09-15,1.2238,134.19,1.5417,0.6848,1.0
2004-09-16,1.2158,133.24,1.5457,0.6798,1.0
2004-09-17,1.2211,134.32,1.548,0.6801,1.0
2004-09-20,1.2132,133.21,1.5468,0.6804,1.0
2004-09-21,1.2276,134.57,1.5452,0.68335,1.0
2004-09-22,1.2245,135.37,1.5477,0.68345,1.0
2004-09-23,1.2315,136.34,1.5477,0.68375,1.0
2004-09-24,1.2309,136.17,1.5473,0.68315,1.0
2004-09-27,1.2254,136.3,1.5493,0.6787,1.0
2004-09-28,1.2335,137.4,1.551,0.6801,1.0
2004-09-29,1.2323,136.62,1.5509,0.6818,1.0
2004-09-30,1.2409,137.17,1.5524,0.6868,1.0
2004-10-01,1.2413,136.85,1.5495,0.69095,1.0
2004-10-04,1.2305,136.54,1.552,0.68855,1.0
2004-10-05,1.2304,136.51,1.5532,0.6896,1.0
2004-10-06,1.2282,136.45,1.5543,0.6895,1.0
2004-10-07,1.2301,136.84,1.5535,0.69055,1.0
2004-10-08,1.2315,136.05,1.5529,0.6891,1.0
2004-10-11,1.2392,135.32,1.5496,0.6903,1.0
2004-10-12,1.2312,135.22,1.5489,0.6889,1.0
2004-10-13,1.2267,134.91,1.546,0.68625,1.0
2004-10-14,1.2377,135.41,1.5449,0.6876,1.0
2004-10-15,1.2414,135.66,1.5414,0.68945,1.0
2004-10-18,1.2474,136.51,1.5382,0.69185,1.0
2004-10-19,1.2509,135.81,1.5385,0.6943,1.0
2004-10-20,1.259,136.43,1.5374,0.6963,1.0
2004-10-21,1.2606,135.73,1.5365,0.69005,1.0
2004-10-22,1.2606,135.64,1.5384,0.691,1.0
2004-10-25,1.2792,136.3,1.5326,0.69455,1.0
2004-10-26,1.2784,136.51,1.5333,0.69555,1.0
2004-10-27,1.2792,136.37,1.5321,0.69455,1.0
2004-10-28,1.2711,135.2,1.5316,0.6957,1.0
2004-10-29,1.2737,135.13,1.5299,0.69565,1.0
2004-11-01,1.2748,135.53,1.5318,0.6958,1.0
2004-11-02,1.2705,135.17,1.5317,0.6916,1.0
2004-11-03,1.2754,135.86,1.5331,0.6919,1.0
2004-11-04,1.2874,136.64,1.5304,0.6966,1.0
2004-11-05,1.2856,136.51,1.5316,0.69775,1.0
2004-11-08,1.2917,136.56,1.5286,0.69695,1.0
2004-11-09,1.2911,136.57,1.5273,0.69625,1.0
2004-11-10,1.2977,137.44,1.5222,0.6987,1.0
2004-11-11,1.289,137.65,1.5191,0.7002,1.0
2004-11-12,1.2921,136.93,1.5205,0.7006,1.0
2004-11-15,1.2955,136.48,1.5241,0.6989,1.0
2004-11-16,1.2971,136.64,1.5238,0.69955,1.0
2004-11-17,1.3026,135.97,1.5203,0.70135,1.0
2004-11-18,1.3024,135.54,1.5171,0.7025,1.0
2004-11-19,1.302,134.97,1.5153,0.7012,1.0
2004-11-22,1.3033,134.47,1.5157,0.70255,1.0
2004-11-23,1.3089,134.81,1.515,0.6995,1.0
2004-11-24,1.3146,135.26,1.5143,0.69985,1.0
2004-11-25,1.3213,135.75,1.5113,0.7006,1.0
2004-11-26,1.3238,136.39,1.5146,0.6997,1.0
2004-11-29,1.3247,136.24,1.517,0.701,1.0
2004-11-30,1.3295,136.54,1.5114,0.6966,1.0
2004-12-01,1.3294,136.83,1.52,0.69155,1.0
2004-12-02,1.3314,136.78,1.5268,0.68905,1.0
2004-12-03,1.33,137.05,1.5273,0.6901,1.0
2004-12-06,1.3435,137.47,1.5272,0.6918,1.0
2004-12-07,1.3456,138.3,1.5305,0.6906,1.0
2004-12-08,1.33,138.63,1.533,0.6895,1.0
2004-12-09,1.3305,139.17,1.5344,0.6919,1.0
2004-12-10,1.3191,139.59,1.5349,0.6912,1.0
2004-12-13,1.3268,139.01,1.5348,0.69225,1.0
2004-12-14,1.3317,139.7,1.5368,0.6915,1.0
2004-12-15,1.3383,139.51,1.5282,0.69115,1.0
2004-12-16,1.3401,138.93,1.532,0.6863,1.0
2004-12-17,1.3264,138.37,1.5367,0.68585,1.0
2004-12-20,1.3378,139.44,1.5382,0.6874,1.0
2004-12-21,1.3394,139.85,1.5403,0.6923,1.0
2004-12-22,1.3384,139.18,1.5436,0.69905,1.0
2004-12-23,1.3456,139.88,1.5443,0.7013,1.0
2004-12-24,1.3542,140.26,1.5458,0.7033,1.0
2004-12-27,1.3527,140.34,1.5484,0.7036,1.0
2004-12-28,1.3633,140.49,1.5441,0.70315,1.0
2004-12-29,1.3608,140.76,1.5426,0.7083,1.0
2004-12-30,1.3604,141.03,1.544,0.7088,1.0
2004-12-31,1.3621,139.65,1.5429,0.70505,1.0
2005-01-03,1.3507,138.84,1.5444,0.70725,1.0
2005-01-04,1.3365,138.49,1.5477,0.7062,1.0
2005-01-05,1.3224,138.09,1.5528,0.70485,1.0
2005-01-06,1.3183,138.3,1.5498,0.7039,1.0
2005-01-07,1.32,138.06,1.5488,0.7028,1.0
2005-01-10,1.3103,136.83,1.5469,0.6978,1.0
2005-01-11,1.3143,136.7,1.547,0.7001,1.0
2005-01-12,1.3139,135.47,1.5488,0.6999,1.0
2005-01-13,1.3232,135.71,1.5479,0.703,1.0
2005-01-14,1.3091,134.32,1.5491,0.7006,1.0
2005-01-17,1.3085,133.52,1.545,0.7031,1.0
2005-01-18,1.306,134.08,1.5433,0.6978,1.0
2005-01-19,1.3083,133.98,1.5416,0.69655,1.0
2005-01-20,1.2936,133.22,1.5414,0.6933,1.0
2005-01-21,1.2963,134.6,1.5491,0.6953,1.0
2005-01-24,1.3065,134.34,1.5441,0.6956,1.0
2005-01-25,1.3025,134.85,1.546,0.6956,1.0
2005-01-26,1.3005,134.47,1.5505,0.6927,1.0
2005-01-27,1.3026,134.78,1.5468,0.6919,1.0
2005-01-28,1.3035,134.69,1.5461,0.69255,1.0
2005-01-31,1.3035,134.96,1.5473,0.6912,1.0
2005-02-01,1.3027,135.16,1.5516,0.69255,1.0
2005-02-02,1.3061,135.3,1.5528,0.6923,1.0
2005-02-03,1.3001,135.54,1.5583,0.6894,1.0
2005-02-04,1.2958,134.71,1.5591,0.6883,1.0
2005-02-07,1.2844,133.98,1.5593,0.6867,1.0
2005-02-08,1.2764,134.85,1.5591,0.6876,1.0
2005-02-09,1.2762,134.85,1.5575,0.6858,1.0
2005-02-10,1.2777,135.96,1.5588,0.68825,1.0
2005-02-11,1.2855,136.11,1.5551,0.6897,1.0
2005-02-14,1.2967,136.2,1.5545,0.6873,1.0
2005-02-15,1.3016,136.42,1.5507,0.6885,1.0
2005-02-16,1.304,137.0,1.5469,0.69135,1.0
2005-02-17,1.3041,137.8,1.5485,0.6912,1.0
2005-02-18,1.3039,137.63,1.5475,0.6891,1.0
2005-02-21,1.3055,137.76,1.5447,0.6891,1.0
2005-02-22,1.3193,137.42,1.538,0.6913,1.0
2005-02-23,1.3203,138.45,1.5389,0.6917,1.0
2005-02-24,1.326,139.07,1.5391,0.69395,1.0
2005-02-25,1.3165,138.74,1.5426,0.68975,1.0
2005-02-28,1.3257,138.04,1.5392,0.68975,1.0
2005-03-01,1.3216,137.9,1.5357,0.6879,1.0
2005-03-02,1.3101,137.43,1.5413,0.6859,1.0
2005-03-03,1.3144,137.83,1.5461,0.6878,1.0
2005-03-04,1.3115,138.33,1.5491,0.6876,1.0
2005-03-07,1.3197,138.88,1.5518,0.6896,1.0
2005-03-08,1.3246,138.94,1.5509,0.6889,1.0
2005-03-09,1.3346,139.18,1.5535,0.69385,1.0
2005-03-10,1.3409,139.62,1.5484,0.69645,1.0
2005-03-11,1.3416,139.67,1.55,0.69865,1.0
2005-03-14,1.3372,140.12,1.5516,0.6974,1.0
2005-03-15,1.3383,139.74,1.5503,0.6962,1.0
2005-03-16,1.3373,139.33,1.5462,0.696,1.0
2005-03-17,1.3378,139.72,1.5471,0.6959,1.0
2005-03-18,1.3279,139.28,1.5495,0.69345,1.0
2005-03-21,1.3199,139.09,1.5516,0.6941,1.0
2005-03-22,1.3175,138.45,1.5523,0.6941,1.0
2005-03-23,1.305,137.7,1.5557,0.6946,1.0
2005-03-24,1.2982,138.1,1.5538,0.6944,1.0
2005-03-25,,,,,1.0
2005-03-28,,,,,1.0
2005-03-29,1.2926,138.61,1.5522,0.68995,1.0
2005-03-30,1.2943,139.13,1.5513,0.6877,1.0
2005-03-31,1.2964,138.44,1.5486,0.6885,1.0
2005-04-01,1.2959,139.07,1.5527,0.68665,1.0
2005-04-04,1.2883,139.18,1.5535,0.687,1.0
2005-04-05,1.281,139.16,1.5541,0.6841,1.0
2005-04-06,1.286,139.75,1.5508,0.68505,1.0
2005-04-07,1.2923,139.84,1.5497,0.6874,1.0
2005-04-08,1.2819,139.46,1.5505,0.6859,1.0
2005-04-11,1.2971,139.76,1.5489,0.6864,1.0
2005-04-12,1.2985,139.97,1.5494,0.6854,1.0
2005-04-13,1.2922,138.71,1.5499,0.68335,1.0
2005-04-14,1.282,138.64,1.5547,0.68135,1.0
2005-04-15,1.2868,139.08,1.5532,0.682,1.0
2005-04-18,1.2967,139.6,1.5476,0.6832,1.0
2005-04-19,1.2996,139.54,1.545,0.6807,1.0
2005-04-20,1.3049,139.5,1.544,0.6813,1.0
2005-04-21,1.3058,140.27,1.5427,0.68475,1.0
2005-04-22,1.3077,138.96,1.5435,0.68285,1.0
2005-04-25,1.2966,137.31,1.5441,0.67865,1.0
2005-04-26,1.2981,137.54,1.5418,0.68115,1.0
2005-04-27,1.292,137.35,1.5434,0.6796,1.0
2005-04-28,1.2905,136.63,1.5397,0.6773,1.0
2005-04-29,1.2957,136.24,1.5374,0.6775,1.0
2005-05-02,1.2863,135.54,1.5402,0.67625,1.0
2005-05-03,1.2856,135.23,1.5438,0.67995,1.0
2005-05-04,1.2953,135.21,1.541,0.68175,1.0
2005-05-05,1.2954,135.28,1.5457,0.6807,1.0
2005-05-06,1.2947,135.71,1.5485,0.68205,1.0
2005-05-09,1.2824,135.46,1.5476,0.6815,1.0
2005-05-10,1.2854,135.86,1.5467,0.6828,1.0
2005-05-11,1.2882,135.7,1.5443,0.6841,1.0
2005-05-12,1.2771,135.66,1.5461,0.6833,1.0
2005-05-13,1.2635,135.2,1.5449,0.68015,1.0
2005-05-16,1.2616,135.63,1.5445,0.6869,1.0
2005-05-17,1.2636,135.52,1.543,0.68735,1.0
2005-05-18,1.2621,135.44,1.5426,0.68835,1.0
2005-05-19,1.2642,135.62,1.5433,0.6872,1.0
2005-05-20,1.2607,135.98,1.5483,0.68715,1.0
2005-05-23,1.2548,135.45,1.5467,0.6863,1.0
2005-05-24,1.2617,135.39,1.5467,0.68765,1.0
2005-05-25,1.2564,135.33,1.5458,0.68785,1.0
2005-05-26,1.2523,135.58,1.5472,0.6874,1.0
2005-05-27,1.2551,135.27,1.5479,0.6871,1.0
2005-05-30,1.2472,134.68,1.5447,0.68495,1.0
2005-05-31,1.2331,133.47,1.5372,0.6771,1.0
2005-06-01,1.2228,132.84,1.531,0.67545,1.0
2005-06-02,1.2263,132.72,1.5348,0.67535,1.0
2005-06-03,1.2289,132.57,1.5359,0.6757,1.0
2005-06-06,1.2272,131.44,1.5319,0.6748,1.0
2005-06-07,1.2285,131.13,1.5303,0.67155,1.0
2005-06-08,1.2324,131.69,1.5336,0.67095,1.0
2005-06-09,1.2239,131.37,1.5343,0.6713,1.0
2005-06-10,1.2229,131.42,1.5348,0.6704,1.0
2005-06-13,1.2062,131.74,1.5379,0.6683,1.0
2005-06-14,1.211,132.33,1.5397,0.6695,1.0
2005-06-15,1.2069,132.06,1.5388,0.6667,1.0
2005-06-16,1.2115,132.26,1.5395,0.66465,1.0
2005-06-17,1.2177,132.47,1.5441,0.6678,1.0
2005-06-20,1.221,133.09,1.5446,0.66855,1.0
2005-06-21,1.2092,132.2,1.5425,0.6645,1.0
2005-06-22,1.2111,131.79,1.5419,0.66515,1.0
2005-06-23,1.2066,130.88,1.5391,0.6624,1.0
2005-06-24,1.2082,131.92,1.5412,0.663,1.0
2005-06-27,1.2164,132.91,1.5429,0.6651,1.0
2005-06-28,1.2095,132.94,1.5445,0.6646,1.0
2005-06-29,1.2054,133.03,1.5471,0.6669,1.0
2005-06-30,1.2092,133.95,1.5499,0.6742,1.0
2005-07-01,1.2087,134.24,1.5519,0.679,1.0
2005-07-04,1.1894,132.67,1.5484,0.67645,1.0
2005-07-05,1.1883,133.03,1.5521,0.67735,1.0
2005-07-06,1.1913,133.23,1.5545,0.6785,1.0
2005-07-07,1.1957,133.53,1.5472,0.6851,1.0
2005-07-08,1.1904,133.84,1.553,0.6863,1.0
2005-07-11,1.2006,134.4,1.5554,0.688,1.0
2005-07-12,1.2166,135.33,1.5563,0.68815,1.0
2005-07-13,1.2184,135.67,1.5588,0.6899,1.0
2005-07-14,1.2067,135.24,1.5581,0.68645,1.0
2005-07-15,1.2073,135.35,1.5594,0.6862,1.0
2005-07-18,1.2054,135.29,1.5601,0.68995,1.0
2005-07-19,1.1965,135.07,1.5634,0.68785,1.0
2005-07-20,1.2063,136.35,1.5632,0.6943,1.0
2005-07-21,1.2187,135.21,1.5603,0.696,1.0
2005-07-22,1.2143,134.98,1.5635,0.6951,1.0
2005-07-25,1.2065,134.87,1.5635,0.6944,1.0
2005-07-26,1.1987,134.56,1.5603,0.68955,1.0
2005-07-27,1.199,134.92,1.5618,0.6903,1.0
2005-07-28,1.21,136.0,1.5625,0.6907,1.0
2005-07-29,1.2093,135.91,1.5607,0.6893,1.0
2005-08-01,1.2219,136.67,1.5591,0.6914,1.0
2005-08-02,1.2217,136.07,1.5566,0.6893,1.0
2005-08-03,1.2308,136.81,1.5585,0.6911,1.0
2005-08-04,1.2319,137.33,1.5571,0.69385,1.0
2005-08-05,1.2386,138.13,1.5593,0.6956,1.0
2005-08-08,1.237,138.13,1.5595,0.6916,1.0
2005-08-09,1.2367,138.64,1.556,0.6929,1.0
2005-08-10,1.2377,137.4,1.5566,0.69035,1.0
2005-08-11,1.2405,136.94,1.5537,0.68825,1.0
2005-08-12,1.2457,136.32,1.5533,0.68675,1.0
2005-08-15,1.2374,135.54,1.5513,0.6836,1.0
2005-08-16,1.2313,134.63,1.5518,0.68145,1.0
2005-08-17,1.2296,134.85,1.5486,0.6793,1.0
2005-08-18,1.2213,134.82,1.5463,0.67755,1.0
2005-08-19,1.2183,134.51,1.5488,0.6784,1.0
2005-08-22,1.2231,133.93,1.5513,0.67815,1.0
2005-08-23,1.2233,134.61,1.5534,0.6802,1.0
2005-08-24,1.2211,134.77,1.5545,0.68035,1.0
2005-08-25,1.2272,135.02,1.5478,0.682,1.0
2005-08-26,1.2307,134.93,1.5467,0.68185,1.0
2005-08-29,1.2289,135.73,1.5453,0.6816,1.0
2005-08-30,1.2181,135.81,1.5512,0.68275,1.0
2005-08-31,1.2198,136.06,1.5485,0.6829,1.0
2005-09-01,1.2388,136.95,1.5463,0.68335,1.0
2005-09-02,1.2541,137.66,1.5437,0.6818,1.0
2005-09-05,1.2538,136.69,1.5429,0.67855,1.0
2005-09-06,1.2483,136.75,1.5436,0.6767,1.0
2005-09-07,1.2451,136.97,1.5431,0.6771,1.0
2005-09-08,1.2418,137.16,1.543,0.6762,1.0
2005-09-09,1.2415,136.63,1.5435,0.67535,1.0
2005-09-12,1.2313,135.2,1.5443,0.67435,1.0
2005-09-13,1.2276,136.17,1.5474,0.6741,1.0
2005-09-14,1.2314,135.42,1.5469,0.6734,1.0
2005-09-15,1.2223,134.89,1.5469,0.6765,1.0
2005-09-16,1.2243,135.78,1.551,0.6765,1.0
2005-09-19,1.2139,135.31,1.5511,0.6728,1.0
2005-09-20,1.2154,135.43,1.5524,0.6734,1.0
2005-09-21,1.2225,135.95,1.5519,0.67505,1.0
2005-09-22,1.2224,135.89,1.5534,0.6787,1.0
2005-09-23,1.2118,135.07,1.5557,0.6785,1.0
2005-09-26,1.2031,135.21,1.5566,0.67895,1.0
2005-09-27,1.2005,136.01,1.5578,0.68025,1.0
2005-09-28,1.2037,136.08,1.5556,0.681,1.0
2005-09-29,1.2063,135.92,1.5578,0.6826,1.0
2005-09-30,1.2042,136.25,1.5561,0.68195,1.0
2005-10-03,1.1933,136.07,1.5537,0.68,1.0
2005-10-04,1.1938,136.44,1.5508,0.6786,1.0
2005-10-05,1.1947,136.06,1.5506,0.6779,1.0
2005-10-06,1.2061,137.3,1.546,0.68175,1.0
2005-10-07,1.2144,137.82,1.5484,0.687,1.0
2005-10-10,1.2088,137.9,1.5496,0.68825,1.0
2005-10-11,1.2022,137.22,1.5474,0.6865,1.0
2005-10-12,1.2008,137.49,1.5478,0.6865,1.0
2005-10-13,1.198,137.54,1.5514,0.6849,1.0
2005-10-14,1.1999,137.67,1.5506,0.6854,1.0
2005-10-17,1.2022,138.0,1.5536,0.6846,1.0
2005-10-18,1.1937,138.29,1.5558,0.68415,1.0
2005-10-19,1.195,138.07,1.5516,0.68005,1.0
2005-10-20,1.1953,138.19,1.5511,0.6767,1.0
2005-10-21,1.2012,138.87,1.5463,0.6771,1.0
2005-10-24,1.1944,138.15,1.5446,0.6759,1.0
2005-10-25,1.2017,138.78,1.5441,0.67665,1.0
2005-10-26,1.2059,139.67,1.5474,0.6798,1.0
2005-10-27,1.213,139.89,1.5462,0.6794,1.0
2005-10-28,1.2138,140.03,1.5459,0.6809,1.0
2005-10-31,1.2023,139.64,1.5455,0.67665,1.0
2005-11-01,1.2008,140.02,1.5466,0.679,1.0
2005-11-02,1.1992,140.26,1.5422,0.67895,1.0
2005-11-03,1.2041,140.76,1.5428,0.67825,1.0
2005-11-04,1.1933,140.52,1.5439,0.6764,1.0
2005-11-07,1.1824,139.23,1.5429,0.67655,1.0
2005-11-08,1.1741,138.22,1.5412,0.6761,1.0
2005-11-09,1.1738,137.68,1.5431,0.6753,1.0
2005-11-10,1.1762,138.41,1.5393,0.6729,1.0
2005-11-11,1.1697,138.11,1.5381,0.6731,1.0
2005-11-14,1.1713,139.06,1.5397,0.67285,1.0
2005-11-15,1.1667,139.11,1.5413,0.6732,1.0
2005-11-16,1.1677,139.4,1.5469,0.6769,1.0
2005-11-17,1.1692,138.82,1.5467,0.6795,1.0
2005-11-18,1.1679,139.27,1.5468,0.6815,1.0
2005-11-21,1.1811,140.41,1.5488,0.68675,1.0
2005-11-22,1.1701,139.72,1.5471,0.68465,1.0
2005-11-23,1.1776,139.78,1.5491,0.6846,1.0
2005-11-24,1.1783,140.03,1.5501,0.68345,1.0
2005-11-25,1.1763,140.44,1.5473,0.6834,1.0
2005-11-28,1.1726,140.39,1.5471,0.6855,1.0
2005-11-29,1.1793,140.57,1.5476,0.6843,1.0
2005-11-30,1.1769,140.8,1.5485,0.68215,1.0
2005-12-01,1.1745,141.18,1.5467,0.6798,1.0
2005-12-02,1.1697,141.36,1.5437,0.67745,1.0
2005-12-05,1.1767,142.19,1.5442,0.6773,1.0
2005-12-06,1.1783,142.64,1.541,0.67905,1.0
2005-12-07,1.171,141.68,1.5401,0.6769,1.0
2005-12-08,1.1764,141.82,1.5387,0.67495,1.0
2005-12-09,1.1785,142.01,1.5398,0.6732,1.0
2005-12-12,1.1925,143.46,1.5413,0.6743,1.0
2005-12-13,1.1925,143.47,1.5433,0.67425,1.0
2005-12-14,1.202,142.23,1.5421,0.6783,1.0
2005-12-15,1.1999,139.28,1.542,0.6767,1.0
2005-12-16,1.1983,139.28,1.546,0.67745,1.0
2005-12-19,1.1977,139.24,1.5505,0.6796,1.0
2005-12-20,1.1955,139.36,1.5521,0.6782,1.0
2005-12-21,1.1872,139.18,1.5529,0.67895,1.0
2005-12-22,1.1822,138.84,1.5551,0.681,1.0
2005-12-23,1.1859,138.34,1.5566,0.6834,1.0
2005-12-26,,,,,1.0
2005-12-27,1.1852,138.61,1.5573,0.68295,1.0
2005-12-28,1.1916,139.61,1.5581,0.6863,1.0
2005-12-29,1.1825,139.43,1.5585,0.6883,1.0
2005-12-30,1.1797,138.9,1.5551,0.6853,1.0
2006-01-02,1.1826,139.56,1.5536,0.6865,1.0
2006-01-03,1.1875,139.45,1.5535,0.68725,1.0
2006-01-04,1.2083,140.19,1.5512,0.68815,1.0
2006-01-05,1.2088,140.31,1.5463,0.6888,1.0
2006-01-06,1.2093,140.21,1.5452,0.6888,1.0
2006-01-09,1.2078,137.85,1.5426,0.6834,1.0
2006-01-10,1.2064,138.12,1.5437,0.6833,1.0
2006-01-11,1.2088,138.31,1.5474,0.6884,1.0
2006-01-12,1.2113,137.5,1.5477,0.6846,1.0
2006-01-13,1.2039,138.13,1.5491,0.6814,1.0
2006-01-16,1.2112,139.23,1.5497,0.68545,1.0
2006-01-17,1.2075,139.23,1.5489,0.68535,1.0
2006-01-18,1.2125,139.51,1.5468,0.6864,1.0
2006-01-19,1.2073,139.06,1.5537,0.68785,1.0
2006-01-20,1.2068,139.15,1.5512,0.68525,1.0
2006-01-23,1.2277,140.35,1.5471,0.6878,1.0
2006-01-24,1.2272,140.45,1.5489,0.6878,1.0
2006-01-25,1.2294,141.12,1.5479,0.6867,1.0
2006-01-26,1.2254,141.85,1.55,0.6859,1.0
2006-01-27,1.2172,142.19,1.5526,0.6846,1.0
2006-01-30,1.2082,141.99,1.5555,0.68365,1.0
2006-01-31,1.2118,142.17,1.5547,0.6843,1.0
2006-02-01,1.2092,142.22,1.5538,0.6806,1.0
2006-02-02,1.2066,143.04,1.5555,0.6788,1.0
2006-02-03,1.2061,143.05,1.5549,0.6791,1.0
2006-02-06,1.1981,142.28,1.5558,0.6833,1.0
2006-02-07,1.1973,141.24,1.5549,0.6859,1.0
2006-02-08,1.1948,141.51,1.5529,0.6861,1.0
2006-02-09,1.1972,141.91,1.5563,0.6881,1.0
2006-02-10,1.197,140.77,1.5551,0.6839,1.0
2006-02-13,1.1888,140.35,1.5559,0.6837,1.0
2006-02-14,1.1898,139.57,1.5574,0.6858,1.0
2006-02-15,1.1904,139.96,1.5577,0.6835,1.0
2006-02-16,1.1858,140.11,1.5588,0.68425,1.0
2006-02-17,1.1863,140.77,1.5621,0.6839,1.0
2006-02-20,1.1932,141.11,1.5617,0.6848,1.0
2006-02-21,1.1906,141.61,1.5598,0.6821,1.0
2006-02-22,1.1875,140.91,1.5593,0.6828,1.0
2006-02-23,1.1957,139.88,1.5587,0.68185,1.0
2006-02-24,1.1896,139.11,1.5602,0.6803,1.0
2006-02-27,1.1852,137.77,1.5637,0.68105,1.0
2006-02-28,1.1875,138.18,1.5661,0.6796,1.0
2006-03-01,1.1954,138.56,1.5614,0.6806,1.0
2006-03-02,1.1921,138.73,1.5646,0.6831,1.0
2006-03-03,1.202,139.96,1.5628,0.685,1.0
2006-03-06,1.2017,141.04,1.5607,0.6855,1.0
2006-03-07,1.1913,140.34,1.5616,0.6858,1.0
2006-03-08,1.1914,140.35,1.5598,0.68605,1.0
2006-03-09,1.192,140.1,1.5635,0.6858,1.0
2006-03-10,1.1919,141.11,1.5664,0.6862,1.0
2006-03-13,1.1922,141.94,1.5686,0.69015,1.0
2006-03-14,1.1948,141.31,1.5671,0.68855,1.0
2006-03-15,1.2026,141.31,1.5653,0.6892,1.0
2006-03-16,1.2069,142.06,1.5674,0.69085,1.0
2006-03-17,1.2185,141.47,1.5735,0.6945,1.0
2006-03-20,1.2174,141.07,1.5717,0.6937,1.0
2006-03-21,1.2144,141.61,1.5738,0.6942,1.0
2006-03-22,1.2069,141.34,1.5736,0.6914,1.0
2006-03-23,1.2055,141.12,1.577,0.69175,1.0
2006-03-24,1.1969,141.52,1.5763,0.6908,1.0
2006-03-27,1.2025,140.15,1.5733,0.6883,1.0
2006-03-28,1.2084,141.09,1.5715,0.6907,1.0
2006-03-29,1.2012,141.58,1.5742,0.69185,1.0
2006-03-30,1.2096,141.9,1.5746,0.6946,1.0
2006-03-31,1.2104,142.42,1.5801,0.6964,1.0
2006-04-03,1.2063,142.77,1.5802,0.6977,1.0
2006-04-04,1.2217,143.69,1.5804,0.69835,1.0
2006-04-05,1.2262,144.16,1.5791,0.7006,1.0
2006-04-06,1.2312,144.81,1.5793,0.70055,1.0
2006-04-07,1.2179,143.57,1.5757,0.69645,1.0
2006-04-10,1.2099,143.22,1.5756,0.6938,1.0
2006-04-11,1.2105,143.73,1.5776,0.6939,1.0
2006-04-12,1.2125,143.22,1.5727,0.69165,1.0
2006-04-13,1.2094,143.48,1.5705,0.6903,1.0
2006-04-14,,,,,1.0
2006-04-17,,,,,1.0
2006-04-18,1.2252,144.53,1.5645,0.6915,1.0
2006-04-19,1.2346,144.6,1.5688,0.69135,1.0
2006-04-20,1.2346,145.27,1.5723,0.6924,1.0
2006-04-21,1.2315,144.36,1.5755,0.69245,1.0
2006-04-24,1.2365,142.17,1.5712,0.6919,1.0
2006-04-25,1.2425,142.11,1.5733,0.6944,1.0
2006-04-26,1.2425,142.87,1.5776,0.696,1.0
2006-04-27,1.2414,142.71,1.5814,0.6958,1.0
2006-04-28,1.2537,143.29,1.5713,0.6942,1.0
2006-05-01,,,,,1.0
2006-05-02,1.2643,143.48,1.5622,0.68865,1.0
2006-05-03,1.2622,143.38,1.5623,0.6869,1.0
2006-05-04,1.2592,143.62,1.5616,0.684,1.0
2006-05-05,1.2688,144.51,1.5615,0.6868,1.0
2006-05-08,1.2756,141.88,1.5581,0.6846,1.0
2006-05-09,1.2697,141.62,1.5582,0.6835,1.0
2006-05-10,1.2779,141.27,1.5591,0.6861,1.0
2006-05-11,1.2716,141.41,1.5592,0.6824,1.0
2006-05-12,1.2914,141.56,1.5496,0.6808,1.0
2006-05-15,1.2826,141.32,1.5509,0.6812,1.0
2006-05-16,1.2817,141.33,1.5525,0.6811,1.0
2006-05-17,1.2882,140.88,1.5518,0.6793,1.0
2006-05-18,1.277,141.94,1.5493,0.67755,1.0
2006-05-19,1.2767,142.64,1.5561,0.6801,1.0
2006-05-22,1.2753,143.55,1.5509,0.6803,1.0
2006-05-23,1.2841,143.04,1.5517,0.6821,1.0
2006-05-24,1.2851,143.86,1.5509,0.68285,1.0
2006-05-25,1.2755,143.08,1.5558,0.68315,1.0
2006-05-26,1.2797,143.5,1.5589,0.685,1.0
2006-05-29,1.2758,143.23,1.5617,0.6855,1.0
2006-05-30,1.2839,144.05,1.5585,0.6847,1.0
2006-05-31,1.2868,144.32,1.56,0.6859,1.0
2006-06-01,1.2736,144.19,1.5628,0.6847,1.0
2006-06-02,1.2815,144.59,1.5629,0.68685,1.0
2006-06-05,1.2958,144.66,1.5597,0.6884,1.0
2006-06-06,1.2847,144.74,1.5608,0.6887,1.0
2006-06-07,1.2789,144.89,1.5613,0.6878,1.0
2006-06-08,1.2735,145.66,1.5617,0.6903,1.0
2006-06-09,1.2659,144.25,1.5569,0.68685,1.0
2006-06-12,1.2572,143.89,1.554,0.6824,1.0
2006-06-13,1.2571,144.14,1.5517,0.68335,1.0
2006-06-14,1.2563,144.68,1.5514,0.68265,1.0
2006-06-15,1.261,144.84,1.5522,0.68225,1.0
2006-06-16,1.2651,145.41,1.5562,0.6829,1.0
2006-06-19,1.2591,145.43,1.5573,0.68175,1.0
2006-06-20,1.2546,144.43,1.5596,0.6824,1.0
2006-06-21,1.2632,145.22,1.5618,0.6855,1.0
2006-06-22,1.2582,145.48,1.5636,0.68735,1.0
2006-06-23,1.2502,145.5,1.5641,0.688,1.0
2006-06-26,1.2561,146.13,1.5632,0.6901,1.0
2006-06-27,1.2567,146.42,1.5669,0.6907,1.0
2006-06-28,1.257,146.12,1.5631,0.69035,1.0
2006-06-29,1.2529,146.0,1.5644,0.6911,1.0
2006-06-30,1.2713,145.75,1.5672,0.6921,1.0
2006-07-03,1.279,146.66,1.5674,0.6933,1.0
2006-07-04,1.2791,146.57,1.5677,0.69285,1.0
2006-07-05,1.2794,146.74,1.5677,0.6937,1.0
2006-07-06,1.2735,147.09,1.5685,0.694,1.0
2006-07-07,1.2778,146.59,1.569,0.69445,1.0
2006-07-10,1.2752,145.17,1.5672,0.69205,1.0
2006-07-11,1.2736,145.69,1.5665,0.69225,1.0
2006-07-12,1.2722,146.56,1.5658,0.6915,1.0
2006-07-13,1.2692,146.33,1.562,0.6897,1.0
2006-07-14,1.2666,146.83,1.5607,0.6875,1.0
2006-07-17,1.2541,146.66,1.5628,0.6884,1.0
2006-07-18,1.2531,146.61,1.5641,0.6849,1.0
2006-07-19,1.2482,146.91,1.5692,0.68365,1.0
2006-07-20,1.2643,147.68,1.5707,0.683,1.0
2006-07-21,1.268,146.96,1.5708,0.6829,1.0
2006-07-24,1.2633,147.32,1.5746,0.6816,1.0
2006-07-25,1.2636,147.52,1.5737,0.6833,1.0
2006-07-26,1.2587,147.1,1.5756,0.68415,1.0
2006-07-27,1.2737,147.25,1.5743,0.6842,1.0
2006-07-28,1.2664,146.57,1.5725,0.6825,1.0
2006-07-31,1.2767,145.82,1.5713,0.6843,1.0
2006-08-01,1.2759,146.42,1.5718,0.6837,1.0
2006-08-02,1.2798,146.88,1.5729,0.68215,1.0
2006-08-03,1.2781,146.84,1.5746,0.67805,1.0
2006-08-04,1.2792,147.66,1.5779,0.6759,1.0
2006-08-07,1.285,147.87,1.572,0.674,1.0
2006-08-08,1.2839,147.7,1.5738,0.6738,1.0
2006-08-09,1.2879,148.17,1.5754,0.6753,1.0
2006-08-10,1.2857,147.62,1.5768,0.6752,1.0
2006-08-11,1.2775,148.21,1.5798,0.6738,1.0
2006-08-14,1.2718,148.34,1.5807,0.67435,1.0
2006-08-15,1.2725,148.36,1.5817,0.67365,1.0
2006-08-16,1.2793,148.7,1.5787,0.6762,1.0
2006-08-17,1.2879,148.56,1.5779,0.6791,1.0
2006-08-18,1.2802,148.33,1.5818,0.68035,1.0
2006-08-21,1.2919,149.43,1.5785,0.6808,1.0
2006-08-22,1.2812,149.17,1.5777,0.6784,1.0
2006-08-23,1.2812,149.09,1.5799,0.6773,1.0
2006-08-24,1.2831,149.28,1.5808,0.6774,1.0
2006-08-25,1.2762,149.64,1.5809,0.6762,1.0
2006-08-28,1.28,149.85,1.5802,0.6755,1.0
2006-08-29,1.2808,149.54,1.5774,0.6745,1.0
2006-08-30,1.2818,150.08,1.5768,0.67405,1.0
2006-08-31,1.2851,150.56,1.5751,0.6741,1.0
2006-09-01,1.2817,150.3,1.5791,0.6728,1.0
2006-09-04,1.2852,149.22,1.5812,0.67475,1.0
2006-09-05,1.281,148.47,1.5809,0.67495,1.0
2006-09-06,1.2793,149.23,1.5844,0.6791,1.0
2006-09-07,1.2731,148.05,1.5822,0.67955,1.0
2006-09-08,1.2713,147.91,1.5817,0.6793,1.0
2006-09-11,1.2713,149.14,1.5792,0.6816,1.0
2006-09-12,1.2709,149.49,1.5795,0.6785,1.0
2006-09-13,1.2677,149.23,1.5892,0.67655,1.0
2006-09-14,1.2723,149.58,1.5878,0.6743,1.0
2006-09-15,1.2675,149.09,1.5946,0.6739,1.0
2006-09-18,1.2665,149.47,1.5887,0.6748,1.0
2006-09-19,1.2654,148.81,1.5903,0.6732,1.0
2006-09-20,1.2676,148.7,1.5875,0.6731,1.0
2006-09-21,1.2731,148.84,1.5887,0.6706,1.0
2006-09-22,1.2817,148.89,1.5812,0.67365,1.0
2006-09-25,1.2768,148.78,1.5799,0.6712,1.0
2006-09-26,1.2695,147.83,1.5776,0.6695,1.0
2006-09-27,1.2684,148.9,1.5796,0.67105,1.0
2006-09-28,1.2713,149.57,1.5838,0.67715,1.0
2006-09-29,1.266,149.34,1.5881,0.6777,1.0
2006-10-02,1.2685,149.99,1.5841,0.6779,1.0
2006-10-03,1.2737,149.86,1.5848,0.6742,1.0
2006-10-04,1.2684,149.8,1.5888,0.6743,1.0
2006-10-05,1.2721,149.45,1.5887,0.6761,1.0
2006-10-06,1.2664,149.47,1.5881,0.6729,1.0
2006-10-09,1.2603,150.09,1.589,0.6756,1.0
2006-10-10,1.2538,149.97,1.5909,0.67475,1.0
2006-10-11,1.2543,149.96,1.5932,0.67575,1.0
2006-10-12,1.2531,149.87,1.5932,0.6753,1.0
2006-10-13,1.255,149.84,1.5932,0.6744,1.0
2006-10-16,1.2515,149.13,1.5918,0.6727,1.0
2006-10-17,1.2524,148.67,1.5895,0.6708,1.0
2006-10-18,1.2543,148.83,1.5897,0.67005,1.0
2006-10-19,1.2561,149.08,1.5897,0.6723,1.0
2006-10-20,1.2618,149.29,1.5867,0.6693,1.0
2006-10-23,1.2556,149.71,1.5904,0.6706,1.0
2006-10-24,1.2541,149.98,1.5918,0.67015,1.0
2006-10-25,1.258,149.93,1.5916,0.6702,1.0
2006-10-26,1.2653,150.4,1.5924,0.67155,1.0
2006-10-27,1.2683,150.26,1.5911,0.6706,1.0
2006-10-30,1.2717,149.17,1.5882,0.668,1.0
2006-10-31,1.2696,149.59,1.5887,0.6685,1.0
2006-11-01,1.2757,149.24,1.588,0.66845,1.0
2006-11-02,1.2767,149.4,1.5894,0.6691,1.0
2006-11-03,1.276,149.62,1.5929,0.6688,1.0
2006-11-06,1.2702,150.45,1.5965,0.6698,1.0
2006-11-07,1.2755,150.37,1.5963,0.66975,1.0
2006-11-08,1.2776,150.35,1.5952,0.67045,1.0
2006-11-09,1.2796,151.16,1.5967,0.6724,1.0
2006-11-10,1.2864,151.17,1.5933,0.6723,1.0
2006-11-13,1.283,151.28,1.5937,0.6737,1.0
2006-11-14,1.2824,150.88,1.5956,0.67605,1.0
2006-11-15,1.2792,151.01,1.599,0.6784,1.0
2006-11-16,1.2804,151.16,1.5977,0.6781,1.0
2006-11-17,1.2774,151.17,1.6008,0.6776,1.0
2006-11-20,1.2841,151.57,1.5928,0.6768,1.0
2006-11-21,1.2814,151.24,1.5933,0.6748,1.0
2006-11-22,1.2886,150.75,1.5884,0.6749,1.0
2006-11-23,1.2953,150.61,1.5843,0.6765,1.0
2006-11-24,1.3078,151.36,1.5826,0.6769,1.0
2006-11-27,1.3114,152.24,1.5855,0.6777,1.0
2006-11-28,1.3147,152.99,1.5866,0.67625,1.0
2006-11-29,1.3157,153.01,1.5889,0.6743,1.0
2006-11-30,1.32,153.29,1.5916,0.67425,1.0
2006-12-01,1.3244,153.77,1.5884,0.6729,1.0
2006-12-04,1.3309,153.89,1.5932,0.6734,1.0
2006-12-05,1.3331,152.74,1.5885,0.6743,1.0
2006-12-06,1.3274,152.66,1.5888,0.6754,1.0
2006-12-07,1.3297,152.87,1.5875,0.6761,1.0
2006-12-08,1.3276,153.48,1.5891,0.6776,1.0
2006-12-11,1.3177,154.33,1.5916,0.6762,1.0
2006-12-12,1.3244,154.94,1.5928,0.6746,1.0
2006-12-13,1.3265,155.34,1.5951,0.6728,1.0
2006-12-14,1.3192,155.04,1.5987,0.67155,1.0
2006-12-15,1.3106,155.04,1.5977,0.6699,1.0
2006-12-18,1.3095,154.34,1.5993,0.67155,1.0
2006-12-19,1.3158,155.48,1.6024,0.67125,1.0
2006-12-20,1.3203,156.0,1.6039,0.6702,1.0
2006-12-21,1.3178,155.85,1.6032,0.6716,1.0
2006-12-22,1.3192,156.26,1.6029,0.6715,1.0
2006-12-25,,,,,1.0
2006-12-26,,,,,1.0
2006-12-27,1.3159,156.1,1.6058,0.67085,1.0
2006-12-28,1.3173,156.61,1.6058,0.67115,1.0
2006-12-29,1.317,156.93,1.6069,0.6715,1.0
2007-01-01,,,,,1.0
2007-01-02,1.327,157.76,1.6104,0.6735,1.0
2007-01-03,1.3231,157.76,1.6132,0.6747,1.0
2007-01-04,1.3106,156.11,1.6132,0.6739,1.0
2007-01-05,1.3084,154.55,1.6097,0.6747,1.0
2007-01-08,1.3006,154.42,1.6097,0.6731,1.0
2007-01-09,1.3018,155.26,1.6127,0.67025,1.0
2007-01-10,1.2988,154.99,1.6138,0.6702,1.0
2007-01-11,1.2984,156.16,1.6129,0.6654,1.0
2007-01-12,1.2893,155.24,1.6125,0.66165,1.0
2007-01-15,1.2941,156.0,1.6127,0.65845,1.0
2007-01-16,1.2953,156.27,1.6138,0.6592,1.0
2007-01-17,1.2909,155.75,1.6143,0.65685,1.0
2007-01-18,1.2922,156.79,1.6182,0.6565,1.0
2007-01-19,1.2958,157.13,1.6178,0.6565,1.0
2007-01-22,1.2936,157.53,1.6185,0.65485,1.0
2007-01-23,1.304,158.02,1.6167,0.6552,1.0
2007-01-24,1.3005,158.06,1.6195,0.6595,1.0
2007-01-25,1.2978,156.88,1.6154,0.6585,1.0
2007-01-26,1.2901,156.71,1.6184,0.65825,1.0
2007-01-29,1.2921,157.7,1.6216,0.6602,1.0
2007-01-30,1.2972,157.99,1.6236,0.6603,1.0
2007-01-31,1.2954,157.27,1.6214,0.66325,1.0
2007-02-01,1.302,156.85,1.6175,0.6613,1.0
2007-02-02,1.302,157.63,1.6175,0.66135,1.0
2007-02-05,1.2925,155.85,1.617,0.66115,1.0
2007-02-06,1.2955,155.56,1.61,0.6578,1.0
2007-02-07,1.2987,156.74,1.6111,0.6585,1.0
2007-02-08,1.2991,157.68,1.6232,0.6632,1.0
2007-02-09,1.3007,158.06,1.6249,0.66755,1.0
2007-02-12,1.2956,157.94,1.6238,0.66565,1.0
2007-02-13,1.3022,157.99,1.6233,0.66995,1.0
2007-02-14,1.3082,158.55,1.6268,0.6693,1.0
2007-02-15,1.3137,157.78,1.6267,0.67115,1.0
2007-02-16,1.3119,156.27,1.6212,0.6731,1.0
2007-02-19,1.3132,157.01,1.6215,0.6751,1.0
2007-02-20,1.3145,158.01,1.6256,0.6733,1.0
2007-02-21,1.3145,158.91,1.6267,0.6726,1.0
2007-02-22,1.3106,159.0,1.6281,0.6719,1.0
2007-02-23,1.3134,159.35,1.6262,0.6692,1.0
2007-02-26,1.316,158.7,1.6203,0.6706,1.0
2007-02-27,1.323,157.68,1.6183,0.6737,1.0
2007-02-28,1.3211,156.45,1.6136,0.67365,1.0
2007-03-01,1.3225,155.42,1.61,0.67365,1.0
2007-03-02,1.3163,153.91,1.6107,0.6768,1.0
2007-03-05,1.3083,150.93,1.6,0.6822,1.0
2007-03-06,1.31,152.69,1.604,0.67965,1.0
2007-03-07,1.3135,152.81,1.605,0.6812,1.0
2007-03-08,1.3152,154.02,1.6066,0.6814,1.0
2007-03-09,1.3155,154.28,1.6137,0.6806,1.0
2007-03-12,1.3156,154.44,1.6137,0.6822,1.0
2007-03-13,1.3218,154.14,1.6095,0.6831,1.0
2007-03-14,1.3183,153.66,1.607,0.68535,1.0
2007-03-15,1.3226,155.09,1.6088,0.68275,1.0
2007-03-16,1.3325,155.62,1.6059,0.6842,1.0
2007-03-19,1.3303,156.17,1.6107,0.68325,1.0
2007-03-20,1.3296,156.15,1.6123,0.6791,1.0
2007-03-21,1.3293,156.64,1.6153,0.6789,1.0
2007-03-22,1.3351,157.27,1.619,0.67855,1.0
2007-03-23,1.3327,156.65,1.6164,0.6778,1.0
2007-03-26,1.3265,157.05,1.6208,0.67635,1.0
2007-03-27,1.3347,157.91,1.6211,0.679,1.0
2007-03-28,1.3348,156.38,1.6164,0.6795,1.0
2007-03-29,1.3352,156.75,1.6215,0.6793,1.0
2007-03-30,1.3318,157.32,1.6247,0.6798,1.0
2007-04-02,1.3366,157.35,1.6226,0.6761,1.0
2007-04-03,1.3358,158.53,1.6275,0.6761,1.0
2007-04-04,1.3352,158.7,1.6292,0.67665,1.0
2007-04-05,1.3373,159.0,1.6309,0.6797,1.0
2007-04-06,,,,,1.0
2007-04-09,,,,,1.0
2007-04-10,1.3426,160.05,1.6361,0.6803,1.0
2007-04-11,1.3418,160.0,1.6382,0.6788,1.0
2007-04-12,1.3467,160.62,1.6404,0.6807,1.0
2007-04-13,1.3532,160.55,1.6361,0.6809,1.0
2007-04-16,1.355,161.96,1.6431,0.68055,1.0
2007-04-17,1.3549,161.81,1.6406,0.6763,1.0
2007-04-18,1.3577,160.77,1.6367,0.6773,1.0
2007-04-19,1.3601,160.13,1.6343,0.6793,1.0
2007-04-20,1.3606,161.45,1.6414,0.6793,1.0
2007-04-23,1.3557,160.91,1.6423,0.678,1.0
2007-04-24,1.3582,161.39,1.6387,0.6793,1.0
2007-04-25,1.3649,161.95,1.6416,0.681,1.0
2007-04-26,1.3596,162.26,1.6432,0.68215,1.0
2007-04-27,1.3643,162.76,1.6431,0.68225,1.0
2007-04-30,1.3605,162.82,1.6458,0.6827,1.0
2007-05-01,,,,,1.0
2007-05-02,1.3588,163.28,1.6518,0.6821,1.0
2007-05-03,1.3613,163.47,1.6479,0.6828,1.0
2007-05-04,1.3561,163.15,1.6479,0.6828,1.0
2007-05-07,1.3615,163.31,1.6471,0.6823,1.0
2007-05-08,1.3558,162.29,1.6489,0.6803,1.0
2007-05-09,1.3535,162.35,1.6486,0.67985,1.0
2007-05-10,1.3527,162.86,1.6473,0.6807,1.0
2007-05-11,1.3486,161.46,1.6439,0.6813,1.0
2007-05-14,1.3549,163.06,1.6515,0.68435,1.0
2007-05-15,1.3538,163.08,1.6505,0.68485,1.0
2007-05-16,1.3574,163.64,1.6545,0.68485,1.0
2007-05-17,1.3516,163.77,1.6555,0.68385,1.0
2007-05-18,1.3477,163.0,1.6536,0.6839,1.0
2007-05-21,1.3444,163.32,1.6562,0.68265,1.0
2007-05-22,1.3454,163.47,1.6561,0.68175,1.0
2007-05-23,1.349,163.85,1.6537,0.6794,1.0
2007-05-24,1.3448,163.2,1.6508,0.6767,1.0
2007-05-25,1.3441,163.5,1.6499,0.6775,1.0
2007-05-28,1.3453,163.71,1.6525,0.67853,1.0
2007-05-29,1.3509,164.23,1.6504,0.6798,1.0
2007-05-30,1.342,163.26,1.6467,0.6795,1.0
2007-05-31,1.3453,163.56,1.6477,0.68005,1.0
2007-06-01,1.3436,163.81,1.6514,0.67925,1.0
2007-06-04,1.3482,164.34,1.6504,0.67795,1.0
2007-06-05,1.3532,164.42,1.6483,0.6783,1.0
2007-06-06,1.3513,163.67,1.6452,0.6783,1.0
2007-06-07,1.347,163.43,1.6477,0.679,1.0
2007-06-08,1.3349,162.4,1.6475,0.67885,1.0
2007-06-11,1.3355,162.55,1.6534,0.6784,1.0
2007-06-12,1.3345,162.56,1.6556,0.676,1.0
2007-06-13,1.3287,162.52,1.6532,0.6745,1.0
2007-06-14,1.3304,163.56,1.6549,0.67605,1.0
2007-06-15,1.3314,164.42,1.6576,0.67595,1.0
2007-06-18,1.3404,165.46,1.662,0.6763,1.0
2007-06-19,1.3403,165.46,1.6627,0.67465,1.0
2007-06-20,1.3427,165.88,1.6605,0.6737,1.0
2007-06-21,1.3397,165.5,1.6613,0.6721,1.0
2007-06-22,1.3441,166.75,1.6576,0.67305,1.0
2007-06-25,1.3461,166.21,1.6538,0.6735,1.0
2007-06-26,1.346,165.78,1.6547,0.67315,1.0
2007-06-27,1.3438,164.69,1.652,0.67295,1.0
2007-06-28,1.3467,165.61,1.6544,0.67215,1.0
2007-06-29,1.3505,166.63,1.6553,0.674,1.0
2007-07-02,1.3588,166.66,1.649,0.67565,1.0
2007-07-03,1.3601,166.63,1.655,0.6751,1.0
2007-07-04,1.3618,166.87,1.6558,0.67535,1.0
2007-07-05,1.364,167.1,1.6553,0.6756,1.0
2007-07-06,1.3596,167.57,1.6589,0.67635,1.0
2007-07-09,1.3621,168.13,1.6582,0.6763,1.0
2007-07-10,1.3666,167.86,1.6553,0.67735,1.0
2007-07-11,1.3753,167.39,1.6535,0.67695,1.0
2007-07-12,1.3788,168.39,1.6574,0.6783,1.0
2007-07-13,1.3782,168.68,1.6579,0.67795,1.0
2007-07-16,1.3781,167.84,1.6556,0.67655,1.0
2007-07-17,1.3771,168.07,1.6554,0.6732,1.0
2007-07-18,1.3779,168.3,1.6572,0.672,1.0
2007-07-19,1.382,168.66,1.6585,0.67455,1.0
2007-07-20,1.3803,168.46,1.662,0.6722,1.0
2007-07-23,1.3821,167.58,1.6633,0.67155,1.0
2007-07-24,1.3833,167.22,1.6645,0.6707,1.0
2007-07-25,1.3743,165.55,1.666,0.66905,1.0
2007-07-26,1.3722,164.52,1.6607,0.6708,1.0
2007-07-27,1.3651,162.12,1.6525,0.672,1.0
2007-07-30,1.3659,161.58,1.6437,0.6753,1.0
2007-07-31,1.3707,163.59,1.6519,0.674,1.0
2007-08-01,1.3663,161.9,1.6436,0.6746,1.0
2007-08-02,1.3664,162.8,1.6492,0.67325,1.0
2007-08-03,1.3694,163.24,1.6501,0.6733,1.0
2007-08-06,1.3818,162.88,1.6385,0.68015,1.0
2007-08-07,1.3794,163.67,1.6447,0.68055,1.0
2007-08-08,1.3794,164.5,1.6468,0.67795,1.0
2007-08-09,1.3729,162.68,1.6401,0.67705,1.0
2007-08-10,1.365,160.37,1.6314,0.67685,1.0
2007-08-13,1.3651,161.47,1.6394,0.67775,1.0
2007-08-14,1.3591,160.74,1.6421,0.6788,1.0
2007-08-15,1.3476,157.39,1.6383,0.6775,1.0
2007-08-16,1.3405,153.19,1.6302,0.6756,1.0
2007-08-17,1.3454,152.74,1.6245,0.6792,1.0
2007-08-20,1.3476,155.14,1.6284,0.6789,1.0
2007-08-21,1.3508,154.98,1.6248,0.68105,1.0
2007-08-22,1.3493,155.32,1.6306,0.67865,1.0
2007-08-23,1.3574,158.26,1.6387,0.6765,1.0
2007-08-24,1.3615,157.7,1.6362,0.67885,1.0
2007-08-27,1.3658,158.63,1.6436,0.6777,1.0
2007-08-28,1.3664,157.55,1.6366,0.6789,1.0
2007-08-29,1.3631,156.48,1.637,0.6772,1.0
2007-08-30,1.361,157.33,1.6402,0.678,1.0
2007-08-31,1.3705,159.25,1.6451,0.67795,1.0
2007-09-03,1.3632,157.86,1.6479,0.67575,1.0
2007-09-04,1.358,156.84,1.6466,0.6752,1.0
2007-09-05,1.3588,157.11,1.6462,0.676,1.0
2007-09-06,1.3669,157.32,1.6427,0.6773,1.0
2007-09-07,1.3696,157.79,1.6437,0.6773,1.0
2007-09-10,1.3795,156.64,1.6377,0.67945,1.0
2007-09-11,1.3824,157.31,1.6401,0.6802,1.0
2007-09-12,1.3885,158.14,1.6422,0.6837,1.0
2007-09-13,1.3897,159.52,1.6415,0.68525,1.0
2007-09-14,1.386,159.2,1.6463,0.68915,1.0
2007-09-17,1.3877,159.45,1.6458,0.6943,1.0
2007-09-18,1.3867,160.16,1.6479,0.6952,1.0
2007-09-19,1.3975,161.8,1.6493,0.69865,1.0
2007-09-20,1.403,161.43,1.6461,0.6988,1.0
2007-09-21,1.4049,162.46,1.6517,0.6973,1.0
2007-09-24,1.4113,162.35,1.654,0.6969,1.0
2007-09-25,1.4106,161.24,1.6488,0.70035,1.0
2007-09-26,1.4127,162.93,1.6527,0.7005,1.0
2007-09-27,1.418,163.29,1.6577,0.6993,1.0
2007-09-28,1.4179,163.55,1.6601,0.6968,1.0
2007-10-01,1.4232,164.76,1.6603,0.69735,1.0
2007-10-02,1.4165,163.92,1.6646,0.6938,1.0
2007-10-03,1.4195,164.86,1.6633,0.6956,1.0
2007-10-04,1.4109,164.51,1.6626,0.69355,1.0
2007-10-05,1.4136,164.6,1.6623,0.69285,1.0
2007-10-08,1.4089,165.49,1.6679,0.69125,1.0
2007-10-09,1.4037,164.54,1.6669,0.69185,1.0
2007-10-10,1.4146,166.05,1.672,0.6926,1.0
2007-10-11,1.4199,166.96,1.6733,0.697,1.0
2007-10-12,1.4173,166.51,1.6803,0.6985,1.0
2007-10-15,1.4226,167.52,1.6792,0.69695,1.0
2007-10-16,1.415,165.17,1.6753,0.6965,1.0
2007-10-17,1.42,166.27,1.6767,0.6973,1.0
2007-10-18,1.4299,165.0,1.6697,0.698,1.0
2007-10-19,1.4288,164.86,1.6714,0.6973,1.0
2007-10-22,1.4166,161.4,1.665,0.6975,1.0
2007-10-23,1.4254,163.5,1.6707,0.69575,1.0
2007-10-24,1.423,162.67,1.6706,0.6955,1.0
2007-10-25,1.4309,163.64,1.6701,0.69765,1.0
2007-10-26,1.4384,164.5,1.6732,0.701,1.0
2007-10-29,1.4391,165.17,1.6776,0.69895,1.0
2007-10-30,1.4407,165.41,1.6751,0.6972,1.0
2007-10-31,1.4447,166.49,1.6762,0.6973,1.0
2007-11-01,1.4423,166.29,1.6735,0.6924,1.0
2007-11-02,1.4479,166.88,1.673,0.6951,1.0
2007-11-05,1.4488,165.39,1.6687,0.6962,1.0
2007-11-06,1.4547,166.9,1.6658,0.69685,1.0
2007-11-07,1.4722,166.07,1.6589,0.6996,1.0
2007-11-08,1.4666,165.9,1.6601,0.69625,1.0
2007-11-09,1.4683,163.22,1.6483,0.7004,1.0
2007-11-12,1.4579,159.55,1.6403,0.70445,1.0
2007-11-13,1.4607,160.96,1.6436,0.7047,1.0
2007-11-14,1.47,163.26,1.645,0.7104,1.0
2007-11-15,1.4639,161.98,1.6454,0.71485,1.0
2007-11-16,1.4651,161.98,1.6406,0.71625,1.0
2007-11-19,1.4654,161.58,1.6379,0.71445,1.0
2007-11-20,1.4785,162.85,1.6408,0.71715,1.0
2007-11-21,1.4814,160.92,1.6379,0.7197,1.0
2007-11-22,1.4829,161.22,1.6352,0.71855,1.0
2007-11-23,1.4809,159.87,1.6322,0.72025,1.0
2007-11-26,1.4845,160.96,1.6372,0.71795,1.0
2007-11-27,1.4874,160.11,1.6326,0.71855,1.0
2007-11-28,1.4747,162.02,1.6463,0.71375,1.0
2007-11-29,1.4738,162.26,1.6505,0.71475,1.0
2007-11-30,1.4761,163.43,1.6541,0.71455,1.0
2007-12-03,1.4666,161.82,1.6568,0.7107,1.0
2007-12-04,1.4741,161.85,1.648,0.7149,1.0
2007-12-05,1.472,162.33,1.6458,0.7224,1.0
2007-12-06,1.4554,161.55,1.6503,0.7185,1.0
2007-12-07,1.4649,163.38,1.655,0.7202,1.0
2007-12-10,1.4718,164.53,1.6557,0.7195,1.0
2007-12-11,1.4672,164.24,1.665,0.716,1.0
2007-12-12,1.4675,163.41,1.6631,0.7196,1.0
2007-12-13,1.4683,164.21,1.6683,0.71935,1.0
2007-12-14,1.4509,163.99,1.6668,0.7157,1.0
2007-12-17,1.4393,163.12,1.6612,0.7137,1.0
2007-12-18,1.4416,163.44,1.6602,0.71485,1.0
2007-12-19,1.4385,162.54,1.66,0.7175,1.0
2007-12-20,1.4349,162.3,1.6603,0.7215,1.0
2007-12-21,1.438,163.27,1.6612,0.7236,1.0
2007-12-24,1.4398,164.25,1.6629,0.7271,1.0
2007-12-25,,,,,1.0
2007-12-26,,,,,1.0
2007-12-27,1.4516,166.22,1.6682,0.72885,1.0
2007-12-28,1.4692,166.13,1.6604,0.7348,1.0
2007-12-31,1.4721,164.93,1.6547,0.73335,1.0
2008-01-01,,,,,1.0
2008-01-02,1.4688,163.83,1.6529,0.7413,1.0
2008-01-03,1.4753,160.68,1.6422,0.7448,1.0
2008-01-04,1.4727,160.86,1.6406,0.74495,1.0
2008-01-07,1.4723,160.65,1.6396,0.74625,1.0
2008-01-08,1.4705,161.23,1.6428,0.7445,1.0
2008-01-09,1.468,160.61,1.6362,0.74865,1.0
2008-01-10,1.4662,161.08,1.6294,0.7493,1.0
2008-01-11,1.4792,161.18,1.6312,0.7555,1.0
2008-01-14,1.4895,160.55,1.6265,0.76,1.0
2008-01-15,1.4886,160.02,1.6218,0.7565,1.0
2008-01-16,1.4792,157.29,1.6142,0.754,1.0
2008-01-17,1.4691,157.07,1.6144,0.74615,1.0
2008-01-18,1.4674,157.7,1.6144,0.7481,1.0
2008-01-21,1.4482,153.85,1.5991,0.74325,1.0
2008-01-22,1.4494,154.13,1.599,0.74265,1.0
2008-01-23,1.4574,153.5,1.5879,0.7472,1.0
2008-01-24,1.4663,156.3,1.598,0.74685,1.0
2008-01-25,1.4705,158.35,1.6136,0.7425,1.0
2008-01-28,1.4755,157.67,1.6093,0.743,1.0
2008-01-29,1.4773,158.02,1.6154,0.74295,1.0
2008-01-30,1.481,158.39,1.6135,0.7434,1.0
2008-01-31,1.487,157.93,1.6051,0.7477,1.0
2008-02-01,1.4889,158.51,1.6065,0.74955,1.0
2008-02-04,1.4829,158.5,1.6158,0.7502,1.0
2008-02-05,1.4688,157.79,1.6177,0.74605,1.0
2008-02-06,1.4621,155.58,1.6061,0.747,1.0
2008-02-07,1.4569,154.59,1.5985,0.7491,1.0
2008-02-08,1.4513,155.89,1.6014,0.7448,1.0
2008-02-11,1.4542,155.42,1.6005,0.7462,1.0
2008-02-12,1.4538,156.18,1.6041,0.7451,1.0
2008-02-13,1.4586,156.83,1.6083,0.74315,1.0
2008-02-14,1.4626,158.22,1.6112,0.7416,1.0
2008-02-15,1.4674,157.78,1.6022,0.7478,1.0
2008-02-18,1.4636,158.36,1.6129,0.7503,1.0
2008-02-19,1.4742,158.64,1.6123,0.7555,1.0
2008-02-20,1.4656,158.32,1.6116,0.7544,1.0
2008-02-21,1.4736,159.27,1.6205,0.7527,1.0
2008-02-22,1.4848,158.76,1.61,0.7548,1.0
2008-02-25,1.4817,159.71,1.6133,0.7537,1.0
2008-02-26,1.4874,160.45,1.6163,0.7536,1.0
2008-02-27,1.5044,159.95,1.6074,0.7576,1.0
2008-02-28,1.5121,160.57,1.6037,0.76135,1.0
2008-02-29,1.5167,158.03,1.5885,0.7652,1.0
2008-03-03,1.5203,156.79,1.5787,0.766,1.0
2008-03-04,1.5206,156.78,1.5773,0.7656,1.0
2008-03-05,1.5196,157.65,1.5807,0.7685,1.0
2008-03-06,1.5319,158.55,1.5818,0.7638,1.0
2008-03-07,1.5417,157.47,1.5735,0.7647,1.0
2008-03-10,1.534,156.87,1.5696,0.7605,1.0
2008-03-11,1.5379,158.37,1.579,0.76455,1.0
2008-03-12,1.5477,158.45,1.5817,0.7666,1.0
2008-03-13,1.5577,156.45,1.5727,0.7658,1.0
2008-03-14,1.5561,157.07,1.5741,0.76755,1.0
2008-03-17,1.577,152.5,1.5519,0.7857,1.0
2008-03-18,1.5771,154.42,1.561,0.7817,1.0
2008-03-19,1.5692,156.16,1.5662,0.7859,1.0
2008-03-20,1.5423,153.2,1.5632,0.7783,1.0
2008-03-21,,,,,1.0
2008-03-24,,,,,1.0
2008-03-25,1.5569,155.9,1.5728,0.78105,1.0
2008-03-26,1.571,155.89,1.5684,0.7881,1.0
2008-03-27,1.5786,157.53,1.5688,0.7829,1.0
2008-03-28,1.5796,157.86,1.5735,0.7908,1.0
2008-03-31,1.5812,157.37,1.5738,0.7958,1.0
2008-04-01,1.566,157.55,1.5737,0.7888,1.0
2008-04-02,1.5632,159.4,1.5814,0.7885,1.0
2008-04-03,1.5526,159.75,1.5845,0.7832,1.0
2008-04-04,1.5722,160.88,1.5872,0.7855,1.0
2008-04-07,1.5693,161.13,1.5917,0.78935,1.0
2008-04-08,1.5694,160.75,1.5914,0.7974,1.0
2008-04-09,1.5726,161.36,1.5935,0.7977,1.0
2008-04-10,1.5875,159.18,1.5735,0.8011,1.0
2008-04-11,1.5833,159.83,1.5808,0.8017,1.0
2008-04-14,1.5869,159.38,1.5777,0.7986,1.0
2008-04-15,1.5828,159.87,1.5817,0.8049,1.0
2008-04-16,1.5928,161.41,1.5896,0.8061,1.0
2008-04-17,1.5872,162.74,1.5992,0.8017,1.0
2008-04-18,1.578,163.99,1.6138,0.7907,1.0
2008-04-21,1.5898,164.43,1.6059,0.8007,1.0
2008-04-22,1.5931,164.43,1.6065,0.7998,1.0
2008-04-23,1.594,164.3,1.6077,0.80345,1.0
2008-04-24,1.5769,163.07,1.6156,0.798,1.0
2008-04-25,1.5596,163.01,1.617,0.78605,1.0
2008-04-28,1.5628,163.55,1.6181,0.7847,1.0
2008-04-29,1.5571,161.73,1.6153,0.78895,1.0
2008-04-30,1.554,162.62,1.6147,0.79015,1.0
2008-05-01,,,,,1.0
2008-05-02,1.5458,161.94,1.6238,0.779,1.0
2008-05-05,1.546,162.73,1.6305,0.7852,1.0
2008-05-06,1.5528,162.25,1.6274,0.7881,1.0
2008-05-07,1.543,162.55,1.63,0.78865,1.0
2008-05-08,1.5347,160.15,1.621,0.78505,1.0
2008-05-09,1.5458,158.81,1.6086,0.7938,1.0
2008-05-12,1.543,160.42,1.622,0.78885,1.0
2008-05-13,1.5473,160.71,1.6227,0.7938,1.0
2008-05-14,1.5439,162.48,1.631,0.7951,1.0
2008-05-15,1.5474,162.61,1.6341,0.7972,1.0
2008-05-16,1.5498,162.29,1.6342,0.79585,1.0
2008-05-19,1.5577,162.04,1.6308,0.7976,1.0
2008-05-20,1.5639,162.84,1.6294,0.7964,1.0
2008-05-21,1.5753,162.82,1.6228,0.80145,1.0
2008-05-22,1.5755,162.71,1.6194,0.79405,1.0
2008-05-23,1.5742,162.97,1.6175,0.7944,1.0
2008-05-26,1.5761,162.97,1.6156,0.79655,1.0
2008-05-27,1.576,163.65,1.6159,0.797,1.0
2008-05-28,1.5656,164.07,1.6255,0.79315,1.0
2008-05-29,1.5551,163.76,1.6291,0.7866,1.0
2008-05-30,1.5508,163.74,1.6276,0.786,1.0
2008-06-02,1.5521,162.64,1.6182,0.7915,1.0
2008-06-03,1.5593,163.0,1.611,0.79105,1.0
2008-06-04,1.5466,161.82,1.6037,0.7902,1.0
2008-06-05,1.5402,163.46,1.6147,0.7897,1.0
2008-06-06,1.5597,165.75,1.6184,0.7971,1.0
2008-06-09,1.5784,166.76,1.6103,0.7974,1.0
2008-06-10,1.5526,165.77,1.608,0.79335,1.0
2008-06-11,1.5515,166.37,1.6117,0.79145,1.0
2008-06-12,1.5417,166.08,1.6112,0.7912,1.0
2008-06-13,1.5336,166.05,1.6113,0.78835,1.0
2008-06-16,1.5459,167.26,1.6129,0.7873,1.0
2008-06-17,1.5477,167.59,1.6169,0.7944,1.0
2008-06-18,1.5493,167.62,1.616,0.7933,1.0
2008-06-19,1.5481,166.94,1.6196,0.7863,1.0
2008-06-20,1.561,167.83,1.6165,0.78965,1.0
2008-06-23,1.5521,167.46,1.6223,0.79155,1.0
2008-06-24,1.5568,168.0,1.6185,0.79095,1.0
2008-06-25,1.5599,168.4,1.6218,0.7907,1.0
2008-06-26,1.5731,169.23,1.6184,0.79195,1.0
2008-06-27,1.5748,167.08,1.6053,0.79235,1.0
2008-06-30,1.5764,166.44,1.6056,0.79225,1.0
2008-07-01,1.5775,166.57,1.6055,0.7909,1.0
2008-07-02,1.5806,168.41,1.6135,0.7952,1.0
2008-07-03,1.5885,168.62,1.6097,0.7992,1.0
2008-07-04,1.5671,167.31,1.6085,0.7908,1.0
2008-07-07,1.5651,168.47,1.6149,0.7963,1.0
2008-07-08,1.5687,167.96,1.6098,0.7944,1.0
2008-07-09,1.5715,168.87,1.6225,0.79655,1.0
2008-07-10,1.5708,168.5,1.6223,0.79565,1.0
2008-07-11,1.5835,168.35,1.6197,0.79915,1.0
2008-07-14,1.5847,169.24,1.6232,0.7975,1.0
2008-07-15,1.599,167.48,1.6065,0.79555,1.0
2008-07-16,1.5888,165.66,1.604,0.79395,1.0
2008-07-17,1.5849,167.43,1.6145,0.7914,1.0
2008-07-18,1.5816,169.03,1.6207,0.79315,1.0
2008-07-21,1.5858,169.65,1.622,0.7946,1.0
2008-07-22,1.5919,169.26,1.6174,0.79355,1.0
2008-07-23,1.5741,169.75,1.6287,0.7872,1.0
2008-07-24,1.5677,168.92,1.6273,0.789,1.0
2008-07-25,1.5734,168.77,1.6268,0.7888,1.0
2008-07-28,1.5746,169.63,1.6285,0.7925,1.0
2008-07-29,1.5705,169.33,1.63,0.78975,1.0
2008-07-30,1.5589,168.2,1.6315,0.7867,1.0
2008-07-31,1.5611,169.02,1.6354,0.78895,1.0
2008-08-01,1.5574,167.44,1.6324,0.78785,1.0
2008-08-04,1.5566,168.39,1.6346,0.79165,1.0
2008-08-05,1.5487,167.06,1.6312,0.79285,1.0
2008-08-06,1.5478,168.16,1.6291,0.79205,1.0
2008-08-07,1.5471,169.16,1.6322,0.79255,1.0
2008-08-08,1.5074,165.61,1.6238,0.7841,1.0
2008-08-11,1.5012,164.73,1.6202,0.78165,1.0
2008-08-12,1.4907,163.97,1.6215,0.7844,1.0
2008-08-13,1.4903,162.05,1.6211,0.7942,1.0
2008-08-14,1.4907,163.36,1.6219,0.7953,1.0
2008-08-15,1.4729,162.7,1.6158,0.7907,1.0
2008-08-18,1.4704,162.2,1.617,0.7881,1.0
2008-08-19,1.4677,161.11,1.6109,0.7885,1.0
2008-08-20,1.4734,162.22,1.6177,0.79315,1.0
2008-08-21,1.4814,160.35,1.6172,0.7936,1.0
2008-08-22,1.4808,162.55,1.6228,0.7966,1.0
2008-08-25,1.4767,162.32,1.6214,0.7966,1.0
2008-08-26,1.4598,160.19,1.6138,0.7953,1.0
2008-08-27,1.4767,160.98,1.6132,0.7997,1.0
2008-08-28,1.4771,161.44,1.6108,0.8047,1.0
2008-08-29,1.4735,160.22,1.6164,0.805,1.0
2008-09-01,1.4621,157.72,1.6064,0.81165,1.0
2008-09-02,1.4516,158.01,1.6096,0.81295,1.0
2008-09-03,1.4441,156.75,1.605,0.8133,1.0
2008-09-04,1.4488,156.76,1.6035,0.813,1.0
2008-09-05,1.4247,151.54,1.5888,0.8093,1.0
2008-09-08,1.4214,154.42,1.6052,0.8072,1.0
2008-09-09,1.4144,152.9,1.5995,0.803,1.0
2008-09-10,1.4094,150.52,1.5928,0.802,1.0
2008-09-11,1.3934,148.69,1.5857,0.7941,1.0
2008-09-12,1.4066,150.91,1.5998,0.7962,1.0
2008-09-15,1.4151,149.87,1.5903,0.79395,1.0
2008-09-16,1.4267,148.07,1.5823,0.7975,1.0
2008-09-17,1.4224,150.26,1.5921,0.79515,1.0
2008-09-18,1.4502,151.96,1.5838,0.7944,1.0
2008-09-19,1.4236,153.03,1.5975,0.7873,1.0
2008-09-22,1.4571,155.2,1.5988,0.792,1.0
2008-09-23,1.4731,155.42,1.5926,0.79505,1.0
2008-09-24,1.469,155.57,1.5951,0.79235,1.0
2008-09-25,1.47,155.91,1.5944,0.792,1.0
2008-09-26,1.464,154.13,1.5879,0.79475,1.0
2008-09-29,1.4349,152.3,1.5845,0.7959,1.0
2008-09-30,1.4303,150.47,1.5774,0.7903,1.0
2008-10-01,1.4081,149.55,1.5818,0.7919,1.0
2008-10-02,1.3903,146.45,1.5732,0.7872,1.0
2008-10-03,1.3834,145.09,1.5654,0.78355,1.0
2008-10-06,1.3634,140.78,1.5534,0.7728,1.0
2008-10-07,1.3632,139.51,1.5526,0.77725,1.0
2008-10-08,1.3731,138.42,1.5541,0.7809,1.0
2008-10-09,1.3682,137.84,1.5462,0.7895,1.0
2008-10-10,1.3579,134.68,1.5175,0.798,1.0
2008-10-13,1.3639,136.63,1.5416,0.7854,1.0
2008-10-14,1.3752,141.25,1.5526,0.78105,1.0
2008-10-15,1.3625,138.18,1.5425,0.77615,1.0
2008-10-16,1.3507,135.91,1.5294,0.78265,1.0
2008-10-17,1.3404,135.57,1.5213,0.7751,1.0
2008-10-20,1.3424,136.45,1.5299,0.77165,1.0
2008-10-21,1.3184,133.06,1.5224,0.777,1.0
2008-10-22,1.2843,126.88,1.4991,0.78815,1.0
2008-10-23,1.281,124.41,1.4928,0.7917,1.0
2008-10-24,1.2596,117.4,1.4566,0.8061,1.0
2008-10-27,1.246,115.75,1.4438,0.8063,1.0
2008-10-28,1.2526,119.42,1.452,0.7979,1.0
2008-10-29,1.277,124.0,1.4695,0.7958,1.0
2008-10-30,1.3035,128.73,1.48,0.7907,1.0
2008-10-31,1.2757,124.97,1.4686,0.7869,1.0
2008-11-03,1.2822,126.38,1.4832,0.7969,1.0
2008-11-04,1.282,127.35,1.4943,0.8075,1.0
2008-11-05,1.287,127.4,1.5051,0.8065,1.0
2008-11-06,1.277,124.86,1.4988,0.805,1.0
2008-11-07,1.2756,124.29,1.4983,0.80845,1.0
2008-11-10,1.2891,127.89,1.5133,0.8165,1.0
2008-11-11,1.2747,124.77,1.4978,0.8147,1.0
2008-11-12,1.253,121.81,1.4868,0.8231,1.0
2008-11-13,1.2525,120.34,1.4917,0.8442,1.0
2008-11-14,1.2675,122.17,1.51,0.8598,1.0
2008-11-17,1.266,121.93,1.515,0.84825,1.0
2008-11-18,1.2653,121.92,1.5166,0.8421,1.0
2008-11-19,1.2634,122.07,1.5228,0.8398,1.0
2008-11-20,1.2542,119.87,1.529,0.8421,1.0
2008-11-21,1.2602,119.3,1.5369,0.841,1.0
2008-11-24,1.2773,122.52,1.5437,0.8517,1.0
2008-11-25,1.2811,123.08,1.544,0.85375,1.0
2008-11-26,1.2935,123.1,1.5456,0.8456,1.0
2008-11-27,1.29,123.04,1.545,0.8358,1.0
2008-11-28,1.2727,121.46,1.5455,0.8299,1.0
2008-12-01,1.2608,118.42,1.5262,0.84155,1.0
2008-12-02,1.2697,118.56,1.5311,0.84695,1.0
2008-12-03,1.2623,117.39,1.5332,0.85475,1.0
2008-12-04,1.262,117.1,1.5335,0.8626,1.0
2008-12-05,1.2665,116.91,1.538,0.8666,1.0
2008-12-08,1.2854,120.1,1.559,0.8651,1.0
2008-12-09,1.2838,118.85,1.5593,0.8711,1.0
2008-12-10,1.2925,119.77,1.5587,0.87325,1.0
2008-12-11,1.3215,120.67,1.5737,0.8869,1.0
2008-12-12,1.334,120.21,1.5746,0.89235,1.0
2008-12-15,1.351,122.42,1.5789,0.8994,1.0
2008-12-16,1.369,123.2,1.5814,0.8936,1.0
2008-12-17,1.4059,124.35,1.564,0.91855,1.0
2008-12-18,1.4616,129.22,1.5368,0.9509,1.0
2008-12-19,1.394,124.74,1.5448,0.9287,1.0
2008-12-22,1.397,125.66,1.5367,0.9432,1.0
2008-12-23,1.3978,126.03,1.5175,0.94395,1.0
2008-12-24,1.4005,126.65,1.5043,0.9493,1.0
2008-12-25,,,,,1.0
2008-12-26,,,,,1.0
2008-12-29,1.427,128.98,1.4931,0.97855,1.0
2008-12-30,1.4098,127.4,1.4963,0.9742,1.0
2008-12-31,1.3917,126.14,1.485,0.9525,1.0
2009-01-01,,,,,1.0
2009-01-02,1.3866,126.64,1.4874,0.961,1.0
2009-01-05,1.3582,126.81,1.506,0.9358,1.0
2009-01-06,1.3332,125.84,1.5018,0.9176,1.0
2009-01-07,1.3595,126.77,1.5006,0.9043,1.0
2009-01-08,1.3617,124.34,1.4941,0.8933,1.0
2009-01-09,1.3684,124.4,1.4998,0.8948,1.0
2009-01-12,1.3394,120.48,1.5005,0.8956,1.0
2009-01-13,1.3262,118.54,1.4858,0.9112,1.0
2009-01-14,1.3173,117.66,1.4761,0.9083,1.0
2009-01-15,1.3085,116.97,1.4725,0.8966,1.0
2009-01-16,1.327,120.11,1.4863,0.8893,1.0
2009-01-19,1.3182,119.16,1.4812,0.9047,1.0
2009-01-20,1.293,116.9,1.4807,0.9311,1.0
2009-01-21,1.291,116.11,1.4764,0.9386,1.0
2009-01-22,1.2984,114.98,1.5036,0.9441,1.0
2009-01-23,1.2795,113.65,1.4955,0.9387,1.0
2009-01-26,1.299,115.82,1.5031,0.9395,1.0
2009-01-27,1.3174,117.59,1.5017,0.9352,1.0
2009-01-28,1.326,118.57,1.5163,0.92725,1.0
2009-01-29,1.3111,118.07,1.5063,0.91725,1.0
2009-01-30,1.2816,114.98,1.4871,0.89785,1.0
2009-02-02,1.276,114.04,1.4872,0.90335,1.0
2009-02-03,1.2849,115.02,1.4898,0.9029,1.0
2009-02-04,1.2818,114.28,1.4896,0.8901,1.0
2009-02-05,1.2829,115.04,1.4919,0.878,1.0
2009-02-06,1.2796,116.7,1.5012,0.8706,1.0
2009-02-09,1.3008,119.21,1.506,0.871,1.0
2009-02-10,1.2967,118.39,1.5061,0.8771,1.0
2009-02-11,1.2938,116.5,1.4972,0.9,1.0
2009-02-12,1.2833,115.46,1.4885,0.903,1.0
2009-02-13,1.2823,117.59,1.4931,0.88415,1.0
2009-02-16,1.2765,117.33,1.4883,0.8945,1.0
2009-02-17,1.2634,116.2,1.4813,0.8851,1.0
2009-02-18,1.2596,116.83,1.4792,0.8846,1.0
2009-02-19,1.2705,118.99,1.4922,0.8823,1.0
2009-02-20,1.2591,118.62,1.4921,0.881,1.0
2009-02-23,1.2798,121.09,1.4908,0.878,1.0
2009-02-24,1.2763,122.4,1.4805,0.8797,1.0
2009-02-25,1.2795,123.76,1.4848,0.8884,1.0
2009-02-26,1.2782,125.33,1.4848,0.8913,1.0
2009-02-27,1.2644,123.23,1.4841,0.8931,1.0
2009-03-02,1.2596,122.52,1.4809,0.8933,1.0
2009-03-03,1.2615,123.64,1.4826,0.89575,1.0
2009-03-04,1.2555,124.67,1.4782,0.8902,1.0
2009-03-05,1.2555,124.71,1.4765,0.8903,1.0
2009-03-06,1.2658,122.53,1.4637,0.89,1.0
2009-03-09,1.2565,124.4,1.4669,0.9114,1.0
2009-03-10,1.2783,125.45,1.4667,0.9229,1.0
2009-03-11,1.2786,125.35,1.4772,0.9255,1.0
2009-03-12,1.2782,124.3,1.5225,0.9308,1.0
2009-03-13,1.2905,127.03,1.536,0.922,1.0
2009-03-16,1.3042,128.51,1.5421,0.92055,1.0
2009-03-17,1.2942,128.1,1.5327,0.9265,1.0
2009-03-18,1.313,128.94,1.5332,0.9391,1.0
2009-03-19,1.3671,129.67,1.5385,0.9405,1.0
2009-03-20,1.3549,129.87,1.5291,0.9395,1.0
2009-03-23,1.3558,131.12,1.5301,0.92945,1.0
2009-03-24,1.3507,132.68,1.5267,0.9206,1.0
2009-03-25,1.3494,132.24,1.523,0.92425,1.0
2009-03-26,1.3607,133.63,1.5266,0.9316,1.0
2009-03-27,1.3295,129.91,1.5189,0.9285,1.0
2009-03-30,1.3193,127.93,1.5159,0.9291,1.0
2009-03-31,1.3308,131.17,1.5152,0.9308,1.0
2009-04-01,1.3246,130.86,1.5106,0.9206,1.0
2009-04-02,1.3392,133.48,1.526,0.9129,1.0
2009-04-03,1.3425,134.08,1.5236,0.9093,1.0
2009-04-06,1.3496,136.02,1.5247,0.9052,1.0
2009-04-07,1.3255,132.8,1.5169,0.90505,1.0
2009-04-08,1.3231,132.37,1.517,0.89935,1.0
2009-04-09,1.3273,133.05,1.526,0.9044,1.0
2009-04-10,,,,,1.0
2009-04-13,,,,,1.0
2009-04-14,1.3276,132.57,1.5151,0.8915,1.0
2009-04-15,1.3173,130.7,1.51,0.8821,1.0
2009-04-16,1.3196,130.5,1.5127,0.8856,1.0
2009-04-17,1.3058,129.67,1.5218,0.8828,1.0
2009-04-20,1.2966,127.8,1.5174,0.8896,1.0
2009-04-21,1.2932,126.82,1.5114,0.8886,1.0
2009-04-22,1.2947,126.85,1.5121,0.8882,1.0
2009-04-23,1.305,128.28,1.513,0.8968,1.0
2009-04-24,1.3232,128.3,1.5102,0.906,1.0
2009-04-27,1.3125,126.82,1.5078,0.90075,1.0
2009-04-28,1.2992,125.08,1.5038,0.89035,1.0
2009-04-29,1.3266,128.53,1.5064,0.89875,1.0
2009-04-30,1.3275,130.34,1.5066,0.89335,1.0
2009-05-01,,,,,1.0
2009-05-04,1.3223,131.52,1.5093,0.8897,1.0
2009-05-05,1.3403,132.59,1.5113,0.8859,1.0
2009-05-06,1.3322,131.17,1.5089,0.8861,1.0
2009-05-07,1.3363,132.72,1.5166,0.8847,1.0
2009-05-08,1.3425,133.36,1.5142,0.8907,1.0
2009-05-11,1.3574,132.82,1.5057,0.8986,1.0
2009-05-12,1.3683,132.9,1.5088,0.8934,1.0
2009-05-13,1.3623,130.9,1.5054,0.8998,1.0
2009-05-14,1.3563,129.41,1.5053,0.8981,1.0
2009-05-15,1.3518,128.67,1.5023,0.8905,1.0
2009-05-18,1.3494,129.28,1.5115,0.8825,1.0
2009-05-19,1.3612,130.91,1.5146,0.8794,1.0
2009-05-20,1.369,131.06,1.5124,0.8826,1.0
2009-05-21,1.3771,130.84,1.5174,0.879,1.0
2009-05-22,1.3972,131.41,1.5217,0.8781,1.0
2009-05-25,1.401,133.22,1.5178,0.8803,1.0
2009-05-26,1.3908,132.06,1.5144,0.876,1.0
2009-05-27,1.3901,132.48,1.5135,0.8706,1.0
2009-05-28,1.3856,134.38,1.5117,0.87,1.0
2009-05-29,1.4098,135.22,1.5128,0.8729,1.0
2009-06-01,1.422,134.89,1.514,0.868,1.0
2009-06-02,1.4238,136.09,1.5137,0.8652,1.0
2009-06-03,1.4207,136.33,1.5175,0.8597,1.0
2009-06-04,1.4095,136.32,1.5126,0.8689,1.0
2009-06-05,1.4177,137.48,1.5191,0.8792,1.0
2009-06-08,1.3866,136.53,1.5166,0.8709,1.0
2009-06-09,1.3959,136.8,1.5158,0.8632,1.0
2009-06-10,1.4102,138.03,1.5158,0.8583,1.0
2009-06-11,1.3969,137.39,1.512,0.8507,1.0
2009-06-12,1.4004,137.55,1.5099,0.8538,1.0
2009-06-15,1.385,136.08,1.511,0.8472,1.0
2009-06-16,1.389,134.78,1.507,0.8437,1.0
2009-06-17,1.384,133.28,1.5096,0.8522,1.0
2009-06-18,1.392,133.57,1.5013,0.8583,1.0
2009-06-19,1.3932,134.84,1.5102,0.84715,1.0
2009-06-22,1.3858,133.02,1.5074,0.84255,1.0
2009-06-23,1.3978,133.49,1.5031,0.85735,1.0
2009-06-24,1.4029,133.77,1.5183,0.8493,1.0
2009-06-25,1.394,134.34,1.5311,0.8567,1.0
2009-06-26,1.4096,134.5,1.5275,0.8543,1.0
2009-06-29,1.4058,134.03,1.526,0.84865,1.0
2009-06-30,1.4134,135.51,1.5265,0.8521,1.0
2009-07-01,1.4096,136.53,1.5241,0.8562,1.0
2009-07-02,1.4049,135.95,1.5235,0.8573,1.0
2009-07-03,1.4009,134.32,1.5228,0.85625,1.0
2009-07-06,1.3897,132.44,1.5198,0.8612,1.0
2009-07-07,1.4019,133.61,1.5181,0.8638,1.0
2009-07-08,1.3901,131.02,1.5162,0.86495,1.0
2009-07-09,1.399,130.05,1.5119,0.8606,1.0
2009-07-10,1.3901,128.21,1.514,0.858,1.0
2009-07-13,1.3975,129.03,1.5133,0.8678,1.0
2009-07-14,1.3991,130.34,1.5159,0.85755,1.0
2009-07-15,1.4089,131.57,1.5179,0.8576,1.0
2009-07-16,1.413,132.63,1.5154,0.8591,1.0
2009-07-17,1.409,132.06,1.5193,0.8653,1.0
2009-07-20,1.4217,134.44,1.5198,0.8601,1.0
2009-07-21,1.4223,134.1,1.5186,0.8653,1.0
2009-07-22,1.4191,132.49,1.5164,0.8648,1.0
2009-07-23,1.4229,134.23,1.5203,0.8617,1.0
2009-07-24,1.4227,134.92,1.5217,0.867,1.0
2009-07-27,1.4269,135.61,1.5237,0.8653,1.0
2009-07-28,1.4229,134.53,1.5224,0.8622,1.0
2009-07-29,1.4104,133.86,1.5268,0.8611,1.0
2009-07-30,1.4053,133.89,1.5314,0.8524,1.0
2009-07-31,1.4138,135.33,1.5317,0.8556,1.0
2009-08-03,1.4303,135.86,1.5246,0.8492,1.0
2009-08-04,1.4384,136.22,1.5286,0.84845,1.0
2009-08-05,1.441,137.38,1.5316,0.84695,1.0
2009-08-06,1.437,137.31,1.529,0.8524,1.0
2009-08-07,1.4357,136.89,1.5288,0.8567,1.0
2009-08-10,1.4202,138.01,1.5345,0.85355,1.0
2009-08-11,1.4166,136.72,1.5301,0.8584,1.0
2009-08-12,1.417,135.77,1.5276,0.85965,1.0
2009-08-13,1.4293,137.52,1.5328,0.85865,1.0
2009-08-14,1.4294,135.61,1.5267,0.8616,1.0
2009-08-17,1.4072,132.94,1.5212,0.8629,1.0
2009-08-18,1.4101,134.12,1.5207,0.8566,1.0
2009-08-19,1.4112,132.55,1.5152,0.8608,1.0
2009-08-20,1.4243,134.11,1.5169,0.8638,1.0
2009-08-21,1.433,134.19,1.516,0.8657,1.0
2009-08-24,1.4323,135.57,1.5184,0.8682,1.0
2009-08-25,1.4324,135.05,1.5171,0.87405,1.0
2009-08-26,1.427,134.32,1.5189,0.878,1.0
2009-08-27,1.4268,133.61,1.5234,0.8804,1.0
2009-08-28,1.4364,134.75,1.517,0.8784,1.0
2009-08-31,1.4272,133.1,1.5168,0.88135,1.0
2009-09-01,1.4314,133.26,1.5153,0.8815,1.0
2009-09-02,1.422,131.63,1.5167,0.8751,1.0
2009-09-03,1.4335,132.47,1.5143,0.8747,1.0
2009-09-04,1.4262,132.45,1.5157,0.872,1.0
2009-09-07,1.433,133.33,1.5181,0.8735,1.0
2009-09-08,1.4473,133.57,1.5159,0.87365,1.0
2009-09-09,1.4522,134.13,1.5173,0.8793,1.0
2009-09-10,1.4545,133.92,1.5151,0.87575,1.0
2009-09-11,1.4594,132.62,1.5137,0.8739,1.0
2009-09-14,1.4561,132.3,1.5133,0.879,1.0
2009-09-15,1.4611,133.26,1.5162,0.8869,1.0
2009-09-16,1.4671,132.6,1.5196,0.8897,1.0
2009-09-17,1.4712,134.38,1.5187,0.8905,1.0
2009-09-18,1.4705,134.17,1.5146,0.9003,1.0
2009-09-21,1.4658,135.46,1.5182,0.9066,1.0
2009-09-22,1.478,135.09,1.5149,0.9047,1.0
2009-09-23,1.4783,134.96,1.5123,0.8994,1.0
2009-09-24,1.4768,133.85,1.5117,0.91065,1.0
2009-09-25,1.467,132.59,1.5118,0.91875,1.0
2009-09-28,1.465,131.15,1.5114,0.92265,1.0
2009-09-29,1.4549,130.91,1.5124,0.9118,1.0
2009-09-30,1.4643,131.07,1.5078,0.9093,1.0
2009-10-01,1.4539,130.78,1.5165,0.91085,1.0
2009-10-02,1.4537,129.95,1.5107,0.9172,1.0
2009-10-05,1.4616,131.41,1.5102,0.9171,1.0
2009-10-06,1.4722,131.21,1.5118,0.92605,1.0
2009-10-07,1.4694,130.68,1.515,0.9249,1.0
2009-10-08,1.4763,130.46,1.5166,0.92,1.0
2009-10-09,1.475,131.12,1.5187,0.92285,1.0
2009-10-12,1.4765,132.99,1.5175,0.9333,1.0
2009-10-13,1.4864,133.02,1.517,0.9408,1.0
2009-10-14,1.4881,133.39,1.5166,0.93025,1.0
2009-10-15,1.4864,134.07,1.5132,0.9147,1.0
2009-10-16,1.4869,135.6,1.518,0.91175,1.0
2009-10-19,1.4918,135.66,1.5138,0.9143,1.0
2009-10-20,1.4971,135.53,1.5121,0.9117,1.0
2009-10-21,1.4921,135.82,1.5112,0.9001,1.0
2009-10-22,1.5,136.9,1.5105,0.9053,1.0
2009-10-23,1.502,137.97,1.5132,0.9172,1.0
2009-10-26,1.5019,138.09,1.5131,0.9194,1.0
2009-10-27,1.4874,136.91,1.5145,0.90775,1.0
2009-10-28,1.4785,134.76,1.5109,0.9057,1.0
2009-10-29,1.4788,135.13,1.5109,0.8975,1.0
2009-10-30,1.48,134.66,1.5123,0.89375,1.0
2009-11-02,1.4772,132.95,1.5093,0.9033,1.0
2009-11-03,1.4658,132.25,1.5121,0.8986,1.0
2009-11-04,1.4761,134.3,1.5113,0.8936,1.0
2009-11-05,1.4867,134.3,1.5114,0.8953,1.0
2009-11-06,1.4862,134.76,1.5115,0.896,1.0
2009-11-09,1.4984,134.81,1.5103,0.89365,1.0
2009-11-10,1.4966,134.51,1.5115,0.8986,1.0
2009-11-11,1.5037,135.11,1.5104,0.9029,1.0
2009-11-12,1.4922,134.32,1.5106,0.902,1.0
2009-11-13,1.4868,133.51,1.5098,0.89125,1.0
2009-11-16,1.4965,134.02,1.5093,0.89485,1.0
2009-11-17,1.4875,132.76,1.5111,0.88625,1.0
2009-11-18,1.4957,133.39,1.5112,0.8895,1.0
2009-11-19,1.4863,132.05,1.5131,0.89385,1.0
2009-11-20,1.4815,131.87,1.5126,0.89915,1.0
2009-11-23,1.4968,133.03,1.5108,0.90075,1.0
2009-11-24,1.4969,132.57,1.511,0.9031,1.0
2009-11-25,1.5083,132.1,1.5095,0.9031,1.0
2009-11-26,1.5071,130.7,1.5098,0.911,1.0
2009-11-27,1.4918,129.2,1.5064,0.9091,1.0
2009-11-30,1.5023,129.77,1.5071,0.91155,1.0
2009-12-01,1.5074,131.02,1.5079,0.90985,1.0
2009-12-02,1.509,131.55,1.5072,0.9043,1.0
2009-12-03,1.512,133.17,1.5083,0.90915,1.0
2009-12-04,1.5068,133.08,1.5063,0.9048,1.0
2009-12-07,1.4787,133.24,1.5123,0.90505,1.0
2009-12-08,1.4774,130.74,1.5111,0.907,1.0
2009-12-09,1.4768,129.91,1.5114,0.9046,1.0
2009-12-10,1.473,130.03,1.5113,0.9043,1.0
2009-12-11,1.4757,131.13,1.5125,0.90515,1.0
2009-12-14,1.4647,129.55,1.5122,0.9006,1.0
2009-12-15,1.4541,130.22,1.5123,0.896,1.0
2009-12-16,1.456,130.61,1.5126,0.88945,1.0
2009-12-17,1.4343,129.27,1.5053,0.88995,1.0
2009-12-18,1.4337,129.68,1.4958,0.887,1.0
2009-12-21,1.4368,130.1,1.4938,0.8918,1.0
2009-12-22,1.4279,130.83,1.4987,0.89305,1.0
2009-12-23,1.4276,130.95,1.4895,0.8947,1.0
2009-12-24,1.4398,131.73,1.4882,0.9008,1.0
2009-12-25,,,,,1.0
2009-12-28,1.4405,131.86,1.4888,0.90143,1.0
2009-12-29,1.4433,132.44,1.4882,0.9027,1.0
2009-12-30,1.4338,132.35,1.4878,0.904,1.0
2009-12-31,1.4406,133.16,1.4836,0.8881,1.0
2010-01-01,,,,,1.0
2010-01-04,1.4389,133.62,1.4873,0.8914,1.0
2010-01-05,1.4442,132.54,1.4856,0.90045,1.0
2010-01-06,1.435,132.69,1.4823,0.8986,1.0
2010-01-07,1.4304,133.5,1.4832,0.8996,1.0
2010-01-08,1.4273,133.36,1.4815,0.8934,1.0
2010-01-11,1.4528,134.23,1.4755,0.8989,1.0
2010-01-12,1.4481,132.41,1.4743,0.8972,1.0
2010-01-13,1.4563,133.02,1.4788,0.8946,1.0
2010-01-14,1.4486,132.88,1.4804,0.8905,1.0
2010-01-15,1.4374,130.76,1.4756,0.88105,1.0
2010-01-18,1.4369,130.33,1.4745,0.8795,1.0
2010-01-19,1.4279,129.79,1.476,0.8743,1.0
2010-01-20,1.4132,128.65,1.4763,0.8692,1.0
2010-01-21,1.4064,129.14,1.4723,0.87,1.0
2010-01-22,1.4135,127.35,1.4708,0.8763,1.0
2010-01-25,1.4151,127.74,1.4728,0.8773,1.0
2010-01-26,1.4085,126.31,1.4723,0.8733,1.0
2010-01-27,1.4072,125.95,1.4721,0.86725,1.0
2010-01-28,1.3999,126.36,1.4725,0.8616,1.0
2010-01-29,1.3966,126.15,1.4662,0.86655,1.0
2010-02-01,1.3913,125.6,1.4725,0.87485,1.0
2010-02-02,1.3937,126.2,1.4733,0.87375,1.0
2010-02-03,1.3984,126.73,1.4738,0.8762,1.0
2010-02-04,1.3847,125.68,1.469,0.8731,1.0
2010-02-05,1.3691,122.49,1.4682,0.87325,1.0
2010-02-08,1.3675,122.07,1.4659,0.8761,1.0
2010-02-09,1.376,123.4,1.4672,0.8804,1.0
2010-02-10,1.374,123.01,1.4658,0.8798,1.0
2010-02-11,1.3718,123.03,1.4663,0.8775,1.0
2010-02-12,1.3572,122.33,1.465,0.8691,1.0
2010-02-15,1.3607,122.42,1.4661,0.8676,1.0
2010-02-16,1.3649,122.68,1.4678,0.8705,1.0
2010-02-17,1.3726,124.69,1.4679,0.869,1.0
2010-02-18,1.3567,123.3,1.4651,0.8704,1.0
2010-02-19,1.3519,124.17,1.4658,0.8783,1.0
2010-02-22,1.3626,124.38,1.4649,0.8797,1.0
2010-02-23,1.3577,123.19,1.4667,0.8802,1.0
2010-02-24,1.3547,122.16,1.4641,0.8775,1.0
2010-02-25,1.3489,120.66,1.4633,0.8809,1.0
2010-02-26,1.357,120.92,1.4638,0.8927,1.0
2010-03-01,1.3525,120.67,1.4644,0.9067,1.0
2010-03-02,1.3548,120.68,1.4628,0.90635,1.0
2010-03-03,1.3641,121.1,1.4629,0.9057,1.0
2010-03-04,1.3668,120.86,1.4632,0.905,1.0
2010-03-05,1.3582,121.48,1.4632,0.9025,1.0
2010-03-08,1.3662,123.48,1.4628,0.9024,1.0
2010-03-09,1.3557,121.72,1.4626,0.9064,1.0
2010-03-10,1.361,123.16,1.4618,0.9114,1.0
2010-03-11,1.3657,123.84,1.4622,0.9086,1.0
2010-03-12,1.3765,124.57,1.4597,0.9083,1.0
2010-03-15,1.3705,124.3,1.4527,0.9105,1.0
2010-03-16,1.3723,124.22,1.4516,0.9069,1.0
2010-03-17,1.3756,124.43,1.4511,0.8962,1.0
2010-03-18,1.366,123.33,1.4474,0.894,1.0
2010-03-19,1.3548,122.86,1.4374,0.8945,1.0
2010-03-22,1.3471,121.25,1.4348,0.899,1.0
2010-03-23,1.3519,122.16,1.4321,0.9005,1.0
2010-03-24,1.3338,122.62,1.4282,0.8946,1.0
2010-03-25,1.3356,123.44,1.428,0.8944,1.0
2010-03-26,1.3353,124.0,1.4286,0.9004,1.0
2010-03-29,1.3471,124.75,1.4329,0.8994,1.0
2010-03-30,1.3482,124.8,1.4316,0.8933,1.0
2010-03-31,1.3479,125.93,1.4276,0.8898,1.0
2010-04-01,1.3468,126.28,1.4179,0.88485,1.0
2010-04-02,,,,,1.0
2010-04-05,,,,,1.0
2010-04-06,1.3396,126.04,1.4325,0.8824,1.0
2010-04-07,1.334,125.04,1.4321,0.87885,1.0
2010-04-08,1.3296,123.76,1.4324,0.875,1.0
2010-04-09,1.3384,125.34,1.4364,0.872,1.0
2010-04-12,1.3585,126.99,1.4393,0.8825,1.0
2010-04-13,1.3583,126.34,1.437,0.8812,1.0
2010-04-14,1.3615,127.42,1.4368,0.8814,1.0
2010-04-15,1.3544,126.18,1.4343,0.87735,1.0
2010-04-16,1.3535,125.3,1.4338,0.8771,1.0
2010-04-19,1.3432,123.5,1.4345,0.8805,1.0
2010-04-20,1.3486,125.32,1.4334,0.8765,1.0
2010-04-21,1.3373,124.65,1.4329,0.869,1.0
2010-04-22,1.3339,124.03,1.4325,0.86675,1.0
2010-04-23,1.3311,125.11,1.4355,0.8673,1.0
2010-04-26,1.3321,125.46,1.4341,0.8624,1.0
2010-04-27,1.329,124.7,1.4353,0.86705,1.0
2010-04-28,1.3245,124.48,1.4341,0.8708,1.0
2010-04-29,1.3256,124.76,1.4348,0.86785,1.0
2010-04-30,1.3315,125.81,1.4341,0.8703,1.0
2010-05-03,1.3238,124.95,1.4328,0.868,1.0
2010-05-04,1.3089,123.66,1.4325,0.86325,1.0
2010-05-05,1.2924,122.66,1.4325,0.8551,1.0
2010-05-06,1.2727,119.34,1.4132,0.84295,1.0
2010-05-07,1.2746,117.84,1.4144,0.86805,1.0
2010-05-10,1.2969,120.97,1.4248,0.86405,1.0
2010-05-11,1.2698,117.38,1.4095,0.8596,1.0
2010-05-12,1.2686,118.06,1.4062,0.8494,1.0
2010-05-13,1.2587,116.99,1.4011,0.853,1.0
2010-05-14,1.2492,115.55,1.402,0.8571,1.0
2010-05-17,1.2349,114.17,1.4014,0.8554,1.0
2010-05-18,1.2428,115.32,1.4028,0.85895,1.0
2010-05-19,1.227,112.49,1.4043,0.85805,1.0
2010-05-20,1.2334,111.93,1.4179,0.8644,1.0
2010-05-21,1.2497,112.08,1.4408,0.87035,1.0
2010-05-24,1.236,111.63,1.4339,0.8608,1.0
2010-05-25,1.2223,109.53,1.4244,0.85205,1.0
2010-05-26,1.2309,111.35,1.4206,0.8547,1.0
2010-05-27,1.2255,110.79,1.4164,0.84625,1.0
2010-05-28,1.2384,113.06,1.4258,0.84995,1.0
2010-05-31,1.2307,112.62,1.423,0.84863,1.0
2010-06-01,1.2155,110.65,1.4183,0.8347,1.0
2010-06-02,1.2218,112.36,1.4148,0.83345,1.0
2010-06-03,1.2268,113.74,1.4149,0.8357,1.0
2010-06-04,1.206,111.73,1.3951,0.82745,1.0
2010-06-07,1.1959,109.86,1.3911,0.8246,1.0
2010-06-08,1.1942,109.32,1.3793,0.82805,1.0
2010-06-09,1.201,109.99,1.3762,0.8259,1.0
2010-06-10,1.2045,109.84,1.3788,0.8252,1.0
2010-06-11,1.2127,111.13,1.3893,0.8293,1.0
2010-06-14,1.2249,112.43,1.391,0.8308,1.0
2010-06-15,1.2258,111.77,1.3998,0.832,1.0
2010-06-16,1.2277,112.15,1.3888,0.83085,1.0
2010-06-17,1.2363,112.89,1.3778,0.8349,1.0
2010-06-18,1.2372,112.12,1.3745,0.8357,1.0
2010-06-21,1.2391,113.1,1.3738,0.8341,1.0
2010-06-22,1.2258,111.09,1.3622,0.834,1.0
2010-06-23,1.2271,110.76,1.3611,0.8229,1.0
2010-06-24,1.2262,109.59,1.3555,0.8185,1.0
2010-06-25,1.2294,109.99,1.3533,0.8236,1.0
2010-06-28,1.2339,110.25,1.3387,0.82,1.0
2010-06-29,1.2198,108.31,1.3258,0.8104,1.0
2010-06-30,1.2271,108.79,1.3283,0.81745,1.0
2010-07-01,1.2328,108.14,1.3178,0.82215,1.0
2010-07-02,1.2548,109.88,1.3376,0.8252,1.0
2010-07-05,1.2531,109.93,1.3325,0.8275,1.0
2010-07-06,1.2579,110.46,1.3373,0.8295,1.0
2010-07-07,1.2567,109.56,1.3312,0.8319,1.0
2010-07-08,1.266,111.49,1.3321,0.8356,1.0
2010-07-09,1.2637,111.85,1.3331,0.836,1.0
2010-07-12,1.2572,111.35,1.3349,0.8363,1.0
2010-07-13,1.2569,110.95,1.3337,0.8318,1.0
2010-07-14,1.2703,112.49,1.3428,0.8343,1.0
2010-07-15,1.2828,113.11,1.342,0.83565,1.0
2010-07-16,1.3,112.54,1.3543,0.84535,1.0
2010-07-19,1.2957,112.84,1.364,0.8483,1.0
2010-07-20,1.2844,111.5,1.3537,0.84745,1.0
2010-07-21,1.2817,111.52,1.344,0.83945,1.0
2010-07-22,1.285,111.57,1.3418,0.8428,1.0
2010-07-23,1.2897,112.48,1.3488,0.8372,1.0
2010-07-26,1.2931,112.31,1.3574,0.83425,1.0
2010-07-27,1.3033,113.79,1.3775,0.8382,1.0
2010-07-28,1.2992,114.01,1.376,0.83395,1.0
2010-07-29,1.3069,113.64,1.366,0.8367,1.0
2010-07-30,1.3028,112.62,1.3541,0.8349,1.0
2010-08-02,1.3073,113.27,1.366,0.826,1.0
2010-08-03,1.3221,113.51,1.3712,0.8298,1.0
2010-08-04,1.3206,112.92,1.373,0.8284,1.0
2010-08-05,1.3184,113.66,1.382,0.8293,1.0
2010-08-06,1.3176,113.14,1.383,0.8301,1.0
2010-08-09,1.3253,113.48,1.3771,0.8304,1.0
2010-08-10,1.3133,113.23,1.3895,0.8352,1.0
2010-08-11,1.3016,110.56,1.3695,0.8278,1.0
2010-08-12,1.279,109.5,1.3492,0.8206,1.0
2010-08-13,1.2799,109.78,1.3488,0.8212,1.0
2010-08-16,1.282,109.49,1.335,0.8211,1.0
2010-08-17,1.286,109.66,1.3411,0.823,1.0
2010-08-18,1.288,109.93,1.3423,0.8233,1.0
2010-08-19,1.2836,109.82,1.3331,0.82055,1.0
2010-08-20,1.2711,108.54,1.3151,0.8191,1.0
2010-08-23,1.2704,108.23,1.316,0.8169,1.0
2010-08-24,1.2611,106.19,1.3156,0.8193,1.0
2010-08-25,1.2613,106.49,1.2994,0.8185,1.0
2010-08-26,1.2693,107.15,1.3027,0.81745,1.0
2010-08-27,1.2713,107.74,1.3004,0.8206,1.0
2010-08-30,1.27,107.54,1.3055,0.8165,1.0
2010-08-31,1.268,107.07,1.2935,0.8248,1.0
2010-09-01,1.28,107.54,1.2967,0.83105,1.0
2010-09-02,1.2818,107.81,1.2953,0.83275,1.0
2010-09-03,1.2834,108.38,1.3043,0.8332,1.0
2010-09-06,1.2874,108.42,1.307,0.83825,1.0
2010-09-07,1.2744,106.86,1.2903,0.8316,1.0
2010-09-08,1.2697,106.41,1.2837,0.82205,1.0
2010-09-09,1.2715,106.46,1.2859,0.8258,1.0
2010-09-10,1.2725,106.84,1.302,0.8234,1.0
2010-09-13,1.2801,107.69,1.2991,0.8312,1.0
2010-09-14,1.285,107.04,1.2911,0.8343,1.0
2010-09-15,1.2989,111.04,1.3019,0.8355,1.0
2010-09-16,1.3078,111.93,1.3225,0.8372,1.0
2010-09-17,1.306,111.98,1.321,0.83575,1.0
2010-09-20,1.3074,112.07,1.316,0.8383,1.0
2010-09-21,1.312,112.05,1.3156,0.84545,1.0
2010-09-22,1.3364,113.14,1.3217,0.8553,1.0
2010-09-23,1.3323,112.49,1.3138,0.8505,1.0
2010-09-24,1.3412,113.2,1.3163,0.85345,1.0
2010-09-27,1.3477,113.52,1.3257,0.8504,1.0
2010-09-28,1.346,113.22,1.3272,0.84985,1.0
2010-09-29,1.3611,113.85,1.3295,0.8618,1.0
2010-09-30,1.3648,113.68,1.3287,0.85995,1.0
2010-10-01,1.3726,114.26,1.3423,0.8676,1.0
2010-10-04,1.3705,114.1,1.3327,0.8656,1.0
2010-10-05,1.378,114.8,1.3348,0.8667,1.0
2010-10-06,1.3856,114.98,1.3361,0.8726,1.0
2010-10-07,1.397,115.1,1.3415,0.87465,1.0
2010-10-08,1.3874,114.21,1.342,0.8751,1.0
2010-10-11,1.3936,114.24,1.3412,0.8746,1.0
2010-10-12,1.3833,113.35,1.3298,0.8736,1.0
2010-10-13,1.3958,114.23,1.3352,0.8812,1.0
2010-10-14,1.4101,114.43,1.3386,0.8792,1.0
2010-10-15,1.4089,114.28,1.3423,0.8775,1.0
2010-10-18,1.3896,113.0,1.3359,0.8747,1.0
2010-10-19,1.3859,113.16,1.3405,0.8806,1.0
2010-10-20,1.3861,112.59,1.3355,0.882,1.0
2010-10-21,1.4016,113.65,1.3493,0.8902,1.0
2010-10-22,1.3934,113.18,1.3533,0.8873,1.0
2010-10-25,1.4031,113.21,1.3618,0.89255,1.0
2010-10-26,1.3912,113.11,1.3558,0.87685,1.0
2010-10-27,1.3803,112.78,1.3639,0.87235,1.0
2010-10-28,1.3857,112.57,1.3668,0.8704,1.0
2010-10-29,1.3857,111.87,1.3708,0.8686,1.0
2010-11-01,1.3926,111.94,1.3756,0.86675,1.0
2010-11-02,1.4018,113.18,1.3766,0.8749,1.0
2010-11-03,1.4014,113.67,1.3761,0.8703,1.0
2010-11-04,1.4244,115.15,1.3782,0.87585,1.0
2010-11-05,1.4084,114.41,1.3546,0.8679,1.0
2010-11-08,1.3917,112.88,1.3435,0.8627,1.0
2010-11-09,1.3945,112.44,1.342,0.86235,1.0
2010-11-10,1.377,113.48,1.3402,0.85685,1.0
2010-11-11,1.37,112.78,1.3282,0.8491,1.0
2010-11-12,1.3711,112.59,1.3357,0.8507,1.0
2010-11-15,1.3626,113.31,1.3428,0.8479,1.0
2010-11-16,1.3612,113.21,1.3408,0.851,1.0
2010-11-17,1.3481,112.5,1.3426,0.84895,1.0
2010-11-18,1.3647,113.72,1.3475,0.8522,1.0
2010-11-19,1.3674,114.09,1.3607,0.8552,1.0
2010-11-22,1.3647,113.97,1.3505,0.8549,1.0
2010-11-23,1.3496,112.5,1.3338,0.84795,1.0
2010-11-24,1.3339,111.28,1.3276,0.8438,1.0
2010-11-25,1.3321,111.35,1.3326,0.84645,1.0
2010-11-26,1.3225,110.92,1.3252,0.8447,1.0
2010-11-29,1.3146,110.73,1.3186,0.844,1.0
2010-11-30,1.2998,109.0,1.299,0.83765,1.0
2010-12-01,1.3115,110.37,1.3178,0.8393,1.0
2010-12-02,1.3155,110.97,1.316,0.8445,1.0
2010-12-03,1.3246,110.86,1.3143,0.848,1.0
2010-12-06,1.328,110.06,1.3084,0.8472,1.0
2010-12-07,1.3363,110.43,1.3062,0.8467,1.0
2010-12-08,1.32,111.08,1.306,0.8367,1.0
2010-12-09,1.3214,111.02,1.306,0.8382,1.0
2010-12-10,1.3244,110.8,1.2998,0.83715,1.0
2010-12-13,1.3267,111.55,1.2987,0.84375,1.0
2010-12-14,1.3435,111.63,1.2916,0.84865,1.0
2010-12-15,1.336,111.88,1.2826,0.8529,1.0
2010-12-16,1.3238,111.28,1.2849,0.84795,1.0
2010-12-17,1.326,111.26,1.2738,0.85185,1.0
2010-12-20,1.3147,110.1,1.2698,0.8462,1.0
2010-12-21,1.3155,110.0,1.2613,0.8503,1.0
2010-12-22,1.3112,109.68,1.2502,0.8492,1.0
2010-12-23,1.3064,108.95,1.2553,0.8482,1.0
2010-12-24,1.3099,108.63,1.2618,0.8496,1.0
2010-12-27,1.3136,108.89,1.2626,0.8523,1.0
2010-12-28,1.3195,108.2,1.2513,0.85345,1.0
2010-12-29,1.3136,107.99,1.2483,0.8539,1.0
2010-12-30,1.328,108.24,1.2475,0.8602,1.0
2010-12-31,1.3362,108.65,1.2504,0.86075,1.0
2011-01-03,1.3348,108.7,1.2465,0.86131,1.0
2011-01-04,1.3421,110.2,1.2669,0.85875,1.0
2011-01-05,1.3213,108.72,1.2617,0.8483,1.0
2011-01-06,1.3091,108.92,1.2677,0.8445,1.0
2011-01-07,1.2961,108.29,1.2512,0.8383,1.0
2011-01-10,1.2903,107.17,1.2459,0.8318,1.0
2011-01-11,1.2948,107.61,1.2538,0.8319,1.0
2011-01-12,1.2973,108.17,1.2622,0.83155,1.0
2011-01-13,1.3199,109.5,1.2823,0.83575,1.0
2011-01-14,1.3349,110.71,1.2915,0.8422,1.0
2011-01-17,1.3311,109.91,1.2854,0.8361,1.0
2011-01-18,1.3371,110.29,1.2812,0.83565,1.0
2011-01-19,1.3506,110.85,1.2964,0.8433,1.0
2011-01-20,1.3472,110.93,1.2873,0.8436,1.0
2011-01-21,1.3521,111.87,1.3013,0.84825,1.0
2011-01-24,1.3571,112.46,1.2989,0.8516,1.0
2011-01-25,1.3596,112.08,1.2871,0.862,1.0
2011-01-26,1.3681,112.47,1.2922,0.86325,1.0
2011-01-27,1.3716,113.9,1.294,0.85955,1.0
2011-01-28,1.371,112.76,1.2942,0.8609,1.0
2011-01-31,1.3692,112.49,1.2891,0.8609,1.0
2011-02-01,1.3755,112.19,1.2954,0.8536,1.0
2011-02-02,1.3803,112.35,1.2922,0.8519,1.0
2011-02-03,1.3745,112.46,1.2987,0.84865,1.0
2011-02-04,1.3631,111.42,1.2954,0.8472,1.0
2011-02-07,1.3553,111.52,1.2953,0.8402,1.0
2011-02-08,1.3635,112.09,1.303,0.8486,1.0
2011-02-09,1.3647,112.65,1.3152,0.85,1.0
2011-02-10,1.3604,112.71,1.3105,0.8478,1.0
2011-02-11,1.3524,113.01,1.3163,0.8457,1.0
2011-02-14,1.344,112.15,1.3065,0.84,1.0
2011-02-15,1.351,113.21,1.3124,0.8375,1.0
2011-02-16,1.351,113.12,1.3073,0.8419,1.0
2011-02-17,1.356,113.39,1.2973,0.8409,1.0
2011-02-18,1.3627,113.62,1.2973,0.8395,1.0
2011-02-21,1.3668,113.68,1.296,0.8425,1.0
2011-02-22,1.3667,113.63,1.2844,0.84584,1.0
2011-02-23,1.3731,113.69,1.2853,0.8459,1.0
2011-02-24,1.3773,112.69,1.2748,0.8513,1.0
2011-02-25,1.3762,112.52,1.2799,0.8553,1.0
2011-02-28,1.3834,113.26,1.284,0.8528,1.0
2011-03-01,1.3825,113.39,1.2849,0.8494,1.0
2011-03-02,1.3809,113.33,1.2799,0.8478,1.0
2011-03-03,1.385,113.43,1.2844,0.8513,1.0
2011-03-04,1.3957,115.63,1.3,0.85805,1.0
2011-03-07,1.4028,115.15,1.296,0.861,1.0
2011-03-08,1.3898,114.64,1.2949,0.8605,1.0
2011-03-09,1.3928,115.14,1.292,0.859,1.0
2011-03-10,1.3817,114.78,1.2914,0.85655,1.0
2011-03-11,1.3773,113.24,1.2842,0.8612,1.0
2011-03-14,1.3948,114.16,1.2941,0.8659,1.0
2011-03-15,1.3884,112.39,1.2756,0.8674,1.0
2011-03-16,1.3951,112.43,1.2755,0.8673,1.0
2011-03-17,1.4004,110.42,1.2625,0.86745,1.0
2011-03-18,1.413,114.68,1.2758,0.8738,1.0
2011-03-21,1.4194,115.04,1.2836,0.8717,1.0
2011-03-22,1.4211,115.15,1.2843,0.8678,1.0
2011-03-23,1.4136,114.42,1.2746,0.8699,1.0
2011-03-24,1.4128,114.34,1.2817,0.8741,1.0
2011-03-25,1.4115,114.57,1.2915,0.8778,1.0
2011-03-28,1.4032,114.59,1.2908,0.87825,1.0
2011-03-29,1.4066,115.6,1.2957,0.88145,1.0
2011-03-30,1.409,117.01,1.2993,0.8789,1.0
2011-03-31,1.4207,117.61,1.3005,0.8837,1.0
2011-04-01,1.4141,118.56,1.3059,0.8815,1.0
2011-04-04,1.424,119.56,1.313,0.88095,1.0
2011-04-05,1.4166,119.4,1.3091,0.87285,1.0
2011-04-06,1.43,121.82,1.3097,0.8775,1.0
2011-04-07,1.4283,121.7,1.3118,0.8759,1.0
2011-04-08,1.4401,122.8,1.3163,0.88095,1.0
2011-04-11,1.4434,122.26,1.3129,0.8836,1.0
2011-04-12,1.447,121.87,1.3017,0.88845,1.0
2011-04-13,1.4493,121.84,1.2995,0.8898,1.0
2011-04-14,1.4401,119.85,1.2879,0.8825,1.0
2011-04-15,1.445,120.37,1.2897,0.8838,1.0
2011-04-18,1.4275,118.25,1.2821,0.8775,1.0
2011-04-19,1.4302,118.23,1.2842,0.878,1.0
2011-04-20,1.4515,120.13,1.2944,0.8867,1.0
2011-04-21,1.4584,119.52,1.2851,0.8813,1.0
2011-04-22,,,,,1.0
2011-04-25,,,,,1.0
2011-04-26,1.4617,119.43,1.283,0.88715,1.0
2011-04-27,1.4668,120.66,1.2886,0.8864,1.0
2011-04-28,1.4794,120.97,1.2954,0.8888,1.0
2011-04-29,1.486,120.67,1.2867,0.8917,1.0
2011-05-02,1.4837,120.85,1.2856,0.8892,1.0
2011-05-03,1.478,119.36,1.278,0.89695,1.0
2011-05-04,1.4882,120.62,1.2826,0.8999,1.0
2011-05-05,1.4814,118.2,1.273,0.89865,1.0
2011-05-06,1.4501,116.5,1.2668,0.8839,1.0
2011-05-09,1.4397,116.28,1.2617,0.87925,1.0
2011-05-10,1.4358,115.72,1.2602,0.8779,1.0
2011-05-11,1.4357,116.47,1.2661,0.87075,1.0
2011-05-12,1.4153,114.54,1.2584,0.87015,1.0
2011-05-13,1.428,115.32,1.2667,0.87795,1.0
2011-05-16,1.4143,114.35,1.2542,0.8725,1.0
2011-05-17,1.4171,115.69,1.2553,0.8729,1.0
2011-05-18,1.4227,115.45,1.2545,0.88065,1.0
2011-05-19,1.4265,116.83,1.2616,0.8813,1.0
2011-05-20,1.4237,116.27,1.2477,0.87705,1.0
2011-05-23,1.402,114.68,1.238,0.86975,1.0
2011-05-24,1.4089,115.45,1.2405,0.87285,1.0
2011-05-25,1.4069,115.47,1.2324,0.8672,1.0
2011-05-26,1.4168,115.95,1.2343,0.8685,1.0
2011-05-27,1.4265,115.7,1.2221,0.86685,1.0
2011-05-30,1.4272,115.36,1.2147,0.8671,1.0
2011-05-31,1.4385,117.22,1.2275,0.87205,1.0
2011-06-01,1.4408,117.11,1.2182,0.87705,1.0
2011-06-02,1.446,116.6,1.2167,0.88295,1.0
2011-06-03,1.4488,116.89,1.2197,0.8875,1.0
2011-06-06,1.4596,117.05,1.2235,0.8903,1.0
2011-06-07,1.4652,117.55,1.2237,0.89245,1.0
2011-06-08,1.4608,116.6,1.2224,0.8929,1.0
2011-06-09,1.4614,116.86,1.2242,0.8894,1.0
2011-06-10,1.4486,116.0,1.219,0.8884,1.0
2011-06-13,1.4354,115.39,1.2023,0.8806,1.0
2011-06-14,1.4448,115.91,1.2116,0.881,1.0
2011-06-15,1.4292,115.54,1.2164,0.8797,1.0
2011-06-16,1.4088,113.63,1.1958,0.8753,1.0
2011-06-17,1.427,114.71,1.2103,0.8826,1.0
2011-06-20,1.4235,114.24,1.2039,0.8795,1.0
2011-06-21,1.4373,115.2,1.2127,0.8867,1.0
2011-06-22,1.4397,115.36,1.2109,0.8931,1.0
2011-06-23,1.4212,114.58,1.1963,0.8896,1.0
2011-06-24,1.422,114.06,1.1902,0.88855,1.0
2011-06-27,1.4205,114.74,1.1849,0.8897,1.0
2011-06-28,1.4261,115.31,1.1884,0.8942,1.0
2011-06-29,1.4425,116.93,1.2036,0.8998,1.0
2011-06-30,1.4453,116.25,1.2071,0.90255,1.0
2011-07-01,1.4488,116.92,1.2267,0.905,1.0
2011-07-04,1.45,117.11,1.2324,0.9015,1.0
2011-07-05,1.4461,117.23,1.2213,0.8984,1.0
2011-07-06,1.4318,116.03,1.2059,0.89485,1.0
2011-07-07,1.4247,115.64,1.205,0.8921,1.0
2011-07-08,1.4242,115.98,1.2102,0.8932,1.0
2011-07-11,1.4056,113.16,1.1715,0.8807,1.0
2011-07-12,1.3975,111.35,1.165,0.88265,1.0
2011-07-13,1.4073,111.65,1.1695,0.8823,1.0
2011-07-14,1.4202,112.24,1.1575,0.88095,1.0
2011-07-15,1.4146,111.97,1.1577,0.8775,1.0
2011-07-18,1.4045,111.1,1.1485,0.87315,1.0
2011-07-19,1.416,111.77,1.1607,0.8789,1.0
2011-07-20,1.4207,112.05,1.1652,0.88065,1.0
2011-07-21,1.4222,112.09,1.169,0.8787,1.0
2011-07-22,1.4391,112.83,1.1789,0.8827,1.0
2011-07-25,1.438,112.46,1.1563,0.8825,1.0
2011-07-26,1.4471,113.02,1.163,0.88235,1.0
2011-07-27,1.4446,112.46,1.1586,0.8831,1.0
2011-07-28,1.426,110.86,1.1437,0.8739,1.0
2011-07-29,1.426,110.59,1.1418,0.87485,1.0
2011-08-01,1.4415,110.84,1.127,0.87955,1.0
2011-08-02,1.417,109.61,1.1049,0.8718,1.0
2011-08-03,1.43,110.18,1.1022,0.87255,1.0
2011-08-04,1.4229,113.24,1.1012,0.87145,1.0
2011-08-05,1.4155,111.25,1.0847,0.86905,1.0
2011-08-08,1.4225,110.79,1.0849,0.8691,1.0
2011-08-09,1.4267,110.24,1.0594,0.8731,1.0
2011-08-10,1.4367,109.84,1.0451,0.8843,1.0
2011-08-11,1.4143,108.29,1.0499,0.8757,1.0
2011-08-12,1.425,109.07,1.0984,0.87635,1.0
2011-08-15,1.4309,109.87,1.1334,0.877,1.0
2011-08-16,1.436,110.12,1.1195,0.8785,1.0
2011-08-17,1.4477,110.77,1.1402,0.8776,1.0
2011-08-18,1.4369,110.08,1.141,0.8706,1.0
2011-08-19,1.4385,110.0,1.134,0.86965,1.0
2011-08-22,1.4413,110.65,1.1341,0.87365,1.0
2011-08-23,1.4462,110.72,1.141,0.876,1.0
2011-08-24,1.4433,110.51,1.1403,0.8771,1.0
2011-08-25,1.4424,111.31,1.1466,0.8812,1.0
2011-08-26,1.4402,110.41,1.1458,0.88565,1.0
2011-08-29,1.4487,111.05,1.1824,0.8846,1.0
2011-08-30,1.4402,110.55,1.1835,0.88365,1.0
2011-08-31,1.445,110.55,1.167,0.8856,1.0
2011-09-01,1.4285,110.08,1.1417,0.8812,1.0
2011-09-02,1.4255,109.56,1.1132,0.8789,1.0
2011-09-05,1.4126,108.56,1.1111,0.8751,1.0
2011-09-06,1.4099,109.09,1.2036,0.8771,1.0
2011-09-07,1.4036,108.38,1.2052,0.878,1.0
2011-09-08,1.4044,108.41,1.2135,0.8767,1.0
2011-09-09,1.3817,107.48,1.2165,0.8659,1.0
2011-09-12,1.3656,105.32,1.2055,0.86015,1.0
2011-09-13,1.3645,105.01,1.2037,0.86315,1.0
2011-09-14,1.3729,105.48,1.2033,0.8695,1.0
2011-09-15,1.3795,105.67,1.2062,0.87295,1.0
2011-09-16,1.376,105.6,1.2058,0.8717,1.0
2011-09-19,1.3641,104.62,1.2061,0.8681,1.0
2011-09-20,1.371,104.92,1.2064,0.8723,1.0
2011-09-21,1.3636,104.07,1.2208,0.8731,1.0
2011-09-22,1.3448,102.59,1.2275,0.87325,1.0
2011-09-23,1.343,102.32,1.2195,0.87235,1.0
2011-09-26,1.35,103.05,1.2206,0.8696,1.0
2011-09-27,1.3579,103.83,1.2232,0.8698,1.0
2011-09-28,1.3631,104.22,1.2205,0.87175,1.0
2011-09-29,1.3615,104.46,1.2207,0.87065,1.0
2011-09-30,1.3503,103.79,1.217,0.86665,1.0
2011-10-03,1.3327,102.39,1.214,0.8596,1.0
2011-10-04,1.3181,101.08,1.2169,0.8565,1.0
2011-10-05,1.3337,102.25,1.2265,0.863,1.0
2011-10-06,1.3269,101.87,1.2316,0.8668,1.0
2011-10-07,1.3434,103.02,1.2365,0.8648,1.0
2011-10-10,1.3593,104.26,1.2326,0.8689,1.0
2011-10-11,1.3607,104.26,1.238,0.8702,1.0
2011-10-12,1.3766,105.77,1.2367,0.87535,1.0
2011-10-13,1.3727,105.48,1.2335,0.87585,1.0
2011-10-14,1.3807,106.42,1.2388,0.8748,1.0
2011-10-17,1.3776,106.43,1.2365,0.874,1.0
2011-10-18,1.3676,104.97,1.2348,0.8702,1.0
2011-10-19,1.3828,106.19,1.2428,0.87495,1.0
2011-10-20,1.3807,106.07,1.2362,0.875,1.0
2011-10-21,1.3798,105.82,1.2307,0.86775,1.0
2011-10-24,1.3856,105.45,1.228,0.8691,1.0
2011-10-25,1.3918,105.98,1.2253,0.8701,1.0
2011-10-26,1.3927,105.67,1.2193,0.8719,1.0
2011-10-27,1.4038,106.39,1.2213,0.8763,1.0
2011-10-28,1.416,107.29,1.2211,0.87935,1.0
2011-10-31,1.4001,109.22,1.2191,0.8731,1.0
2011-11-01,1.3627,106.58,1.2174,0.85515,1.0
2011-11-02,1.3809,107.78,1.2166,0.8619,1.0
2011-11-03,1.3773,107.33,1.2156,0.8593,1.0
2011-11-04,1.3773,107.55,1.2217,0.86125,1.0
2011-11-07,1.3742,107.3,1.2342,0.85655,1.0
2011-11-08,1.3788,107.51,1.2382,0.85805,1.0
2011-11-09,1.3633,105.96,1.2322,0.85385,1.0
2011-11-10,1.3616,105.66,1.2315,0.85335,1.0
2011-11-11,1.365,105.59,1.236,0.8568,1.0
2011-11-14,1.3659,105.18,1.2368,0.8566,1.0
2011-11-15,1.3532,104.16,1.2405,0.85345,1.0
2011-11-16,1.3484,103.77,1.2384,0.8543,1.0
2011-11-17,1.348,103.76,1.2387,0.854,1.0
2011-11-18,1.3576,104.06,1.2378,0.85805,1.0
2011-11-21,1.3458,103.44,1.2375,0.86,1.0
2011-11-22,1.3535,104.15,1.235,0.8657,1.0
2011-11-23,1.3387,103.37,1.2305,0.8603,1.0
2011-11-24,1.3373,103.07,1.2268,0.8606,1.0
2011-11-25,1.3229,102.59,1.2253,0.85585,1.0
2011-11-28,1.3348,103.82,1.2309,0.8582,1.0
2011-11-29,1.3336,103.82,1.2282,0.85365,1.0
2011-11-30,1.3418,104.0,1.2265,0.8558,1.0
2011-12-01,1.3492,104.84,1.2264,0.8591,1.0
2011-12-02,1.3511,105.25,1.2343,0.8602,1.0
2011-12-05,1.3442,104.81,1.2379,0.85925,1.0
2011-12-06,1.3394,104.15,1.2388,0.85655,1.0
2011-12-07,1.3377,103.99,1.2413,0.85745,1.0
2011-12-08,1.341,103.72,1.2373,0.8528,1.0
2011-12-09,1.3384,103.95,1.2332,0.85315,1.0
2011-12-12,1.3251,103.12,1.2349,0.848,1.0
2011-12-13,1.3181,102.6,1.2345,0.84625,1.0
2011-12-14,1.2993,101.44,1.2317,0.839,1.0
2011-12-15,1.3019,101.3,1.2261,0.83935,1.0
2011-12-16,1.3064,101.7,1.2249,0.84055,1.0
2011-12-19,1.3039,101.52,1.219,0.8398,1.0
2011-12-20,1.3074,101.88,1.2192,0.8368,1.0
2011-12-21,1.3054,101.66,1.219,0.8323,1.0
2011-12-22,1.3047,101.93,1.2232,0.8325,1.0
2011-12-23,1.3057,101.93,1.2221,0.8331,1.0
2011-12-26,,,,,1.0
2011-12-27,1.3069,101.75,1.221,0.8335,1.0
2011-12-28,1.3074,101.51,1.2196,0.8342,1.0
2011-12-29,1.2889,100.24,1.2186,0.836,1.0
2011-12-30,1.2939,100.2,1.2156,0.8353,1.0
2012-01-02,1.2935,99.52,1.2155,0.83514,1.0
2012-01-03,1.3014,99.86,1.2183,0.8351,1.0
2012-01-04,1.2948,99.43,1.2196,0.8311,1.0
2012-01-05,1.2832,98.67,1.2187,0.82675,1.0
2012-01-06,1.2776,98.56,1.2177,0.8264,1.0
2012-01-09,1.2728,97.87,1.2139,0.824,1.0
2012-01-10,1.2808,98.39,1.2136,0.8282,1.0
2012-01-11,1.2718,97.87,1.212,0.8259,1.0
2012-01-12,1.2736,97.92,1.2112,0.83055,1.0
2012-01-13,1.2771,98.06,1.21,0.8332,1.0
2012-01-16,1.2669,97.25,1.2093,0.82745,1.0
2012-01-17,1.279,98.2,1.209,0.83045,1.0
2012-01-18,1.2831,98.53,1.2088,0.83385,1.0
2012-01-19,1.2911,99.19,1.2076,0.8356,1.0
2012-01-20,1.2902,99.53,1.2077,0.8339,1.0
2012-01-23,1.3017,100.1,1.2061,0.83625,1.0
2012-01-24,1.3003,100.89,1.2065,0.8346,1.0
2012-01-25,1.2942,101.02,1.2075,0.83205,1.0
2012-01-26,1.3145,101.98,1.2071,0.838,1.0
2012-01-27,1.3145,101.18,1.2078,0.83685,1.0
2012-01-30,1.311,100.53,1.2046,0.8358,1.0
2012-01-31,1.3176,100.63,1.2048,0.8351,1.0
2012-02-01,1.3175,100.29,1.2048,0.8312,1.0
2012-02-02,1.3094,99.66,1.2048,0.82765,1.0
2012-02-03,1.316,100.3,1.205,0.8322,1.0
2012-02-06,1.3042,99.97,1.2067,0.8281,1.0
2012-02-07,1.3113,100.67,1.2087,0.8302,1.0
2012-02-08,1.3274,102.11,1.2114,0.83495,1.0
2012-02-09,1.3288,102.63,1.2103,0.83665,1.0
2012-02-10,1.3189,102.43,1.2098,0.8363,1.0
2012-02-13,1.3254,102.86,1.209,0.83885,1.0
2012-02-14,1.3169,102.85,1.2075,0.83765,1.0
2012-02-15,1.3092,102.73,1.2073,0.8348,1.0
2012-02-16,1.2982,102.31,1.2072,0.82845,1.0
2012-02-17,1.3159,104.39,1.2083,0.8311,1.0
2012-02-20,1.3266,105.47,1.2075,0.8364,1.0
2012-02-21,1.3222,105.38,1.2073,0.8364,1.0
2012-02-22,1.323,106.22,1.2072,0.8442,1.0
2012-02-23,1.33,106.72,1.2053,0.8461,1.0
2012-02-24,1.3412,107.99,1.2048,0.84815,1.0
2012-02-27,1.3388,107.81,1.2052,0.845,1.0
2012-02-28,1.3454,108.39,1.205,0.8479,1.0
2012-02-29,1.3443,107.92,1.2051,0.8439,1.0
2012-03-01,1.3312,107.95,1.2052,0.8349,1.0
2012-03-02,1.3217,107.74,1.2062,0.8327,1.0
2012-03-05,1.322,107.54,1.2061,0.83465,1.0
2012-03-06,1.3153,106.66,1.2055,0.83255,1.0
2012-03-07,1.312,105.95,1.2052,0.8349,1.0
2012-03-08,1.3242,108.18,1.205,0.83865,1.0
2012-03-09,1.3191,107.93,1.2053,0.83595,1.0
2012-03-12,1.3119,107.79,1.2056,0.8392,1.0
2012-03-13,1.3057,108.03,1.206,0.83575,1.0
2012-03-14,1.3062,109.16,1.211,0.8314,1.0
2012-03-15,1.3057,108.82,1.2096,0.83345,1.0
2012-03-16,1.3116,109.81,1.207,0.8295,1.0
2012-03-19,1.315,109.73,1.2067,0.82845,1.0
2012-03-20,1.3198,110.48,1.2059,0.8322,1.0
2012-03-21,1.3225,111.11,1.2058,0.83495,1.0
2012-03-22,1.3167,109.4,1.2055,0.8333,1.0
2012-03-23,1.3242,109.1,1.2054,0.8363,1.0
2012-03-26,1.3276,109.82,1.2054,0.8352,1.0
2012-03-27,1.3333,110.57,1.2056,0.8359,1.0
2012-03-28,1.3337,110.74,1.2063,0.839,1.0
2012-03-29,1.3272,109.21,1.2051,0.8358,1.0
2012-03-30,1.3356,109.56,1.2045,0.8339,1.0
2012-04-02,1.3319,109.95,1.2044,0.83105,1.0
2012-04-03,1.3315,109.3,1.2035,0.83255,1.0
2012-04-04,1.3142,108.22,1.2038,0.8285,1.0
2012-04-05,1.3068,107.06,1.2025,0.8242,1.0
2012-04-06,,,,,1.0
2012-04-09,,,,,1.0
2012-04-10,1.3114,106.48,1.2027,0.8269,1.0
2012-04-11,1.3131,106.18,1.2011,0.82595,1.0
2012-04-12,1.3153,106.54,1.2027,0.8247,1.0
2012-04-13,1.3148,106.49,1.2017,0.8248,1.0
2012-04-16,1.3024,105.18,1.2025,0.8227,1.0
2012-04-17,1.3132,105.96,1.2018,0.8234,1.0
2012-04-18,1.3093,106.64,1.2032,0.81915,1.0
2012-04-19,1.3086,106.92,1.2021,0.8171,1.0
2012-04-20,1.3192,107.81,1.2017,0.81875,1.0
2012-04-23,1.3131,106.51,1.2018,0.8166,1.0
2012-04-24,1.3161,106.87,1.2021,0.8154,1.0
2012-04-25,1.3206,107.35,1.2018,0.8194,1.0
2012-04-26,1.3215,106.96,1.2016,0.8164,1.0
2012-04-27,1.3229,106.75,1.2014,0.8153,1.0
2012-04-30,1.3214,105.85,1.2018,0.81295,1.0
2012-05-01,,,,,1.0
2012-05-02,1.3131,105.31,1.2018,0.81205,1.0
2012-05-03,1.3123,105.49,1.2014,0.81125,1.0
2012-05-04,1.3132,105.41,1.2014,0.81195,1.0
2012-05-07,1.3033,104.19,1.2012,0.80647,1.0
2012-05-08,1.3025,104.01,1.2014,0.80645,1.0
2012-05-09,1.295,102.99,1.201,0.80495,1.0
2012-05-10,1.2961,103.31,1.2013,0.8018,1.0
2012-05-11,1.2944,103.48,1.2012,0.8033,1.0
2012-05-14,1.2863,102.64,1.201,0.8,1.0
2012-05-15,1.2843,102.65,1.201,0.8001,1.0
2012-05-16,1.2738,102.53,1.2011,0.79925,1.0
2012-05-17,1.2682,101.77,1.2011,0.8008,1.0
2012-05-18,1.2721,100.95,1.2012,0.8042,1.0
2012-05-21,1.275,101.06,1.2011,0.8075,1.0
2012-05-22,1.2768,101.99,1.2011,0.8087,1.0
2012-05-23,1.2659,100.59,1.2011,0.8044,1.0
2012-05-24,1.2557,99.75,1.201,0.80095,1.0
2012-05-25,1.2546,99.8,1.2014,0.8003,1.0
2012-05-28,1.2566,99.75,1.2019,0.8001,1.0
2012-05-29,1.2523,99.64,1.2015,0.7994,1.0
2012-05-30,1.2438,98.38,1.201,0.79775,1.0
2012-05-31,1.2403,97.66,1.201,0.7999,1.0
2012-06-01,1.2322,96.25,1.2008,0.805,1.0
2012-06-04,1.2437,97.16,1.2009,0.80845,1.0
2012-06-05,1.2429,97.25,1.201,0.81005,1.0
2012-06-06,1.2485,98.82,1.2008,0.8063,1.0
2012-06-07,1.2595,100.08,1.2011,0.8086,1.0
2012-06-08,1.2468,98.9,1.2012,0.80795,1.0
2012-06-11,1.2544,99.6,1.201,0.8077,1.0
2012-06-12,1.2492,99.4,1.2012,0.80385,1.0
2012-06-13,1.2534,99.8,1.2009,0.8063,1.0
2012-06-14,1.2551,99.51,1.2008,0.8092,1.0
2012-06-15,1.2596,99.24,1.201,0.8119,1.0
2012-06-18,1.2618,99.75,1.201,0.806,1.0
2012-06-19,1.2619,99.57,1.2009,0.8052,1.0
2012-06-20,1.2704,100.24,1.2009,0.806,1.0
2012-06-21,1.267,101.46,1.201,0.80695,1.0
2012-06-22,1.2539,100.68,1.2009,0.8042,1.0
2012-06-25,1.2488,99.57,1.2008,0.80285,1.0
2012-06-26,1.2475,98.97,1.201,0.7996,1.0
2012-06-27,1.2478,99.49,1.2011,0.7999,1.0
2012-06-28,1.2418,98.6,1.201,0.79885,1.0
2012-06-29,1.259,100.13,1.203,0.8068,1.0
2012-07-02,1.2593,100.51,1.2015,0.8041,1.0
2012-07-03,1.2575,100.26,1.2012,0.80275,1.0
2012-07-04,1.256,100.28,1.2013,0.8032,1.0
2012-07-05,1.2426,99.14,1.2012,0.7984,1.0
2012-07-06,1.2377,98.87,1.2011,0.7965,1.0
2012-07-09,1.2293,97.81,1.201,0.7936,1.0
2012-07-10,1.2285,97.64,1.201,0.7921,1.0
2012-07-11,1.226,97.14,1.201,0.78815,1.0
2012-07-12,1.2178,96.63,1.201,0.7886,1.0
2012-07-13,1.2185,96.6,1.2009,0.7875,1.0
2012-07-16,1.2177,96.25,1.201,0.7844,1.0
2012-07-17,1.2281,97.14,1.201,0.78615,1.0
2012-07-18,1.2234,96.63,1.201,0.784,1.0
2012-07-19,1.2287,96.51,1.201,0.783,1.0
2012-07-20,1.22,95.86,1.2009,0.77835,1.0
2012-07-23,1.2105,94.72,1.201,0.7798,1.0
2012-07-24,1.2089,94.63,1.201,0.7785,1.0
2012-07-25,1.2134,94.97,1.201,0.7832,1.0
2012-07-26,1.226,95.79,1.201,0.7828,1.0
2012-07-27,1.2317,96.29,1.201,0.78295,1.0
2012-07-30,1.2246,95.78,1.201,0.77985,1.0
2012-07-31,1.2284,96.03,1.2014,0.78395,1.0
2012-08-01,1.2298,96.2,1.2013,0.7875,1.0
2012-08-02,1.2346,96.64,1.2024,0.7904,1.0
2012-08-03,1.2245,95.85,1.2012,0.78745,1.0
2012-08-06,1.2379,96.99,1.2013,0.795,1.0
2012-08-07,1.2436,97.58,1.2015,0.7934,1.0
2012-08-08,1.2336,96.68,1.2012,0.7888,1.0
2012-08-09,1.2301,96.53,1.201,0.7871,1.0
2012-08-10,1.2262,96.12,1.2009,0.7861,1.0
2012-08-13,1.2339,96.61,1.201,0.78615,1.0
2012-08-14,1.2352,97.14,1.201,0.786,1.0
2012-08-15,1.2276,96.98,1.2011,0.7826,1.0
2012-08-16,1.2279,97.38,1.201,0.78195,1.0
2012-08-17,1.2337,97.97,1.2011,0.78515,1.0
2012-08-20,1.23,97.82,1.201,0.78345,1.0
2012-08-21,1.2428,98.81,1.201,0.78835,1.0
2012-08-22,1.2448,98.65,1.2009,0.78785,1.0
2012-08-23,1.2552,98.68,1.201,0.7911,1.0
2012-08-24,1.2507,98.16,1.2009,0.7896,1.0
2012-08-27,1.253,98.71,1.201,0.79244,1.0
2012-08-28,1.2548,98.59,1.201,0.7947,1.0
2012-08-29,1.2545,98.63,1.201,0.7918,1.0
2012-08-30,1.2544,98.63,1.2009,0.7911,1.0
2012-08-31,1.2611,98.96,1.2009,0.79525,1.0
2012-09-03,1.2568,98.43,1.2008,0.7912,1.0
2012-09-04,1.2579,98.58,1.201,0.7921,1.0
2012-09-05,1.2578,98.67,1.2014,0.79035,1.0
2012-09-06,1.2638,99.36,1.2049,0.7936,1.0
2012-09-07,1.2706,100.26,1.2128,0.7967,1.0
2012-09-10,1.2776,99.98,1.209,0.7997,1.0
2012-09-11,1.2787,99.7,1.2074,0.7978,1.0
2012-09-12,1.2896,100.45,1.2083,0.8017,1.0
2012-09-13,1.291,100.24,1.213,0.80145,1.0
2012-09-14,1.3095,102.24,1.2162,0.80745,1.0
2012-09-17,1.3086,102.61,1.216,0.80695,1.0
2012-09-18,1.3054,102.64,1.2113,0.8035,1.0
2012-09-19,1.3002,102.38,1.2095,0.8027,1.0
2012-09-20,1.2954,101.21,1.2088,0.80017,1.0
2012-09-21,1.2988,101.58,1.211,0.7987,1.0
2012-09-24,1.2916,100.79,1.2095,0.7968,1.0
2012-09-25,1.2932,100.57,1.2092,0.7965,1.0
2012-09-26,1.2845,99.82,1.2088,0.7949,1.0
2012-09-27,1.2874,99.98,1.2084,0.7939,1.0
2012-09-28,1.293,100.37,1.2099,0.79805,1.0
2012-10-01,1.2877,100.42,1.2095,0.7983,1.0
2012-10-02,1.293,101.02,1.2102,0.8006,1.0
2012-10-03,1.2904,101.1,1.2104,0.80085,1.0
2012-10-04,1.2951,101.88,1.2123,0.80395,1.0
2012-10-05,1.3002,102.02,1.2112,0.80325,1.0
2012-10-08,1.2958,101.45,1.211,0.8084,1.0
2012-10-09,1.2953,101.35,1.2111,0.8079,1.0
2012-10-10,1.2889,100.94,1.211,0.80495,1.0
2012-10-11,1.2918,101.26,1.2087,0.80525,1.0
2012-10-12,1.297,101.7,1.2093,0.8065,1.0
2012-10-15,1.2971,102.1,1.2091,0.80745,1.0
2012-10-16,1.3046,102.94,1.2091,0.8097,1.0
2012-10-17,1.312,103.23,1.2106,0.8115,1.0
2012-10-18,1.3118,104.01,1.2094,0.8119,1.0
2012-10-19,1.3035,103.27,1.2085,0.81275,1.0
2012-10-22,1.3063,104.27,1.2097,0.8145,1.0
2012-10-23,1.3005,103.84,1.2098,0.81365,1.0
2012-10-24,1.2942,103.33,1.21,0.8083,1.0
2012-10-25,1.2993,104.15,1.2097,0.8049,1.0
2012-10-26,1.2908,103.15,1.209,0.8012,1.0
2012-10-29,1.2898,102.69,1.2087,0.80455,1.0
2012-10-30,1.2962,103.0,1.2085,0.8062,1.0
2012-10-31,1.2993,103.78,1.2076,0.80645,1.0
2012-11-01,1.2975,103.82,1.2072,0.80315,1.0
2012-11-02,1.285,103.55,1.2073,0.8016,1.0
2012-11-05,1.2777,102.6,1.2063,0.7999,1.0
2012-11-06,1.28,102.6,1.2075,0.80095,1.0
2012-11-07,1.2746,102.11,1.2065,0.7984,1.0
2012-11-08,1.2736,101.74,1.2058,0.79655,1.0
2012-11-09,1.2694,100.44,1.2054,0.79725,1.0
2012-11-12,1.2735,101.13,1.2057,0.802,1.0
2012-11-13,1.2696,100.93,1.2046,0.79965,1.0
2012-11-14,1.2726,102.0,1.204,0.8026,1.0
2012-11-15,1.2756,103.66,1.2042,0.80545,1.0
2012-11-16,1.2745,103.44,1.2042,0.80245,1.0
2012-11-19,1.2762,103.6,1.2045,0.8032,1.0
2012-11-20,1.2809,104.39,1.2049,0.80465,1.0
2012-11-21,1.2805,105.49,1.2041,0.8037,1.0
2012-11-22,1.2893,106.42,1.2045,0.8077,1.0
2012-11-23,1.2909,106.19,1.205,0.8101,1.0
2012-11-26,1.2964,106.47,1.2046,0.80995,1.0
2012-11-27,1.2961,106.46,1.2043,0.8081,1.0
2012-11-28,1.2891,105.44,1.2033,0.80687,1.0
2012-11-29,1.2994,106.72,1.2043,0.81053,1.0
2012-11-30,1.2986,107.37,1.2054,0.8108,1.0
2012-12-03,1.3057,107.36,1.2087,0.8121,1.0
2012-12-04,1.3092,107.28,1.2136,0.8123,1.0
2012-12-05,1.3065,107.31,1.2128,0.8119,1.0
2012-12-06,1.3072,107.66,1.2114,0.81135,1.0
2012-12-07,1.2905,106.19,1.2077,0.8061,1.0
2012-12-10,1.293,106.23,1.2068,0.8044,1.0
2012-12-11,1.2993,107.11,1.2115,0.8074,1.0
2012-12-12,1.304,108.12,1.2109,0.80775,1.0
2012-12-13,1.3077,109.18,1.209,0.81005,1.0
2012-12-14,1.3081,109.55,1.2089,0.8115,1.0
2012-12-17,1.316,110.39,1.2082,0.812,1.0
2012-12-18,1.3178,110.53,1.208,0.8128,1.0
2012-12-19,1.3302,112.36,1.2096,0.8161,1.0
2012-12-20,1.3246,111.52,1.2079,0.8146,1.0
2012-12-21,1.3209,110.99,1.2077,0.8142,1.0
2012-12-24,1.3218,111.64,1.207,0.8175,1.0
2012-12-27,1.3266,113.87,1.2082,0.8199,1.0
2012-12-28,1.3183,113.5,1.208,0.81695,1.0
2012-12-31,1.3194,113.61,1.2072,0.8161,1.0
2013-01-02,1.3262,115.38,1.209,0.814,1.0
2013-01-03,1.3102,113.93,1.209,0.81075,1.0
2013-01-04,1.3012,114.96,1.2092,0.8123,1.0
2013-01-07,1.3039,114.48,1.2087,0.8117,1.0
2013-01-08,1.3086,114.56,1.2092,0.8145,1.0
2013-01-09,1.3056,114.34,1.2089,0.81505,1.0
2013-01-10,1.3113,115.76,1.2104,0.8172,1.0
2013-01-11,1.3274,118.18,1.2157,0.8232,1.0
2013-01-14,1.3341,119.1,1.2243,0.8312,1.0
2013-01-15,1.3327,118.04,1.2358,0.83025,1.0
2013-01-16,1.3277,117.06,1.2359,0.8301,1.0
2013-01-17,1.3368,119.32,1.2453,0.8341,1.0
2013-01-18,1.3324,119.87,1.2446,0.8372,1.0
2013-01-21,1.3323,119.37,1.2421,0.839,1.0
2013-01-22,1.3317,118.18,1.2383,0.83965,1.0
2013-01-23,1.333,117.98,1.2385,0.8407,1.0
2013-01-24,1.3349,119.73,1.2417,0.8439,1.0
2013-01-25,1.3469,122.71,1.2444,0.8514,1.0
2013-01-28,1.3444,122.21,1.2472,0.8545,1.0
2013-01-29,1.3433,121.52,1.2416,0.8536,1.0
2013-01-30,1.3541,123.55,1.2392,0.8583,1.0
2013-01-31,1.355,123.32,1.2342,0.857,1.0
2013-02-01,1.3644,125.78,1.2351,0.8617,1.0
2013-02-04,1.3552,125.63,1.235,0.8619,1.0
2013-02-05,1.3537,126.33,1.2299,0.8599,1.0
2013-02-06,1.3517,126.48,1.2348,0.8631,1.0
2013-02-07,1.3546,126.88,1.2312,0.8624,1.0
2013-02-08,1.3374,123.52,1.2282,0.84635,1.0
2013-02-11,1.3391,125.12,1.2294,0.8535,1.0
2013-02-12,1.3438,126.6,1.2328,0.8615,1.0
2013-02-13,1.348,125.95,1.2365,0.866,1.0
2013-02-14,1.3327,124.39,1.2293,0.8594,1.0
2013-02-15,1.3325,124.03,1.2303,0.8604,1.0
2013-02-18,1.3352,125.24,1.2332,0.8619,1.0
2013-02-19,1.3349,124.81,1.2332,0.8631,1.0
2013-02-20,1.337,125.09,1.2347,0.8733,1.0
2013-02-21,1.3186,122.85,1.229,0.8642,1.0
2013-02-22,1.3186,122.98,1.2272,0.86205,1.0
2013-02-25,1.3304,125.0,1.2305,0.8789,1.0
2013-02-26,1.3077,120.2,1.2167,0.8633,1.0
2013-02-27,1.3097,120.06,1.2177,0.86405,1.0
2013-02-28,1.3129,121.07,1.2209,0.863,1.0
2013-03-01,1.3,120.53,1.2245,0.8647,1.0
2013-03-04,1.3007,121.67,1.2256,0.864,1.0
2013-03-05,1.3034,121.45,1.2277,0.8598,1.0
2013-03-06,1.3035,121.85,1.2301,0.8644,1.0
2013-03-07,1.301,122.8,1.2318,0.865,1.0
2013-03-08,1.309,125.5,1.2355,0.871,1.0
2013-03-11,1.2994,124.91,1.236,0.87335,1.0
2013-03-12,1.3053,125.25,1.2344,0.8763,1.0
2013-03-13,1.2981,124.59,1.2319,0.8678,1.0
2013-03-14,1.2937,124.79,1.2347,0.8657,1.0
2013-03-15,1.3086,125.56,1.2308,0.864,1.0
2013-03-18,1.2929,122.88,1.2221,0.8562,1.0
2013-03-19,1.2944,123.49,1.2218,0.85585,1.0
2013-03-20,1.2945,123.69,1.2222,0.8552,1.0
2013-03-21,1.291,122.95,1.2225,0.85165,1.0
2013-03-22,1.2948,122.85,1.2212,0.8528,1.0
2013-03-25,1.2935,122.55,1.2213,0.8516,1.0
2013-03-26,1.2861,121.25,1.2209,0.849,1.0
2013-03-27,1.2768,120.3,1.2174,0.84515,1.0
2013-03-28,1.2805,120.87,1.2195,0.8456,1.0
2013-04-02,1.284,119.79,1.2159,0.8469,1.0
2013-04-03,1.2828,119.96,1.2167,0.8484,1.0
2013-04-04,1.2818,122.31,1.2155,0.84745,1.0
2013-04-05,1.2944,124.49,1.2158,0.8491,1.0
2013-04-08,1.3023,128.46,1.2168,0.85095,1.0
2013-04-09,1.304,128.92,1.22,0.85175,1.0
2013-04-10,1.3086,129.69,1.2183,0.8548,1.0
2013-04-11,1.3119,130.39,1.2187,0.852,1.0
2013-04-12,1.3052,129.54,1.2167,0.8497,1.0
2013-04-15,1.3081,127.83,1.2147,0.8529,1.0
2013-04-16,1.3129,128.37,1.2163,0.8569,1.0
2013-04-17,1.3129,128.61,1.2149,0.8613,1.0
2013-04-18,1.3045,128.4,1.2164,0.8548,1.0
2013-04-19,1.3115,130.21,1.2176,0.8544,1.0
2013-04-22,1.3037,130.0,1.2188,0.8563,1.0
2013-04-23,1.299,128.56,1.2219,0.85165,1.0
2013-04-24,1.3006,129.46,1.2302,0.8525,1.0
2013-04-25,1.308,129.67,1.2334,0.8458,1.0
2013-04-26,1.2999,128.13,1.2273,0.84,1.0
2013-04-29,1.3113,128.27,1.2279,0.844,1.0
2013-04-30,1.3072,127.35,1.2238,0.8443,1.0
2013-05-02,1.3191,129.04,1.2244,0.8466,1.0
2013-05-03,1.3114,128.6,1.2235,0.8431,1.0
2013-05-06,1.3107,130.18,1.228,0.8431,1.0
2013-05-07,1.3107,129.98,1.2333,0.8442,1.0
2013-05-08,1.3135,129.89,1.2336,0.8469,1.0
2013-05-09,1.3142,129.8,1.229,0.84435,1.0
2013-05-10,1.2988,131.94,1.243,0.8443,1.0
2013-05-13,1.2973,132.01,1.2404,0.8441,1.0
2013-05-14,1.2977,131.88,1.2416,0.84815,1.0
2013-05-15,1.2864,132.04,1.2499,0.8464,1.0
2013-05-16,1.289,132.15,1.2444,0.8455,1.0
2013-05-17,1.2869,131.87,1.2449,0.84475,1.0
2013-05-20,1.2853,131.86,1.246,0.8456,1.0
2013-05-21,1.2866,132.33,1.2476,0.8491,1.0
2013-05-22,1.2923,133.26,1.2599,0.8557,1.0
2013-05-23,1.2888,131.07,1.2486,0.85515,1.0
2013-05-24,1.2939,131.25,1.2466,0.85695,1.0
2013-05-27,1.2939,130.59,1.2452,0.8556,1.0
2013-05-28,1.2938,131.98,1.2533,0.8553,1.0
2013-05-29,1.2952,130.9,1.248,0.85695,1.0
2013-05-30,1.2944,131.7,1.2487,0.8557,1.0
2013-05-31,1.3006,130.47,1.2406,0.85365,1.0
2013-06-03,1.3008,130.37,1.2456,0.8518,1.0
2013-06-04,1.3092,131.28,1.2397,0.8558,1.0
2013-06-05,1.3067,130.13,1.2371,0.85105,1.0
2013-06-06,1.3118,129.96,1.2357,0.8491,1.0
2013-06-07,1.326,126.81,1.2273,0.8513,1.0
2013-06-10,1.3209,130.47,1.2395,0.8504,1.0
2013-06-11,1.3273,128.6,1.2305,0.8539,1.0
2013-06-12,1.3277,128.3,1.2323,0.84825,1.0
2013-06-13,1.3315,125.36,1.229,0.8495,1.0
2013-06-14,1.3303,126.37,1.2322,0.8515,1.0
2013-06-17,1.3337,126.36,1.2308,0.84755,1.0
2013-06-18,1.3374,127.55,1.2315,0.8562,1.0
2013-06-19,1.3406,127.44,1.2326,0.8558,1.0
2013-06-20,1.32,129.26,1.2319,0.8545,1.0
2013-06-21,1.318,128.66,1.2257,0.8533,1.0
2013-06-24,1.3086,128.54,1.2241,0.85115,1.0
2013-06-25,1.3134,127.79,1.2268,0.8486,1.0
2013-06-26,1.3024,127.33,1.2262,0.8482,1.0
2013-06-27,1.3032,127.93,1.2326,0.8531,1.0
2013-06-28,1.308,129.39,1.2338,0.8572,1.0
2013-07-01,1.3037,129.99,1.234,0.85625,1.0
2013-07-02,1.3017,130.08,1.2354,0.8579,1.0
2013-07-03,1.2959,128.85,1.2285,0.8492,1.0
2013-07-04,1.2984,129.64,1.2328,0.8598,1.0
2013-07-05,1.2883,128.97,1.2348,0.86055,1.0
2013-07-08,1.285,130.04,1.2404,0.8616,1.0
2013-07-09,1.2857,130.07,1.2452,0.865,1.0
2013-07-10,1.2813,128.44,1.244,0.8602,1.0
2013-07-11,1.3044,129.63,1.2414,0.8629,1.0
2013-07-12,1.3034,129.75,1.2388,0.8627,1.0
2013-07-15,1.3012,130.68,1.2394,0.8647,1.0
2013-07-16,1.3118,130.35,1.2371,0.8693,1.0
2013-07-17,1.3136,131.15,1.234,0.86315,1.0
2013-07-18,1.3093,131.22,1.237,0.8609,1.0
2013-07-19,1.3123,131.67,1.2361,0.85995,1.0
2013-07-22,1.3166,131.47,1.237,0.859,1.0
2013-07-23,1.318,131.91,1.2387,0.85955,1.0
2013-07-24,1.3246,132.6,1.2388,0.8626,1.0
2013-07-25,1.3202,131.81,1.2365,0.8637,1.0
2013-07-26,1.326,130.84,1.2334,0.86105,1.0
2013-07-29,1.327,129.91,1.233,0.8634,1.0
2013-07-30,1.3284,129.99,1.2335,0.86735,1.0
2013-07-31,1.3275,130.0,1.2317,0.8735,1.0
2013-08-01,1.3236,130.69,1.2317,0.8692,1.0
2013-08-02,1.3203,131.78,1.2383,0.87135,1.0
2013-08-05,1.3257,130.62,1.2352,0.86425,1.0
2013-08-06,1.328,130.27,1.2313,0.86575,1.0
2013-08-07,1.3305,129.21,1.2321,0.85955,1.0
2013-08-08,1.336,128.68,1.2307,0.862,1.0
2013-08-09,1.3373,128.96,1.231,0.86135,1.0
2013-08-12,1.328,128.66,1.2327,0.8586,1.0
2013-08-13,1.329,130.27,1.2358,0.85955,1.0
2013-08-14,1.3243,130.17,1.2415,0.8544,1.0
2013-08-15,1.3297,130.48,1.2427,0.8533,1.0
2013-08-16,1.334,130.03,1.2354,0.85325,1.0
2013-08-19,1.3344,130.72,1.2352,0.8529,1.0
2013-08-20,1.3392,130.33,1.2323,0.8549,1.0
2013-08-21,1.3384,130.52,1.231,0.85295,1.0
2013-08-22,1.3323,131.45,1.2349,0.85505,1.0
2013-08-23,1.3355,132.35,1.2358,0.8591,1.0
2013-08-26,1.3361,131.74,1.2352,0.8585,1.0
2013-08-27,1.3338,130.07,1.2293,0.8609,1.0
2013-08-28,1.3347,130.1,1.229,0.8632,1.0
2013-08-29,1.3266,130.34,1.2308,0.8549,1.0
2013-08-30,1.3235,130.01,1.231,0.85395,1.0
2013-09-02,1.3207,131.09,1.2317,0.84775,1.0
2013-09-03,1.3172,130.98,1.2325,0.8473,1.0
2013-09-04,1.3171,131.06,1.2345,0.8438,1.0
2013-09-05,1.3202,131.64,1.239,0.8431,1.0
2013-09-06,1.3117,130.71,1.2382,0.842,1.0
2013-09-09,1.3194,131.3,1.235,0.8413,1.0
2013-09-10,1.324,132.8,1.2392,0.8438,1.0
2013-09-11,1.3268,132.96,1.2395,0.8414,1.0
2013-09-12,1.329,132.18,1.2368,0.841,1.0
2013-09-13,1.3295,132.43,1.2376,0.8399,1.0
2013-09-16,1.3357,132.05,1.2374,0.8385,1.0
2013-09-17,1.3356,132.44,1.2375,0.8397,1.0
2013-09-18,1.3352,132.18,1.237,0.8358,1.0
2013-09-19,1.3545,134.09,1.2333,0.842,1.0
2013-09-20,1.3514,134.57,1.233,0.8436,1.0
2013-09-23,1.3508,133.59,1.2323,0.84115,1.0
2013-09-24,1.3473,132.92,1.2295,0.84431,1.0
2013-09-25,1.3504,133.14,1.2304,0.84165,1.0
2013-09-26,1.3499,133.41,1.2288,0.8418,1.0
2013-09-27,1.3537,133.28,1.2248,0.84,1.0
2013-09-30,1.3505,131.78,1.2225,0.83605,1.0
2013-10-01,1.3554,132.6,1.2253,0.8345,1.0
2013-10-02,1.3515,131.76,1.2241,0.8341,1.0
2013-10-03,1.3594,132.81,1.2276,0.8394,1.0
2013-10-04,1.3593,132.03,1.2271,0.8469,1.0
2013-10-07,1.3572,131.46,1.2262,0.8437,1.0
2013-10-08,1.3576,131.94,1.2284,0.84265,1.0
2013-10-09,1.3515,131.55,1.2313,0.8464,1.0
2013-10-10,1.3532,132.37,1.2311,0.8481,1.0
2013-10-11,1.3566,133.38,1.2314,0.849,1.0
2013-10-14,1.3564,133.19,1.2334,0.8483,1.0
2013-10-15,1.3493,132.89,1.2361,0.84635,1.0
2013-10-16,1.3561,133.38,1.2341,0.8459,1.0
2013-10-17,1.3662,133.64,1.2327,0.8476,1.0
2013-10-18,1.3684,133.73,1.2343,0.84515,1.0
2013-10-21,1.3667,134.17,1.2352,0.8465,1.0
2013-10-22,1.3674,134.52,1.2355,0.8476,1.0
2013-10-23,1.3752,133.95,1.2307,0.8516,1.0
2013-10-24,1.3805,134.32,1.2303,0.8537,1.0
2013-10-25,1.3777,134.15,1.2348,0.8519,1.0
2013-10-28,1.3784,134.65,1.2343,0.8534,1.0
2013-10-29,1.3768,134.88,1.2358,0.8567,1.0
2013-10-30,1.3755,135.11,1.2347,0.8559,1.0
2013-10-31,1.3641,133.99,1.2333,0.8502,1.0
2013-11-01,1.3505,132.9,1.231,0.84635,1.0
2013-11-04,1.3506,133.28,1.2321,0.8456,1.0
2013-11-05,1.3494,132.59,1.2297,0.8403,1.0
2013-11-06,1.3517,133.33,1.2321,0.8403,1.0
2013-11-07,1.3365,132.0,1.2298,0.8321,1.0
2013-11-08,1.3431,131.58,1.2302,0.83525,1.0
2013-11-11,1.3394,132.86,1.2328,0.8381,1.0
2013-11-12,1.3432,133.87,1.2328,0.8447,1.0
2013-11-13,1.3415,133.27,1.2316,0.8399,1.0
2013-11-14,1.3436,134.26,1.2332,0.83715,1.0
2013-11-15,1.346,134.99,1.2346,0.8377,1.0
2013-11-18,1.3517,135.23,1.2321,0.8388,1.0
2013-11-19,1.3502,134.89,1.2333,0.8385,1.0
2013-11-20,1.3527,135.2,1.2323,0.83765,1.0
2013-11-21,1.3472,135.83,1.2318,0.835,1.0
2013-11-22,1.3518,136.74,1.2302,0.8344,1.0
2013-11-25,1.3514,137.57,1.2311,0.8348,1.0
2013-11-26,1.3547,137.34,1.2312,0.8383,1.0
2013-11-27,1.3596,138.43,1.2305,0.83405,1.0
2013-11-28,1.3592,139.06,1.2323,0.83215,1.0
2013-11-29,1.3611,139.21,1.2298,0.83275,1.0
2013-12-02,1.3536,139.16,1.2321,0.82605,1.0
2013-12-03,1.3578,139.31,1.2287,0.8271,1.0
2013-12-04,1.3592,139.31,1.2268,0.83,1.0
2013-12-05,1.3594,138.73,1.2262,0.8313,1.0
2013-12-06,1.3661,139.63,1.2231,0.8358,1.0
2013-12-09,1.3722,141.33,1.2231,0.83765,1.0
2013-12-10,1.375,141.35,1.2214,0.83645,1.0
2013-12-11,1.3767,141.22,1.2219,0.84025,1.0
2013-12-12,1.3775,141.51,1.2211,0.8397,1.0
2013-12-13,1.3727,141.93,1.2226,0.8437,1.0
2013-12-16,1.3776,141.87,1.2212,0.84385,1.0
2013-12-17,1.3749,141.61,1.2206,0.8456,1.0
2013-12-18,1.3749,141.61,1.2211,0.8401,1.0
2013-12-19,1.3667,142.55,1.2261,0.8349,1.0
2013-12-20,1.3655,142.66,1.2263,0.8348,1.0
2013-12-23,1.3702,142.38,1.2257,0.8377,1.0
2013-12-24,1.3684,142.66,1.2243,0.83603,1.0
2013-12-27,1.3814,145.02,1.2234,0.83665,1.0
2013-12-30,1.3783,145.02,1.2259,0.8364,1.0
2013-12-31,1.3791,144.72,1.2276,0.8337,1.0
2014-01-02,1.3658,143.82,1.2307,0.8282,1.0
2014-01-03,1.3634,142.46,1.2309,0.83045,1.0
2014-01-06,1.3602,142.28,1.2319,0.8303,1.0
2014-01-07,1.3641,142.43,1.2367,0.83115,1.0
2014-01-08,1.3594,142.33,1.2383,0.8277,1.0
2014-01-09,1.3612,142.92,1.2368,0.82575,1.0
2014-01-10,1.3587,142.67,1.2342,0.828,1.0
2014-01-13,1.3654,141.37,1.2342,0.8317,1.0
2014-01-14,1.3667,141.62,1.2334,0.83145,1.0
2014-01-15,1.3606,141.86,1.2354,0.8302,1.0
2014-01-16,1.3597,142.21,1.235,0.83215,1.0
2014-01-17,1.3584,141.8,1.2332,0.8262,1.0
2014-01-20,1.3566,141.05,1.2337,0.8262,1.0
2014-01-21,1.3526,141.58,1.2357,0.8239,1.0
2014-01-22,1.3566,141.57,1.2345,0.819,1.0
2014-01-23,1.3639,141.99,1.2317,0.82175,1.0
2014-01-24,1.3687,140.18,1.2256,0.8291,1.0
2014-01-27,1.3658,140.39,1.2267,0.82505,1.0
2014-01-28,1.3649,140.61,1.2278,0.82285,1.0
2014-01-29,1.3608,139.73,1.2255,0.8221,1.0
2014-01-30,1.3574,139.28,1.2233,0.8238,1.0
2014-01-31,1.3516,138.13,1.222,0.82135,1.0
2014-02-03,1.3498,137.82,1.2226,0.8259,1.0
2014-02-04,1.3519,137.05,1.2215,0.82905,1.0
2014-02-05,1.3543,136.78,1.2222,0.8322,1.0
2014-02-06,1.3495,136.93,1.2224,0.82875,1.0
2014-02-07,1.3574,138.79,1.2237,0.8314,1.0
2014-02-10,1.3638,139.26,1.2234,0.8316,1.0
2014-02-11,1.3676,140.0,1.2235,0.83075,1.0
2014-02-12,1.3573,138.89,1.2249,0.8216,1.0
2014-02-13,1.3675,139.42,1.2216,0.8215,1.0
2014-02-14,1.3707,139.48,1.2221,0.82035,1.0
2014-02-17,1.3699,139.6,1.2221,0.81885,1.0
2014-02-18,1.3731,140.77,1.2221,0.8233,1.0
2014-02-19,1.3745,140.08,1.2214,0.8251,1.0
2014-02-20,1.3706,139.91,1.2203,0.822,1.0
2014-02-21,1.3707,140.5,1.2195,0.82183,1.0
2014-02-24,1.3735,140.69,1.2209,0.82465,1.0
2014-02-25,1.3754,140.65,1.2193,0.82395,1.0
2014-02-26,1.3726,140.5,1.2198,0.8226,1.0
2014-02-27,1.3656,139.15,1.2161,0.82035,1.0
2014-02-28,1.3813,140.63,1.2153,0.82625,1.0
2014-03-03,1.3768,139.51,1.2129,0.82305,1.0
2014-03-04,1.3768,140.2,1.2172,0.8246,1.0
2014-03-05,1.3732,140.71,1.2186,0.8217,1.0
2014-03-06,1.3745,141.22,1.219,0.8234,1.0
2014-03-07,1.3894,143.02,1.2191,0.8285,1.0
2014-03-10,1.3881,143.39,1.2192,0.8338,1.0
2014-03-11,1.385,143.05,1.2175,0.8336,1.0
2014-03-12,1.3887,142.68,1.2159,0.8359,1.0
2014-03-13,1.3942,143.3,1.216,0.83545,1.0
2014-03-14,1.3884,140.63,1.2124,0.83665,1.0
2014-03-17,1.3906,141.45,1.2154,0.83675,1.0
2014-03-18,1.3902,141.1,1.2162,0.8383,1.0
2014-03-19,1.3913,141.31,1.2167,0.8368,1.0
2014-03-20,1.3762,140.85,1.219,0.83455,1.0
2014-03-21,1.378,141.07,1.2182,0.8357,1.0
2014-03-24,1.3774,141.05,1.2197,0.8354,1.0
2014-03-25,1.3789,141.22,1.2197,0.8348,1.0
2014-03-26,1.3791,141.25,1.2216,0.8336,1.0
2014-03-27,1.3758,140.75,1.2187,0.8277,1.0
2014-03-28,1.3759,140.9,1.2186,0.8272,1.0
2014-03-31,1.3788,142.42,1.2194,0.8282,1.0
2014-04-01,1.379,142.53,1.2178,0.8292,1.0
2014-04-02,1.3795,143.03,1.219,0.828,1.0
2014-04-03,1.3771,143.12,1.2209,0.8297,1.0
2014-04-04,1.37,142.33,1.2235,0.8267,1.0
2014-04-07,1.3723,141.65,1.2202,0.8271,1.0
2014-04-08,1.3774,140.9,1.22,0.8242,1.0
2014-04-09,1.3794,140.73,1.2184,0.82375,1.0
2014-04-10,1.3867,141.0,1.218,0.8272,1.0
2014-04-11,1.3872,140.69,1.2161,0.8291,1.0
2014-04-14,1.3827,140.87,1.2154,0.8274,1.0
2014-04-15,1.3803,140.62,1.2162,0.8251,1.0
2014-04-16,1.384,141.55,1.2169,0.8239,1.0
2014-04-17,1.3855,141.57,1.2175,0.8243,1.0
2014-04-22,1.3817,141.69,1.2214,0.8205,1.0
2014-04-23,1.3834,141.46,1.2198,0.8239,1.0
2014-04-24,1.382,141.63,1.2203,0.823,1.0
2014-04-25,1.3831,141.05,1.2194,0.82285,1.0
2014-04-28,1.3861,141.85,1.2181,0.8228,1.0
2014-04-29,1.3826,142.03,1.22,0.8222,1.0
2014-04-30,1.385,142.07,1.22,0.823,1.0
2014-05-02,1.3862,142.06,1.2189,0.8214,1.0
2014-05-05,1.3874,141.44,1.2174,0.82293,1.0
2014-05-06,1.3945,141.89,1.2169,0.82115,1.0
2014-05-07,1.3927,141.68,1.2186,0.8207,1.0
2014-05-08,1.3953,141.95,1.2178,0.8233,1.0
2014-05-09,1.3781,140.14,1.2186,0.81725,1.0
2014-05-12,1.3765,140.31,1.2211,0.81515,1.0
2014-05-13,1.3703,140.25,1.2201,0.81395,1.0
2014-05-14,1.3719,139.65,1.2199,0.8177,1.0
2014-05-15,1.3659,139.17,1.2227,0.8152,1.0
2014-05-16,1.3696,138.95,1.221,0.8148,1.0
2014-05-19,1.3715,138.79,1.2228,0.8146,1.0
2014-05-20,1.3702,138.88,1.2223,0.814,1.0
2014-05-21,1.3676,138.18,1.2216,0.8094,1.0
2014-05-22,1.3668,138.96,1.2215,0.8104,1.0
2014-05-23,1.363,138.92,1.221,0.80935,1.0
2014-05-26,1.3635,138.97,1.221,0.8099,1.0
2014-05-27,1.3638,139.01,1.2221,0.811,1.0
2014-05-28,1.3608,138.73,1.2225,0.8125,1.0
2014-05-29,1.3612,138.34,1.221,0.8145,1.0
2014-05-30,1.3607,138.36,1.2204,0.8131,1.0
2014-06-02,1.3611,138.94,1.2214,0.8129,1.0
2014-06-03,1.3645,139.64,1.2216,0.8147,1.0
2014-06-04,1.3627,139.78,1.2204,0.813,1.0
2014-06-05,1.3567,139.24,1.22,0.8103,1.0
2014-06-06,1.3642,139.71,1.2185,0.8108,1.0
2014-06-09,1.3608,139.39,1.2193,0.80985,1.0
2014-06-10,1.3547,138.63,1.2188,0.8075,1.0
2014-06-11,1.3547,138.19,1.2179,0.807,1.0
2014-06-12,1.3528,138.12,1.2174,0.8039,1.0
2014-06-13,1.3534,138.08,1.2178,0.7979,1.0
2014-06-16,1.3532,137.81,1.2176,0.7974,1.0
2014-06-17,1.3568,138.4,1.2188,0.7994,1.0
2014-06-18,1.3563,138.65,1.218,0.8005,1.0
2014-06-19,1.362,138.82,1.217,0.79985,1.0
2014-06-20,1.3588,138.68,1.2169,0.7975,1.0
2014-06-23,1.3596,138.46,1.2167,0.7994,1.0
2014-06-24,1.3618,138.8,1.2173,0.8015,1.0
2014-06-25,1.3615,138.73,1.2168,0.80225,1.0
2014-06-26,1.3606,138.49,1.2164,0.7991,1.0
2014-06-27,1.362,138.09,1.2162,0.79965,1.0
2014-06-30,1.3658,138.44,1.2156,0.8015,1.0
2014-07-01,1.3688,138.98,1.2138,0.7981,1.0
2014-07-02,1.3656,138.65,1.2137,0.7958,1.0
2014-07-03,1.3646,139.06,1.2147,0.7965,1.0
2014-07-04,1.3588,138.67,1.216,0.7926,1.0
2014-07-07,1.3592,138.53,1.2155,0.79385,1.0
2014-07-08,1.3589,138.26,1.2155,0.79385,1.0
2014-07-09,1.3603,138.38,1.2158,0.79555,1.0
2014-07-10,1.3604,137.87,1.2143,0.79505,1.0
2014-07-11,1.3595,137.75,1.2143,0.7941,1.0
2014-07-14,1.3627,138.29,1.2139,0.7966,1.0
2014-07-15,1.3613,138.28,1.2142,0.7931,1.0
2014-07-16,1.3532,137.73,1.2156,0.7903,1.0
2014-07-17,1.3525,137.27,1.2147,0.7909,1.0
2014-07-18,1.3525,137.07,1.2144,0.79155,1.0
2014-07-21,1.3518,136.97,1.2144,0.7915,1.0
2014-07-22,1.3481,136.93,1.2151,0.7905,1.0
2014-07-23,1.3465,136.51,1.215,0.7908,1.0
2014-07-24,1.3472,136.97,1.2152,0.79215,1.0
2014-07-25,1.344,136.97,1.2152,0.79115,1.0
2014-07-28,1.3433,136.74,1.215,0.79055,1.0
2014-07-29,1.3429,137.04,1.2152,0.7924,1.0
2014-07-30,1.3401,137.05,1.2165,0.7917,1.0
2014-07-31,1.3379,137.66,1.2169,0.7928,1.0
2014-08-01,1.3395,137.92,1.2163,0.7961,1.0
2014-08-04,1.3422,137.72,1.2167,0.7972,1.0
2014-08-05,1.3382,137.46,1.2175,0.7939,1.0
2014-08-06,1.3345,136.58,1.2152,0.79285,1.0
2014-08-07,1.3368,136.76,1.215,0.794,1.0
2014-08-08,1.3388,136.45,1.2137,0.7967,1.0
2014-08-11,1.3386,136.72,1.2134,0.7976,1.0
2014-08-12,1.3346,136.49,1.2138,0.7955,1.0
2014-08-13,1.336,136.89,1.2135,0.7997,1.0
2014-08-14,1.3373,136.99,1.2124,0.8016,1.0
2014-08-15,1.3388,137.33,1.2114,0.80215,1.0
2014-08-18,1.3383,137.22,1.2107,0.8002,1.0
2014-08-19,1.3354,137.12,1.2104,0.80265,1.0
2014-08-20,1.3284,137.23,1.2106,0.7981,1.0
2014-08-21,1.3262,137.71,1.2109,0.79925,1.0
2014-08-22,1.3267,137.7,1.21,0.8003,1.0
2014-08-25,1.32,137.13,1.2087,0.79567,1.0
2014-08-26,1.3192,137.15,1.2086,0.79605,1.0
2014-08-27,1.3177,136.88,1.2068,0.794,1.0
2014-08-28,1.3178,136.68,1.206,0.7945,1.0
2014-08-29,1.3188,137.11,1.2061,0.7953,1.0
2014-09-01,1.3133,136.97,1.2072,0.79025,1.0
2014-09-02,1.3115,137.63,1.2072,0.7933,1.0
2014-09-03,1.3151,138.11,1.2078,0.79855,1.0
2014-09-04,1.3015,136.89,1.2055,0.7932,1.0
2014-09-05,1.2948,136.27,1.2064,0.79455,1.0
2014-09-08,1.2947,136.32,1.2069,0.80235,1.0
2014-09-09,1.2902,136.9,1.206,0.8005,1.0
2014-09-10,1.2929,137.9,1.2072,0.80125,1.0
2014-09-11,1.2928,138.38,1.21,0.7958,1.0
2014-09-12,1.2931,138.72,1.2089,0.7966,1.0
2014-09-15,1.2911,138.48,1.2099,0.79495,1.0
2014-09-16,1.2949,138.67,1.2085,0.7992,1.0
2014-09-17,1.2956,139.05,1.2101,0.7936,1.0
2014-09-18,1.2872,140.11,1.2086,0.7883,1.0
2014-09-19,1.2852,139.84,1.2067,0.7865,1.0
2014-09-22,1.2845,140.09,1.2069,0.7866,1.0
2014-09-23,1.2892,139.87,1.2069,0.786,1.0
2014-09-24,1.2826,139.5,1.2077,0.7823,1.0
2014-09-25,1.2712,138.88,1.2076,0.7804,1.0
2014-09-26,1.2732,138.93,1.2071,0.7807,1.0
2014-09-29,1.2701,138.97,1.2071,0.7827,1.0
2014-09-30,1.2583,138.11,1.2063,0.7773,1.0
2014-10-01,1.2603,138.53,1.2072,0.7782,1.0
2014-10-02,1.2631,137.47,1.2085,0.7824,1.0
2014-10-03,1.2616,137.46,1.2089,0.78525,1.0
2014-10-06,1.2565,137.25,1.212,0.78575,1.0
2014-10-07,1.2607,136.9,1.2115,0.784,1.0
2014-10-08,1.2645,136.97,1.2132,0.787,1.0
2014-10-09,1.2763,137.37,1.2107,0.7875,1.0
2014-10-10,1.2638,136.27,1.2092,0.7882,1.0
2014-10-13,1.2679,135.95,1.2077,0.788,1.0
2014-10-14,1.2646,135.29,1.2079,0.7945,1.0
2014-10-15,1.2666,135.5,1.2072,0.7957,1.0
2014-10-16,1.2749,134.95,1.2061,0.797,1.0
2014-10-17,1.2823,136.45,1.2074,0.7955,1.0
2014-10-20,1.2773,136.62,1.2064,0.7914,1.0
2014-10-21,1.2762,136.2,1.2068,0.79,1.0
2014-10-22,1.2693,135.79,1.2062,0.7909,1.0
2014-10-23,1.2669,136.42,1.2067,0.7904,1.0
2014-10-24,1.2659,136.64,1.206,0.7887,1.0
2014-10-27,1.2679,136.76,1.206,0.7871,1.0
2014-10-28,1.2748,137.45,1.2056,0.7881,1.0
2014-10-29,1.2737,137.75,1.2059,0.79095,1.0
2014-10-30,1.2598,137.27,1.2059,0.7872,1.0
2014-10-31,1.2524,140.18,1.2067,0.78425,1.0
2014-11-03,1.2493,142.19,1.2054,0.78085,1.0
2014-11-04,1.2514,141.96,1.2055,0.7819,1.0
2014-11-05,1.248,143.21,1.2043,0.7843,1.0
2014-11-06,1.2517,143.33,1.2045,0.78615,1.0
2014-11-07,1.2393,142.89,1.204,0.7834,1.0
2014-11-10,1.2486,142.56,1.2028,0.7852,1.0
2014-11-11,1.2424,143.88,1.2024,0.7836,1.0
2014-11-12,1.2467,143.63,1.2023,0.788,1.0
2014-11-13,1.2456,143.87,1.2018,0.7912,1.0
2014-11-14,1.2436,144.94,1.2015,0.7944,1.0
2014-11-17,1.2496,145.3,1.2013,0.7989,1.0
2014-11-18,1.2514,145.91,1.2013,0.7994,1.0
2014-11-19,1.2535,147.45,1.2014,0.79965,1.0
2014-11-20,1.2539,148.25,1.2014,0.7989,1.0
2014-11-21,1.2422,146.46,1.2024,0.7921,1.0
2014-11-24,1.241,146.82,1.2027,0.7916,1.0
2014-11-25,1.2424,146.66,1.203,0.7929,1.0
2014-11-26,1.2475,146.91,1.2026,0.79095,1.0
2014-11-27,1.248,146.67,1.2022,0.792,1.0
2014-11-28,1.2483,147.69,1.2018,0.7953,1.0
2014-12-01,1.2469,147.62,1.2028,0.7927,1.0
2014-12-02,1.2424,148.08,1.204,0.7936,1.0
2014-12-03,1.2331,147.2,1.2032,0.7862,1.0
2014-12-04,1.2311,147.64,1.2035,0.7861,1.0
2014-12-05,1.2362,149.03,1.2021,0.7881,1.0
2014-12-08,1.2258,148.45,1.2023,0.7845,1.0
2014-12-09,1.2369,148.02,1.2021,0.79015,1.0
2014-12-10,1.2392,147.33,1.2024,0.78975,1.0
2014-12-11,1.2428,147.2,1.2012,0.7927,1.0
2014-12-12,1.245,147.41,1.201,0.7925,1.0
2014-12-15,1.2426,147.67,1.2011,0.7936,1.0
2014-12-16,1.2537,145.79,1.2009,0.7965,1.0
2014-12-17,1.2448,145.89,1.201,0.7932,1.0
2014-12-18,1.2285,145.96,1.2052,0.7865,1.0
2014-12-19,1.2279,146.41,1.2039,0.7847,1.0
2014-12-22,1.2259,147.06,1.2035,0.7849,1.0
2014-12-23,1.2213,146.8,1.2032,0.7867,1.0
2014-12-24,1.2219,147.07,1.2025,0.7865,1.0
2014-12-29,1.2197,146.96,1.2028,0.7842,1.0
2014-12-30,1.216,145.41,1.2028,0.7823,1.0
2014-12-31,1.2141,145.23,1.2024,0.7789,1.0
2015-01-02,1.2043,145.21,1.2022,0.78,1.0
2015-01-05,1.1915,143.0,1.2016,0.7827,1.0
2015-01-06,1.1914,141.69,1.2014,0.7842,1.0
2015-01-07,1.1831,141.17,1.2011,0.7823,1.0
2015-01-08,1.1768,141.0,1.201,0.7811,1.0
2015-01-09,1.1813,140.81,1.201,0.7799,1.0
2015-01-12,1.1804,140.56,1.201,0.7791,1.0
2015-01-13,1.1782,139.56,1.201,0.7767,1.0
2015-01-14,1.1775,137.48,1.201,0.7753,1.0
2015-01-15,1.1708,136.48,1.028,0.7672,1.0
2015-01-16,1.1588,135.06,1.0128,0.7637,1.0
2015-01-19,1.1605,136.27,1.012,0.7664,1.0
2015-01-20,1.1579,137.37,1.0087,0.7637,1.0
2015-01-21,1.1593,136.07,0.9997,0.7671,1.0
2015-01-22,1.1618,136.7,0.9943,0.7644,1.0
2015-01-23,1.1198,132.12,0.9816,0.7473,1.0
2015-01-26,1.1244,133.03,1.0014,0.74895,1.0
2015-01-27,1.1306,133.08,1.017,0.74725,1.0
2015-01-28,1.1344,133.7,1.0242,0.7466,1.0
2015-01-29,1.1315,133.43,1.0372,0.74775,1.0
2015-01-30,1.1305,133.08,1.0468,0.7511,1.0
2015-02-02,1.131,133.06,1.0519,0.7526,1.0
2015-02-03,1.1376,133.48,1.0526,0.75395,1.0
2015-02-04,1.1446,134.49,1.0602,0.7516,1.0
2015-02-05,1.141,133.98,1.0587,0.7482,1.0
2015-02-06,1.1447,134.28,1.0534,0.7473,1.0
2015-02-09,1.1275,133.72,1.0428,0.7415,1.0
2015-02-10,1.1297,134.67,1.0457,0.742,1.0
2015-02-11,1.1314,135.5,1.0465,0.7396,1.0
2015-02-12,1.1328,135.72,1.0559,0.7376,1.0
2015-02-13,1.1381,135.46,1.0576,0.7401,1.0
2015-02-16,1.1408,135.26,1.0626,0.7421,1.0
2015-02-17,1.1415,135.61,1.0631,0.7434,1.0
2015-02-18,1.1372,135.69,1.0707,0.7372,1.0
2015-02-19,1.1387,135.52,1.0796,0.7379,1.0
2015-02-20,1.1298,133.91,1.0718,0.7348,1.0
2015-02-23,1.1298,134.5,1.0727,0.7352,1.0
2015-02-24,1.1328,135.36,1.0755,0.7344,1.0
2015-02-25,1.1346,134.92,1.0773,0.7328,1.0
2015-02-26,1.1317,134.54,1.0745,0.7301,1.0
2015-02-27,1.124,134.05,1.0636,0.7278,1.0
2015-03-02,1.1227,134.47,1.0724,0.7294,1.0
2015-03-03,1.1168,133.74,1.0736,0.7276,1.0
2015-03-04,1.1124,133.15,1.0694,0.7259,1.0
2015-03-05,1.1069,133.1,1.0697,0.7251,1.0
2015-03-06,1.0963,131.48,1.07,0.722,1.0
2015-03-09,1.086,131.31,1.0691,0.7186,1.0
2015-03-10,1.0738,130.29,1.0703,0.7128,1.0
2015-03-11,1.0578,128.33,1.0655,0.70355,1.0
2015-03-12,1.0613,128.29,1.0636,0.7091,1.0
2015-03-13,1.0572,128.41,1.0648,0.71525,1.0
2015-03-16,1.0557,127.96,1.0615,0.7131,1.0
2015-03-17,1.0635,128.9,1.066,0.71995,1.0
2015-03-18,1.0592,128.35,1.0627,0.723,1.0
2015-03-19,1.0677,129.12,1.0595,0.7183,1.0
2015-03-20,1.0776,130.26,1.0552,0.7255,1.0
2015-03-23,1.0912,130.8,1.0561,0.7318,1.0
2015-03-24,1.095,130.89,1.0491,0.7344,1.0
2015-03-25,1.0985,131.13,1.0517,0.7365,1.0
2015-03-26,1.0973,130.67,1.0498,0.7371,1.0
2015-03-27,1.0856,129.39,1.0476,0.7298,1.0
2015-03-30,1.0845,130.02,1.0439,0.7328,1.0
2015-03-31,1.0759,128.95,1.0463,0.7273,1.0
2015-04-01,1.0755,129.29,1.0426,0.7285,1.0
2015-04-02,1.083,129.59,1.04,0.7316,1.0
2015-04-07,1.0847,130.33,1.0438,0.7286,1.0
2015-04-08,1.0862,130.09,1.0438,0.7264,1.0
2015-04-09,1.0774,129.22,1.0447,0.7268,1.0
2015-04-10,1.057,127.32,1.039,0.7244,1.0
2015-04-13,1.0552,127.2,1.0373,0.7215,1.0
2015-04-14,1.0564,126.67,1.0344,0.7217,1.0
2015-04-15,1.0579,126.52,1.0321,0.7168,1.0
2015-04-16,1.0711,127.64,1.0327,0.7189,1.0
2015-04-17,1.0814,128.45,1.0297,0.7199,1.0
2015-04-20,1.0723,127.68,1.0283,0.71955,1.0
2015-04-21,1.07,127.75,1.0252,0.7187,1.0
2015-04-22,1.0743,128.45,1.0323,0.7129,1.0
2015-04-23,1.0772,129.36,1.0383,0.717,1.0
2015-04-24,1.0824,129.36,1.0338,0.7159,1.0
2015-04-27,1.0822,129.23,1.0367,0.7162,1.0
2015-04-28,1.0927,130.09,1.0464,0.715,1.0
2015-04-29,1.1002,131.2,1.0491,0.7161,1.0
2015-04-30,1.1215,133.26,1.0486,0.7267,1.0
2015-05-04,1.1152,134.07,1.0431,0.73788,1.0
2015-05-05,1.1117,133.92,1.0376,0.735,1.0
2015-05-06,1.123,134.59,1.0374,0.7376,1.0
2015-05-07,1.1305,134.72,1.0343,0.7425,1.0
2015-05-08,1.1221,134.9,1.0385,0.728,1.0
2015-05-11,1.1142,133.64,1.0403,0.7196,1.0
2015-05-12,1.1239,134.85,1.0396,0.7164,1.0
2015-05-13,1.1221,134.31,1.041,0.7174,1.0
2015-05-14,1.1419,136.12,1.0386,0.7231,1.0
2015-05-15,1.1328,135.78,1.0463,0.7211,1.0
2015-05-18,1.1389,136.33,1.0482,0.727,1.0
2015-05-19,1.118,134.36,1.042,0.72185,1.0
2015-05-20,1.1118,134.43,1.0429,0.7157,1.0
2015-05-21,1.1133,134.79,1.0394,0.7099,1.0
2015-05-22,1.1164,135.01,1.0417,0.7138,1.0
2015-05-25,1.0978,133.39,1.0349,0.71,1.0
2015-05-26,1.0926,134.07,1.0351,0.7096,1.0
2015-05-27,1.0863,134.37,1.0331,0.707,1.0
2015-05-28,1.0896,135.36,1.0344,0.7124,1.0
2015-05-29,1.097,135.95,1.0341,0.719,1.0
2015-06-01,1.0944,135.79,1.0331,0.71925,1.0
2015-06-02,1.1029,137.52,1.0391,0.7243,1.0
2015-06-03,1.1134,138.46,1.0427,0.7275,1.0
2015-06-04,1.1317,140.47,1.0551,0.7354,1.0
2015-06-05,1.1218,139.97,1.0478,0.7317,1.0
2015-06-08,1.1162,139.84,1.047,0.7318,1.0
2015-06-09,1.1249,139.56,1.0465,0.7354,1.0
2015-06-10,1.1279,138.69,1.0486,0.7284,1.0
2015-06-11,1.1232,138.95,1.0523,0.7266,1.0
2015-06-12,1.122,138.78,1.0469,0.7245,1.0
2015-06-15,1.1218,138.54,1.0512,0.7234,1.0
2015-06-16,1.1215,138.42,1.0465,0.7182,1.0
2015-06-17,1.1279,139.78,1.0451,0.717,1.0
2015-06-18,1.1404,139.94,1.0461,0.7167,1.0
2015-06-19,1.1299,139.19,1.0449,0.7134,1.0
2015-06-22,1.1345,139.8,1.0435,0.7169,1.0
2015-06-23,1.1204,138.72,1.0449,0.7101,1.0
2015-06-24,1.1213,138.93,1.0449,0.7118,1.0
2015-06-25,1.1206,138.52,1.0507,0.7126,1.0
2015-06-26,1.1202,138.58,1.0447,0.7123,1.0
2015-06-29,1.1133,136.81,1.0376,0.7085,1.0
2015-06-30,1.1189,137.01,1.0413,0.7114,1.0
2015-07-01,1.11,136.63,1.0457,0.70905,1.0
2015-07-02,1.1066,136.82,1.0507,0.7103,1.0
2015-07-03,1.1096,136.38,1.0466,0.7102,1.0
2015-07-06,1.1008,135.11,1.0422,0.708,1.0
2015-07-07,1.0931,133.88,1.0383,0.7077,1.0
2015-07-08,1.1024,133.88,1.0463,0.7173,1.0
2015-07-09,1.1054,134.3,1.0504,0.7176,1.0
2015-07-10,1.1185,136.88,1.0464,0.7208,1.0
2015-07-13,1.1049,136.3,1.0478,0.7115,1.0
2015-07-14,1.1031,136.02,1.0422,0.7084,1.0
2015-07-15,1.1009,135.95,1.0439,0.7045,1.0
2015-07-16,1.0867,134.9,1.0407,0.6981,1.0
2015-07-17,1.0889,135.01,1.0431,0.6983,1.0
2015-07-20,1.0852,134.83,1.0443,0.6971,1.0
2015-07-21,1.0867,135.17,1.044,0.6987,1.0
2015-07-22,1.0902,134.98,1.0482,0.6982,1.0
2015-07-23,1.0999,136.15,1.0517,0.7044,1.0
2015-07-24,1.0939,135.7,1.0512,0.7069,1.0
2015-07-27,1.1058,136.23,1.0595,0.7127,1.0
2015-07-28,1.1025,136.46,1.0659,0.7074,1.0
2015-07-29,1.103,136.5,1.0622,0.7053,1.0
2015-07-30,1.0955,136.25,1.0633,0.701,1.0
2015-07-31,1.0967,136.34,1.0565,0.7041,1.0
2015-08-03,1.0951,136.07,1.0598,0.7028,1.0
2015-08-04,1.0973,136.07,1.064,0.70275,1.0
2015-08-05,1.0883,135.23,1.0658,0.6963,1.0
2015-08-06,1.0885,135.94,1.0713,0.7014,1.0
2015-08-07,1.0941,136.43,1.0738,0.7051,1.0
2015-08-10,1.096,136.67,1.08,0.7071,1.0
2015-08-11,1.1055,137.99,1.0859,0.7088,1.0
2015-08-12,1.1155,138.45,1.0864,0.7149,1.0
2015-08-13,1.1109,138.23,1.0849,0.7106,1.0
2015-08-14,1.1171,138.7,1.0875,0.7145,1.0
2015-08-17,1.11,138.22,1.0841,0.7105,1.0
2015-08-18,1.106,137.44,1.0798,0.7042,1.0
2015-08-19,1.1041,137.31,1.0755,0.7049,1.0
2015-08-20,1.1183,138.5,1.0772,0.7138,1.0
2015-08-21,1.1281,138.4,1.0765,0.7198,1.0
2015-08-24,1.1497,137.8,1.0777,0.7302,1.0
2015-08-25,1.1506,137.84,1.0834,0.729,1.0
2015-08-26,1.1402,136.46,1.0778,0.7314,1.0
2015-08-27,1.1284,135.62,1.0771,0.7312,1.0
2015-08-28,1.1268,136.16,1.0807,0.7321,1.0
2015-08-31,1.1215,136.07,1.0825,0.72753,1.0
2015-09-01,1.1236,134.87,1.0825,0.7328,1.0
2015-09-02,1.1255,135.21,1.0867,0.7369,1.0
2015-09-03,1.1229,134.98,1.0903,0.7345,1.0
2015-09-04,1.1138,132.82,1.0839,0.7315,1.0
2015-09-07,1.1146,133.09,1.0871,0.73035,1.0
2015-09-08,1.1162,133.82,1.092,0.7244,1.0
2015-09-09,1.1139,134.65,1.0893,0.7251,1.0
2015-09-10,1.1185,135.38,1.0923,0.72655,1.0
2015-09-11,1.1268,136.02,1.1031,0.7306,1.0
2015-09-14,1.1305,136.04,1.0979,0.7334,1.0
2015-09-15,1.132,135.44,1.0971,0.7346,1.0
2015-09-16,1.1228,135.45,1.0943,0.72665,1.0
2015-09-17,1.1312,136.76,1.095,0.72865,1.0
2015-09-18,1.1419,136.31,1.0913,0.7298,1.0
2015-09-21,1.125,135.5,1.0906,0.7243,1.0
2015-09-22,1.1155,133.75,1.086,0.7223,1.0
2015-09-23,1.115,134.03,1.0882,0.7297,1.0
2015-09-24,1.1241,134.48,1.0928,0.7387,1.0
2015-09-25,1.1151,134.92,1.0922,0.73475,1.0
2015-09-28,1.117,134.13,1.0941,0.7352,1.0
2015-09-29,1.1204,134.38,1.0901,0.7391,1.0
2015-09-30,1.1203,134.69,1.0915,0.7385,1.0
2015-10-01,1.1153,133.56,1.0903,0.7367,1.0
2015-10-02,1.116,134.24,1.0923,0.7358,1.0
2015-10-05,1.1236,135.07,1.0938,0.7402,1.0
2015-10-06,1.1224,135.07,1.0936,0.7399,1.0
2015-10-07,1.1266,135.3,1.0882,0.7358,1.0
2015-10-08,1.1254,134.92,1.0935,0.7366,1.0
2015-10-09,1.1362,136.65,1.0919,0.7407,1.0
2015-10-12,1.1373,136.61,1.0928,0.7401,1.0
2015-10-13,1.1374,136.16,1.091,0.748,1.0
2015-10-14,1.141,136.48,1.0901,0.7418,1.0
2015-10-15,1.1439,135.23,1.0873,0.7397,1.0
2015-10-16,1.136,135.25,1.0809,0.7356,1.0
2015-10-19,1.1333,135.29,1.0834,0.7317,1.0
2015-10-20,1.1373,136.16,1.0823,0.7352,1.0
2015-10-21,1.1354,136.3,1.0864,0.7349,1.0
2015-10-22,1.1313,135.49,1.0886,0.7314,1.0
2015-10-23,1.1084,133.8,1.0793,0.71955,1.0
2015-10-26,1.1011,133.26,1.0823,0.7184,1.0
2015-10-27,1.1061,133.06,1.088,0.7214,1.0
2015-10-28,1.1085,133.38,1.0899,0.7248,1.0
2015-10-29,1.093,132.3,1.0851,0.7167,1.0
2015-10-30,1.1017,132.88,1.09,0.7182,1.0
2015-11-02,1.1032,133.02,1.0885,0.7132,1.0
2015-11-03,1.0976,132.65,1.0869,0.71315,1.0
2015-11-04,1.0935,132.45,1.0813,0.7094,1.0
2015-11-05,1.0883,132.65,1.0833,0.7126,1.0
2015-11-06,1.0864,132.41,1.083,0.71765,1.0
2015-11-09,1.0776,133.08,1.0815,0.7141,1.0
2015-11-10,1.0711,131.98,1.0765,0.7084,1.0
2015-11-11,1.0716,131.9,1.0783,0.706,1.0
2015-11-12,1.0726,131.92,1.0769,0.7064,1.0
2015-11-13,1.0764,132.04,1.0786,0.70705,1.0
2015-11-16,1.0723,132.01,1.0791,0.7058,1.0
2015-11-17,1.067,131.49,1.0806,0.7017,1.0
2015-11-18,1.0666,131.65,1.0838,0.7009,1.0
2015-11-19,1.0687,131.6,1.0893,0.6998,1.0
2015-11-20,1.0688,131.28,1.0844,0.701,1.0
2015-11-23,1.0631,130.92,1.0848,0.7025,1.0
2015-11-24,1.0651,130.52,1.0832,0.7062,1.0
2015-11-25,1.0586,129.94,1.082,0.70175,1.0
2015-11-26,1.0612,130.06,1.0868,0.7028,1.0
2015-11-27,1.058,129.75,1.09,0.7029,1.0
2015-11-30,1.0579,130.22,1.0903,0.7048,1.0
2015-12-01,1.06,130.57,1.0908,0.7036,1.0
2015-12-02,1.0612,130.7,1.088,0.7059,1.0
2015-12-03,1.0671,131.58,1.084,0.7122,1.0
2015-12-04,1.0902,134.08,1.0882,0.7201,1.0
2015-12-07,1.0809,133.4,1.083,0.7177,1.0
2015-12-08,1.0875,133.64,1.082,0.7271,1.0
2015-12-09,1.0941,134.04,1.083,0.7251,1.0
2015-12-10,1.0943,132.97,1.0806,0.7235,1.0
2015-12-11,1.095,133.02,1.0819,0.7224,1.0
2015-12-14,1.0983,132.54,1.0771,0.726,1.0
2015-12-15,1.099,132.97,1.0831,0.7252,1.0
2015-12-16,1.0933,133.18,1.0824,0.7283,1.0
2015-12-17,1.0841,132.82,1.0807,0.7266,1.0
2015-12-18,1.0836,131.6,1.0768,0.72666,1.0
2015-12-21,1.087,131.93,1.0804,0.72985,1.0
2015-12-22,1.0952,132.42,1.0818,0.7362,1.0
2015-12-23,1.0916,131.92,1.0812,0.733,1.0
2015-12-24,1.0947,131.83,1.0806,0.7342,1.0
2015-12-28,1.0962,132.05,1.0838,0.73535,1.0
2015-12-29,1.0952,131.88,1.0846,0.74005,1.0
2015-12-30,1.0926,131.66,1.0814,0.73799,1.0
2015-12-31,1.0887,131.07,1.0835,0.73395,1.0
2016-01-04,1.0898,129.78,1.0891,0.7381,1.0
2016-01-05,1.0746,127.88,1.0847,0.73235,1.0
2016-01-06,1.0742,127.19,1.0846,0.7344,1.0
2016-01-07,1.0868,127.74,1.0875,0.74545,1.0
2016-01-08,1.0861,128.51,1.086,0.74519,1.0
2016-01-11,1.0888,128.33,1.0863,0.74705,1.0
2016-01-12,1.0836,127.79,1.0855,0.7508,1.0
2016-01-13,1.0816,127.74,1.0926,0.7502,1.0
2016-01-14,1.0893,128.26,1.095,0.75703,1.0
2016-01-15,1.0914,127.8,1.0951,0.7615,1.0
2016-01-18,1.0892,127.78,1.0946,0.76263,1.0
2016-01-19,1.0868,128.12,1.0922,0.76473,1.0
2016-01-20,1.0907,127.28,1.0932,0.77,1.0
2016-01-21,1.0893,127.43,1.0949,0.77182,1.0
2016-01-22,1.0808,127.77,1.095,0.75459,1.0
2016-01-25,1.0815,128.07,1.0981,0.7589,1.0
2016-01-26,1.0837,128.22,1.1008,0.76095,1.0
2016-01-27,1.0888,128.91,1.1068,0.75965,1.0
2016-01-28,1.0903,129.62,1.1053,0.76228,1.0
2016-01-29,1.092,132.25,1.1144,0.7641,1.0
2016-02-01,1.0884,131.99,1.1096,0.761,1.0
2016-02-02,1.0919,131.84,1.1147,0.7586,1.0
2016-02-03,1.0933,130.58,1.1115,0.7533,1.0
2016-02-04,1.1206,131.49,1.1169,0.76595,1.0
2016-02-05,1.1202,130.71,1.1101,0.76975,1.0
2016-02-08,1.1101,129.11,1.1051,0.7724,1.0
2016-02-09,1.1236,129.07,1.0997,0.77945,1.0
2016-02-10,1.1257,129.42,1.096,0.77328,1.0
2016-02-11,1.1347,127.3,1.1027,0.7874,1.0
2016-02-12,1.1275,127.07,1.0989,0.77735,1.0
2016-02-15,1.118,127.6,1.1009,0.772,1.0
2016-02-16,1.1166,127.02,1.1018,0.7758,1.0
2016-02-17,1.1136,127.1,1.1034,0.77835,1.0
2016-02-18,1.1084,126.17,1.1028,0.77143,1.0
2016-02-19,1.1096,125.4,1.1017,0.77715,1.0
2016-02-22,1.1026,124.85,1.1008,0.78243,1.0
2016-02-23,1.1002,123.12,1.0921,0.77985,1.0
2016-02-24,1.0981,122.86,1.0914,0.78935,1.0
2016-02-25,1.1027,124.01,1.0935,0.7892,1.0
2016-02-26,1.1006,124.42,1.0929,0.78745,1.0
2016-02-29,1.0888,123.14,1.0914,0.7858,1.0
2016-03-01,1.0872,122.94,1.086,0.778,1.0
2016-03-02,1.0856,124.07,1.0845,0.7741,1.0
2016-03-03,1.0901,124.23,1.084,0.77435,1.0
2016-03-04,1.097,124.77,1.0898,0.77483,1.0
2016-03-07,1.0953,124.45,1.0962,0.77438,1.0
2016-03-08,1.1028,124.6,1.0952,0.77608,1.0
2016-03-09,1.0973,123.63,1.0978,0.77135,1.0
2016-03-10,1.0857,123.87,1.0941,0.76728,1.0
2016-03-11,1.109,126.17,1.0948,0.77595,1.0
2016-03-14,1.1119,126.36,1.0969,0.77428,1.0
2016-03-15,1.1109,125.36,1.0954,0.78358,1.0
2016-03-16,1.1064,125.68,1.096,0.7873,1.0
2016-03-17,1.1311,126.28,1.0959,0.78218,1.0
2016-03-18,1.1279,125.79,1.0919,0.77855,1.0
2016-03-21,1.1271,125.94,1.0916,0.78303,1.0
2016-03-22,1.1212,125.13,1.0887,0.7879,1.0
2016-03-23,1.1171,126.01,1.0894,0.78985,1.0
2016-03-24,1.1154,125.41,1.0875,0.78938,1.0
2016-03-29,1.1194,127.13,1.0915,0.7845,1.0
2016-03-30,1.1324,127.37,1.0913,0.7858,1.0
2016-03-31,1.1385,127.9,1.0931,0.79155,1.0
2016-04-01,1.1432,128.07,1.0946,0.7989,1.0
2016-04-04,1.138,126.97,1.0919,0.79738,1.0
2016-04-05,1.1367,125.81,1.0892,0.8016,1.0
2016-04-06,1.1336,125.13,1.0887,0.80808,1.0
2016-04-07,1.1364,123.15,1.0884,0.80728,1.0
2016-04-08,1.1363,123.36,1.0874,0.8073,1.0
2016-04-11,1.139,123.28,1.0877,0.8006,1.0
2016-04-12,1.1396,123.44,1.0874,0.7984,1.0
2016-04-13,1.1298,123.47,1.0887,0.79388,1.0
2016-04-14,1.1252,123.09,1.0878,0.7956,1.0
2016-04-15,1.1284,122.91,1.0919,0.79575,1.0
2016-04-18,1.1306,122.32,1.0916,0.7978,1.0
2016-04-19,1.1343,124.1,1.0922,0.78975,1.0
2016-04-20,1.1379,124.2,1.0939,0.791,1.0
2016-04-21,1.1355,124.5,1.0989,0.78693,1.0
2016-04-22,1.1263,124.86,1.0991,0.78335,1.0
2016-04-25,1.1264,124.95,1.0973,0.7764,1.0
2016-04-26,1.1287,125.45,1.1,0.77483,1.0
2016-04-27,1.1303,125.79,1.0998,0.77475,1.0
2016-04-28,1.1358,122.84,1.0974,0.77838,1.0
2016-04-29,1.1403,122.34,1.0984,0.78025,1.0
2016-05-02,1.1493,122.47,1.0999,0.78248,1.0
2016-05-03,1.1569,122.53,1.0977,0.79103,1.0
2016-05-04,1.1505,122.62,1.0993,0.79284,1.0
2016-05-05,1.1439,122.51,1.1018,0.7886,1.0
2016-05-06,1.1427,122.23,1.107,0.7885,1.0
2016-05-09,1.1395,123.39,1.1053,0.78998,1.0
2016-05-10,1.1375,124.12,1.1079,0.7876,1.0
2016-05-11,1.1409,124.09,1.1099,0.78958,1.0
2016-05-12,1.1389,124.5,1.1063,0.78888,1.0
2016-05-13,1.1348,123.56,1.1024,0.78758,1.0
2016-05-16,1.1324,123.27,1.1059,0.788,1.0
2016-05-17,1.1318,123.93,1.108,0.7815,1.0
2016-05-18,1.1279,123.38,1.1086,0.77485,1.0
2016-05-19,1.1197,123.17,1.1089,0.76585,1.0
2016-05-20,1.1219,123.81,1.1123,0.77008,1.0
2016-05-23,1.1215,122.7,1.1105,0.77443,1.0
2016-05-24,1.1168,122.56,1.1079,0.76513,1.0
2016-05-25,1.1146,122.79,1.1049,0.75925,1.0
2016-05-26,1.1168,122.93,1.1075,0.7597,1.0
2016-05-27,1.1168,122.46,1.1068,0.76245,1.0
2016-05-30,1.1139,123.85,1.1058,0.76125,1.0
2016-05-31,1.1154,123.83,1.1044,0.76185,1.0
2016-06-01,1.1174,122.07,1.1055,0.77358,1.0
2016-06-02,1.1188,121.96,1.1062,0.77335,1.0
2016-06-03,1.1154,121.47,1.105,0.77285,1.0
2016-06-06,1.1349,121.58,1.1051,0.7872,1.0
2016-06-07,1.1348,122.16,1.0979,0.7788,1.0
2016-06-08,1.1378,121.77,1.0942,0.78048,1.0
2016-06-09,1.1343,120.72,1.0916,0.78438,1.0
2016-06-10,1.1304,120.79,1.0885,0.7848,1.0
2016-06-13,1.1268,119.51,1.0888,0.79515,1.0
2016-06-14,1.1225,118.98,1.0832,0.79478,1.0
2016-06-15,1.123,119.29,1.0817,0.79158,1.0
2016-06-16,1.1174,116.65,1.0812,0.79033,1.0
2016-06-17,1.1254,117.34,1.0818,0.7877,1.0
2016-06-20,1.1332,118.57,1.0884,0.77375,1.0
2016-06-21,1.1314,118.39,1.085,0.76755,1.0
2016-06-22,1.1283,118.01,1.083,0.76793,1.0
2016-06-23,1.1389,120.38,1.0876,0.76595,1.0
2016-06-24,1.1066,113.23,1.0808,0.8075,1.0
2016-06-27,1.0998,111.8,1.0736,0.834,1.0
2016-06-28,1.1073,113.4,1.0845,0.8272,1.0
2016-06-29,1.109,113.85,1.0854,0.8255,1.0
2016-06-30,1.1102,114.05,1.0867,0.8265,1.0
2016-07-01,1.1135,114.29,1.0835,0.8383,1.0
2016-07-04,1.1138,114.29,1.0839,0.83905,1.0
2016-07-05,1.1146,113.5,1.0837,0.84997,1.0
2016-07-06,1.1069,111.48,1.0821,0.853,1.0
2016-07-07,1.108,111.9,1.082,0.85085,1.0
2016-07-08,1.107,111.17,1.0855,0.85243,1.0
2016-07-11,1.1049,113.23,1.0867,0.85097,1.0
2016-07-12,1.1092,115.29,1.0904,0.84275,1.0
2016-07-13,1.1072,115.82,1.0909,0.83398,1.0
2016-07-14,1.1157,117.88,1.09,0.83311,1.0
2016-07-15,1.1128,117.63,1.0899,0.83275,1.0
2016-07-18,1.1053,116.82,1.0869,0.83372,1.0
2016-07-19,1.1035,117.2,1.0877,0.8395,1.0
2016-07-20,1.1013,117.33,1.0882,0.83605,1.0
2016-07-21,1.1015,117.05,1.0872,0.83595,1.0
2016-07-22,1.1014,116.86,1.086,0.84108,1.0
2016-07-25,1.0982,116.64,1.0839,0.8367,1.0
2016-07-26,1.0997,114.67,1.087,0.8371,1.0
2016-07-27,1.0991,116.23,1.0928,0.83875,1.0
2016-07-28,1.109,116.14,1.0892,0.8422,1.0
2016-07-29,1.1113,114.83,1.0823,0.844,1.0
2016-08-01,1.1164,114.28,1.0807,0.8454,1.0
2016-08-02,1.1193,113.72,1.081,0.8431,1.0
2016-08-03,1.12,113.22,1.0845,0.8391,1.0
2016-08-04,1.1136,112.66,1.0834,0.84603,1.0
2016-08-05,1.1156,112.73,1.0852,0.8481,1.0
2016-08-08,1.1087,113.59,1.0883,0.84955,1.0
2016-08-09,1.1078,113.27,1.0899,0.85399,1.0
2016-08-10,1.1184,113.09,1.0923,0.85541,1.0
2016-08-11,1.1153,113.05,1.0859,0.86038,1.0
2016-08-12,1.1158,113.77,1.0888,0.8605,1.0
2016-08-15,1.118,112.97,1.0893,0.86677,1.0
2016-08-16,1.1295,112.74,1.0849,0.8706,1.0
2016-08-17,1.1276,113.53,1.0863,0.8664,1.0
2016-08-18,1.1321,113.6,1.0853,0.86073,1.0
2016-08-19,1.1326,113.53,1.0852,0.86537,1.0
2016-08-22,1.1306,113.73,1.0886,0.8624,1.0
2016-08-23,1.1339,113.48,1.0896,0.85995,1.0
2016-08-24,1.1268,112.95,1.0891,0.8513,1.0
2016-08-25,1.129,113.45,1.0905,0.8557,1.0
2016-08-26,1.129,113.33,1.0933,0.8545,1.0
2016-08-29,1.117,114.24,1.0937,0.85476,1.0
2016-08-30,1.1168,114.27,1.0951,0.8517,1.0
2016-08-31,1.1132,115.01,1.0957,0.84806,1.0
2016-09-01,1.1146,115.59,1.0978,0.8405,1.0
2016-09-02,1.1193,115.83,1.0959,0.8426,1.0
2016-09-05,1.1156,115.24,1.0925,0.83643,1.0
2016-09-06,1.1159,115.39,1.0923,0.83535,1.0
2016-09-07,1.1237,114.23,1.0891,0.83968,1.0
2016-09-08,1.1296,114.8,1.0917,0.8456,1.0
2016-09-09,1.1268,115.85,1.0969,0.84558,1.0
2016-09-12,1.1226,114.38,1.0935,0.84475,1.0
2016-09-13,1.1247,114.98,1.0925,0.84763,1.0
2016-09-14,1.1218,115.37,1.0945,0.85078,1.0
2016-09-15,1.1254,114.98,1.0941,0.85198,1.0
2016-09-16,1.1226,114.35,1.0941,0.85203,1.0
2016-09-19,1.1165,113.65,1.0955,0.855,1.0
2016-09-20,1.1184,113.93,1.0943,0.86213,1.0
2016-09-21,1.115,112.49,1.0883,0.85693,1.0
2016-09-22,1.1238,113.19,1.0867,0.85925,1.0
2016-09-23,1.1214,113.02,1.0887,0.86435,1.0
2016-09-26,1.1262,113.11,1.0905,0.8709,1.0
2016-09-27,1.122,112.52,1.088,0.86413,1.0
2016-09-28,1.1225,112.93,1.0891,0.86208,1.0
2016-09-29,1.1221,113.88,1.0876,0.86138,1.0
2016-09-30,1.1161,113.09,1.0876,0.86103,1.0
2016-10-03,1.1236,113.9,1.0918,0.87318,1.0
2016-10-04,1.1161,114.5,1.0949,0.8754,1.0
2016-10-05,1.1211,115.65,1.0959,0.88155,1.0
2016-10-06,1.1185,116.0,1.0942,0.88323,1.0
2016-10-07,1.114,115.44,1.0946,0.90353,1.0
2016-10-10,1.116,115.39,1.096,0.9007,1.0
2016-10-11,1.1079,114.9,1.0938,0.90233,1.0
2016-10-12,1.102,114.5,1.0906,0.8999,1.0
2016-10-13,1.1038,114.49,1.0904,0.9043,1.0
2016-10-14,1.1002,114.76,1.0889,0.8991,1.0
2016-10-17,1.0994,114.46,1.0872,0.90485,1.0
2016-10-18,1.0993,114.37,1.0886,0.89565,1.0
2016-10-19,1.0979,113.49,1.0854,0.89338,1.0
2016-10-20,1.098,113.76,1.0852,0.89568,1.0
2016-10-21,1.0886,112.96,1.0825,0.8932,1.0
2016-10-24,1.0891,113.29,1.0821,0.89015,1.0
2016-10-25,1.0872,113.65,1.0848,0.88998,1.0
2016-10-26,1.0925,113.97,1.0838,0.89465,1.0
2016-10-27,1.0927,114.39,1.0838,0.89158,1.0
2016-10-28,1.0922,115.1,1.0855,0.89905,1.0
2016-10-31,1.0946,114.97,1.082,0.9005,1.0
2016-11-01,1.1025,115.57,1.0823,0.90173,1.0
2016-11-02,1.1095,114.62,1.0787,0.90063,1.0
2016-11-03,1.1064,114.25,1.0787,0.88658,1.0
2016-11-04,1.1093,114.24,1.0774,0.88808,1.0
2016-11-07,1.1062,115.4,1.0789,0.8904,1.0
2016-11-08,1.1038,115.66,1.0778,0.89088,1.0
2016-11-09,1.1022,114.54,1.0793,0.8903,1.0
2016-11-10,1.0895,116.4,1.0762,0.87785,1.0
2016-11-11,1.0904,115.96,1.0732,0.86133,1.0
2016-11-14,1.0777,116.27,1.0739,0.85985,1.0
2016-11-15,1.0765,116.55,1.0758,0.86638,1.0
2016-11-16,1.0702,117.25,1.0738,0.8611,1.0
2016-11-17,1.0717,117.12,1.0737,0.86055,1.0
2016-11-18,1.0629,116.95,1.0711,0.86218,1.0
2016-11-21,1.0631,117.59,1.0727,0.85725,1.0
2016-11-22,1.0617,117.74,1.073,0.85423,1.0
2016-11-23,1.0602,118.04,1.0731,0.85393,1.0
2016-11-24,1.0548,119.43,1.0727,0.848,1.0
2016-11-25,1.0592,119.73,1.0736,0.85182,1.0
2016-11-28,1.0588,119.25,1.0751,0.85303,1.0
2016-11-29,1.0576,119.48,1.0752,0.84815,1.0
2016-11-30,1.0635,120.48,1.0803,0.8525,1.0
2016-12-01,1.0627,121.39,1.0764,0.84098,1.0
2016-12-02,1.0642,121.2,1.0751,0.84303,1.0
2016-12-05,1.0702,122.32,1.0797,0.84168,1.0
2016-12-06,1.0734,122.28,1.0833,0.8421,1.0
2016-12-07,1.073,122.42,1.0834,0.85095,1.0
2016-12-08,1.0762,122.61,1.0853,0.84995,1.0
2016-12-09,1.0559,121.48,1.0756,0.83935,1.0
2016-12-12,1.0596,122.69,1.0772,0.839,1.0
2016-12-13,1.061,122.27,1.0742,0.83488,1.0
2016-12-14,1.0644,122.39,1.0747,0.83963,1.0
2016-12-15,1.0419,123.03,1.0733,0.83598,1.0
2016-12-16,1.0439,123.38,1.0751,0.8389,1.0
2016-12-19,1.0422,122.19,1.0709,0.8414,1.0
2016-12-20,1.0364,122.43,1.0687,0.83978,1.0
2016-12-21,1.0421,122.31,1.0689,0.8424,1.0
2016-12-22,1.0444,122.86,1.0706,0.84645,1.0
2016-12-23,1.0446,122.6,1.0711,0.85278,1.0
2016-12-27,1.0445,122.61,1.0754,0.853,1.0
2016-12-28,1.0401,122.39,1.0714,0.85128,1.0
2016-12-29,1.0453,122.04,1.0714,0.853,1.0
2016-12-30,1.0541,123.4,1.0739,0.85618,1.0
2017-01-02,1.0465,122.92,1.0711,0.8514,1.0
2017-01-03,1.0385,122.75,1.0702,0.84565,1.0
2017-01-04,1.0437,122.64,1.0707,0.84945,1.0
2017-01-05,1.0501,122.38,1.0704,0.8544,1.0
2017-01-06,1.0589,122.83,1.0725,0.85648,1.0
2017-01-09,1.0516,122.66,1.0721,0.8666,1.0
2017-01-10,1.0567,122.84,1.0737,0.8694,1.0
2017-01-11,1.0503,122.14,1.0721,0.86725,1.0
2017-01-12,1.0679,121.69,1.0742,0.86843,1.0
2017-01-13,1.0661,121.91,1.0728,0.87548,1.0
2017-01-16,1.0594,120.91,1.0709,0.87808,1.0
2017-01-17,1.0684,121.1,1.0712,0.8679,1.0
2017-01-18,1.0664,121.05,1.0706,0.86833,1.0
2017-01-19,1.0668,122.23,1.0729,0.86555,1.0
2017-01-20,1.0632,122.47,1.0727,0.86595,1.0
2017-01-23,1.0715,121.72,1.0727,0.86148,1.0
2017-01-24,1.0748,121.85,1.0738,0.8635,1.0
2017-01-25,1.0743,121.79,1.0732,0.85323,1.0
2017-01-26,1.07,122.4,1.0693,0.85143,1.0
2017-01-27,1.0681,123.01,1.0689,0.8517,1.0
2017-01-30,1.063,121.76,1.0669,0.84935,1.0
2017-01-31,1.0755,121.94,1.0668,0.86105,1.0
2017-02-01,1.079,122.25,1.068,0.85418,1.0
2017-02-02,1.0808,121.4,1.069,0.86068,1.0
2017-02-03,1.0741,121.49,1.0695,0.86013,1.0
2017-02-06,1.0712,120.28,1.067,0.8595,1.0
2017-02-07,1.0675,119.94,1.0658,0.8633,1.0
2017-02-08,1.0665,119.39,1.0637,0.85315,1.0
2017-02-09,1.0692,120.04,1.0672,0.8509,1.0
2017-02-10,1.0629,120.65,1.0669,0.8529,1.0
2017-02-13,1.0629,120.9,1.0673,0.8489,1.0
2017-02-14,1.0623,120.43,1.0659,0.85098,1.0
2017-02-15,1.0555,120.85,1.0652,0.84998,1.0
2017-02-16,1.0652,120.95,1.0647,0.8511,1.0
2017-02-17,1.065,120.08,1.0637,0.8572,1.0
2017-02-20,1.0616,120.11,1.065,0.85145,1.0
2017-02-21,1.0537,119.77,1.0639,0.8486,1.0
2017-02-22,1.0513,118.79,1.0642,0.8445,1.0
2017-02-23,1.0573,119.3,1.0663,0.84628,1.0
2017-02-24,1.0609,119.04,1.0649,0.84503,1.0
2017-02-27,1.0587,118.87,1.0664,0.8528,1.0
2017-02-28,1.0597,118.83,1.0648,0.85305,1.0
2017-03-01,1.0533,119.84,1.0647,0.8555,1.0
2017-03-02,1.0514,120.24,1.0651,0.8556,1.0
2017-03-03,1.0565,120.83,1.0675,0.86355,1.0
2017-03-06,1.0592,120.55,1.0694,0.863,1.0
2017-03-07,1.0576,120.61,1.073,0.8671,1.0
2017-03-08,1.0556,120.65,1.0702,0.86753,1.0
2017-03-09,1.0551,120.95,1.0709,0.86653,1.0
2017-03-10,1.0606,122.42,1.0743,0.8725,1.0
2017-03-13,1.0663,122.35,1.0749,0.87258,1.0
2017-03-14,1.0631,122.13,1.0726,0.87563,1.0
2017-03-15,1.0622,121.77,1.0715,0.87073,1.0
2017-03-16,1.0726,121.55,1.0695,0.8681,1.0
2017-03-17,1.0737,121.49,1.0698,0.86868,1.0
2017-03-20,1.0752,121.19,1.072,0.86793,1.0
2017-03-21,1.0802,121.58,1.075,0.86753,1.0
2017-03-22,1.0807,120.07,1.0714,0.8679,1.0
2017-03-23,1.0786,119.36,1.07,0.86273,1.0
2017-03-24,1.0805,120.09,1.0718,0.866,1.0
2017-03-27,1.0889,119.93,1.0713,0.86403,1.0
2017-03-28,1.0859,119.84,1.0693,0.86455,1.0
2017-03-29,1.0748,119.17,1.0712,0.86385,1.0
2017-03-30,1.0737,119.39,1.0698,0.8618,1.0
2017-03-31,1.0691,119.55,1.0696,0.85553,1.0
2017-04-03,1.0661,118.64,1.0682,0.8526,1.0
2017-04-04,1.0651,117.55,1.0673,0.85623,1.0
2017-04-05,1.0678,118.49,1.0708,0.8551,1.0
2017-04-06,1.0666,118.23,1.0702,0.8559,1.0
2017-04-07,1.063,117.64,1.0695,0.85573,1.0
2017-04-10,1.0578,117.72,1.0682,0.85335,1.0
2017-04-11,1.0616,117.36,1.0696,0.8533,1.0
2017-04-12,1.0605,116.22,1.0678,0.8484,1.0
2017-04-13,1.063,116.01,1.0686,0.84763,1.0
2017-04-18,1.0682,116.26,1.0686,0.84375,1.0
2017-04-19,1.0725,116.91,1.069,0.8343,1.0
2017-04-20,1.0745,117.16,1.0701,0.8392,1.0
2017-04-21,1.0698,116.72,1.068,0.8372,1.0
2017-04-24,1.0848,119.67,1.0806,0.8483,1.0
2017-04-25,1.0891,120.34,1.0826,0.84928,1.0
2017-04-26,1.0893,121.35,1.0835,0.84903,1.0
2017-04-27,1.0881,121.27,1.082,0.8442,1.0
2017-04-28,1.093,121.76,1.0831,0.84473,1.0
2017-05-02,1.0915,122.55,1.0852,0.8452,1.0
2017-05-03,1.0919,122.47,1.0812,0.8444,1.0
2017-05-04,1.0927,123.31,1.0843,0.84765,1.0
2017-05-05,1.0961,123.29,1.0839,0.8471,1.0
2017-05-08,1.0938,123.1,1.0878,0.84465,1.0
2017-05-09,1.0888,124.04,1.0938,0.843,1.0
2017-05-10,1.0882,123.84,1.0949,0.83985,1.0
2017-05-11,1.086,123.69,1.0952,0.84485,1.0
2017-05-12,1.0876,123.82,1.0963,0.84588,1.0
2017-05-15,1.0972,124.45,1.0944,0.84928,1.0
2017-05-16,1.1059,125.67,1.0958,0.85868,1.0
2017-05-17,1.1117,124.82,1.0923,0.85745,1.0
2017-05-18,1.1129,123.05,1.0874,0.85363,1.0
2017-05-19,1.1179,124.35,1.0921,0.85908,1.0
2017-05-22,1.1243,125.18,1.0911,0.86353,1.0
2017-05-23,1.1215,124.62,1.0912,0.86463,1.0
2017-05-24,1.1193,125.15,1.0929,0.8634,1.0
2017-05-25,1.1214,125.33,1.0904,0.86528,1.0
2017-05-26,1.1196,124.38,1.0888,0.8719,1.0
2017-05-29,1.1188,124.57,1.09,0.87093,1.0
2017-05-30,1.1173,123.97,1.0903,0.86793,1.0
2017-05-31,1.1221,124.4,1.0896,0.87365,1.0
2017-06-01,1.1219,124.53,1.0883,0.8723,1.0
2017-06-02,1.1217,125.02,1.0893,0.87268,1.0
2017-06-05,1.1249,124.3,1.0856,0.8713,1.0
2017-06-06,1.1258,123.12,1.0851,0.8723,1.0
2017-06-07,1.1217,122.78,1.0843,0.86908,1.0
2017-06-08,1.1229,123.77,1.0856,0.86755,1.0
2017-06-09,1.1176,123.44,1.0863,0.87638,1.0
2017-06-12,1.1221,123.3,1.0857,0.88545,1.0
2017-06-13,1.1217,123.43,1.085,0.88075,1.0
2017-06-14,1.1203,123.58,1.0874,0.8796,1.0
2017-06-15,1.1166,122.95,1.0874,0.8764,1.0
2017-06-16,1.1167,124.33,1.0885,0.87453,1.0
2017-06-19,1.1199,124.26,1.087,0.87518,1.0
2017-06-20,1.1156,124.25,1.0854,0.88143,1.0
2017-06-21,1.1147,124.21,1.0857,0.8781,1.0
2017-06-22,1.1169,124.27,1.0867,0.88168,1.0
2017-06-23,1.1173,124.36,1.0851,0.87805,1.0
2017-06-26,1.1187,124.93,1.0881,0.8783,1.0
2017-06-27,1.1278,126.16,1.0883,0.8837,1.0
2017-06-28,1.1375,127.53,1.0913,0.88525,1.0
2017-06-29,1.1413,128.59,1.0935,0.8799,1.0
2017-06-30,1.1412,127.75,1.093,0.87933,1.0
2017-07-03,1.1369,128.46,1.0943,0.87705,1.0
2017-07-04,1.1353,128.57,1.0954,0.87805,1.0
2017-07-05,1.1329,128.64,1.095,0.87735,1.0
2017-07-06,1.1385,129.01,1.0975,0.88013,1.0
2017-07-07,1.1412,129.8,1.0983,0.88488,1.0
2017-07-10,1.1387,129.98,1.1007,0.88443,1.0
2017-07-11,1.1405,130.36,1.104,0.88318,1.0
2017-07-12,1.1449,130.02,1.1027,0.88925,1.0
2017-07-13,1.1417,129.17,1.1011,0.88215,1.0
2017-07-14,1.1415,129.1,1.1051,0.87983,1.0
2017-07-17,1.1462,128.86,1.1012,0.87755,1.0
2017-07-18,1.1555,129.46,1.1025,0.8878,1.0
2017-07-19,1.1533,129.03,1.0994,0.88485,1.0
2017-07-20,1.1485,128.92,1.1039,0.88718,1.0
2017-07-21,1.1642,129.72,1.1051,0.8961,1.0
2017-07-24,1.1648,129.09,1.102,0.8935,1.0
2017-07-25,1.1694,130.28,1.1063,0.89395,1.0
2017-07-26,1.1644,130.26,1.1152,0.89275,1.0
2017-07-27,1.1694,130.32,1.1232,0.88978,1.0
2017-07-28,1.1729,130.37,1.1357,0.89568,1.0
2017-07-31,1.1727,129.7,1.1359,0.8942,1.0
2017-08-01,1.1812,130.53,1.1414,0.8944,1.0
2017-08-02,1.1829,130.98,1.1459,0.89425,1.0
2017-08-03,1.186,130.91,1.1501,0.90318,1.0
2017-08-04,1.1868,130.67,1.1494,0.9028,1.0
2017-08-07,1.1797,130.78,1.148,0.90435,1.0
2017-08-08,1.1814,130.31,1.1478,0.90678,1.0
2017-08-09,1.1731,128.74,1.1293,0.90338,1.0
2017-08-10,1.1732,128.76,1.1341,0.90303,1.0
2017-08-11,1.1765,128.41,1.132,0.90645,1.0
2017-08-14,1.1797,129.28,1.1422,0.90935,1.0
2017-08-15,1.1744,129.67,1.1417,0.91145,1.0
2017-08-16,1.171,129.79,1.1406,0.90993,1.0
2017-08-17,1.1697,128.81,1.1311,0.90895,1.0
2017-08-18,1.174,128.02,1.1287,0.91188,1.0
2017-08-21,1.1761,128.17,1.1362,0.91318,1.0
2017-08-22,1.1771,128.73,1.1364,0.91713,1.0
2017-08-23,1.1799,128.71,1.1392,0.92133,1.0
2017-08-24,1.1806,129.06,1.1375,0.92,1.0
2017-08-25,1.1808,129.59,1.139,0.92083,1.0
2017-08-28,1.1925,130.34,1.1389,0.92328,1.0
2017-08-29,1.2048,130.86,1.1386,0.92965,1.0
2017-08-30,1.1916,131.25,1.1422,0.92246,1.0
2017-08-31,1.1825,130.81,1.1446,0.91973,1.0
2017-09-01,1.192,131.29,1.1441,0.92075,1.0
2017-09-04,1.1905,130.6,1.1399,0.91855,1.0
2017-09-05,1.189,129.99,1.1407,0.9174,1.0
2017-09-06,1.1931,129.92,1.1399,0.91428,1.0
2017-09-07,1.1971,130.34,1.1412,0.91403,1.0
2017-09-08,1.206,129.5,1.1405,0.91268,1.0
2017-09-11,1.1997,130.38,1.1404,0.90775,1.0
2017-09-12,1.1933,130.93,1.1444,0.89878,1.0
2017-09-13,1.1979,131.79,1.1496,0.90243,1.0
2017-09-14,1.1885,131.55,1.1496,0.89123,1.0
2017-09-15,1.1963,132.92,1.148,0.88043,1.0
2017-09-18,1.1948,133.09,1.1464,0.88253,1.0
2017-09-19,1.1972,133.44,1.1535,0.88622,1.0
2017-09-20,1.2007,133.63,1.1532,0.8868,1.0
2017-09-21,1.1905,133.86,1.1585,0.8824,1.0
2017-09-22,1.1961,134.01,1.1588,0.88155,1.0
2017-09-25,1.1867,133.19,1.1562,0.87938,1.0
2017-09-26,1.1787,131.99,1.1452,0.87775,1.0
2017-09-27,1.1741,132.6,1.1451,0.87565,1.0
2017-09-28,1.1778,132.56,1.146,0.87635,1.0
2017-09-29,1.1806,132.82,1.1457,0.88178,1.0
2017-10-02,1.1744,132.5,1.1399,0.88418,1.0
2017-10-03,1.1753,132.77,1.1449,0.88793,1.0
2017-10-04,1.1787,132.47,1.1456,0.88768,1.0
2017-10-05,1.1742,132.05,1.1472,0.89153,1.0
2017-10-06,1.1707,132.23,1.1473,0.89535,1.0
2017-10-09,1.1746,132.36,1.1497,0.89195,1.0
2017-10-10,1.1797,132.55,1.1522,0.8941,1.0
2017-10-11,1.183,132.72,1.1524,0.8971,1.0
2017-10-12,1.1856,133.12,1.1552,0.90235,1.0
2017-10-13,1.181,132.49,1.1533,0.8898,1.0
2017-10-16,1.1803,131.99,1.1514,0.88753,1.0
2017-10-17,1.1759,131.94,1.1504,0.89148,1.0
2017-10-18,1.1749,132.62,1.1551,0.89283,1.0
2017-10-19,1.1834,133.18,1.1541,0.89815,1.0
2017-10-20,1.1818,133.75,1.1597,0.89623,1.0
2017-10-23,1.174,133.59,1.1581,0.8909,1.0
2017-10-24,1.1761,133.95,1.1613,0.89303,1.0
2017-10-25,1.1785,134.41,1.169,0.88883,1.0
2017-10-26,1.1753,133.75,1.1678,0.8901,1.0
2017-10-27,1.1605,132.52,1.1632,0.88633,1.0
2017-10-30,1.1612,131.83,1.1603,0.8798,1.0
2017-10-31,1.1638,132.0,1.1622,0.87853,1.0
2017-11-01,1.1612,132.6,1.164,0.87385,1.0
2017-11-02,1.1645,132.9,1.1647,0.8869,1.0
2017-11-03,1.1657,132.82,1.1635,0.88923,1.0
2017-11-06,1.159,132.29,1.1593,0.8839,1.0
2017-11-07,1.1562,132.03,1.1557,0.88038,1.0
2017-11-08,1.159,131.54,1.1581,0.88405,1.0
2017-11-09,1.163,131.75,1.1589,0.88633,1.0
2017-11-10,1.1654,132.08,1.1591,0.8837,1.0
2017-11-13,1.1656,132.07,1.1591,0.89018,1.0
2017-11-14,1.1745,133.29,1.1643,0.89585,1.0
2017-11-15,1.184,133.45,1.1675,0.8991,1.0
2017-11-16,1.1771,133.12,1.1686,0.89183,1.0
2017-11-17,1.1795,132.82,1.1696,0.89385,1.0
2017-11-20,1.1781,132.1,1.1676,0.8894,1.0
2017-11-21,1.1718,131.87,1.1641,0.88498,1.0
2017-11-22,1.1749,131.61,1.1609,0.8881,1.0
2017-11-23,1.1848,131.79,1.1613,0.89005,1.0
2017-11-24,1.1877,132.24,1.165,0.8912,1.0
2017-11-27,1.1952,132.69,1.1718,0.89375,1.0
2017-11-28,1.1888,132.24,1.168,0.89538,1.0
2017-11-29,1.1827,132.24,1.1664,0.88293,1.0
2017-11-30,1.1849,133.08,1.1699,0.87985,1.0
2017-12-01,1.1885,133.7,1.1691,0.88115,1.0
2017-12-04,1.1865,133.91,1.1665,0.87725,1.0
2017-12-05,1.1847,133.37,1.1673,0.88183,1.0
2017-12-06,1.1817,132.52,1.1678,0.88335,1.0
2017-12-07,1.1786,132.88,1.17,0.88068,1.0
2017-12-08,1.1742,133.26,1.1704,0.87525,1.0
2017-12-11,1.1796,133.66,1.1679,0.8825,1.0
2017-12-12,1.1766,133.54,1.1671,0.88068,1.0
2017-12-13,1.1736,132.99,1.1647,0.87905,1.0
2017-12-14,1.1845,133.39,1.1686,0.88163,1.0
2017-12-15,1.1806,132.45,1.1669,0.88253,1.0
2017-12-18,1.1795,132.66,1.1652,0.88208,1.0
2017-12-19,1.1823,133.23,1.1643,0.885,1.0
2017-12-20,1.1845,134.16,1.1702,0.8832,1.0
2017-12-21,1.1859,134.59,1.1725,0.88763,1.0
2017-12-22,1.1853,134.37,1.1735,0.88568,1.0
2017-12-27,1.1895,134.7,1.1772,0.88593,1.0
2017-12-28,1.1934,134.74,1.1704,0.88768,1.0
2017-12-29,1.1993,135.01,1.1702,0.88723,1.0
2018-01-02,1.2065,135.35,1.1718,0.88953,1.0
2018-01-03,1.2023,134.97,1.1736,0.8864,1.0
2018-01-04,1.2065,135.92,1.1763,0.89103,1.0
2018-01-05,1.2045,136.45,1.1757,0.88883,1.0
2018-01-08,1.1973,135.34,1.1709,0.88413,1.0
2018-01-09,1.1932,134.31,1.1727,0.8827,1.0
2018-01-10,1.1992,133.62,1.1725,0.8867,1.0
2018-01-11,1.2017,134.19,1.1736,0.89075,1.0
2018-01-12,1.2137,134.88,1.1787,0.88983,1.0
2018-01-15,1.2277,135.81,1.1799,0.89043,1.0
2018-01-16,1.223,135.4,1.1795,0.8886,1.0
2018-01-17,1.2203,135.21,1.1774,0.88568,1.0
2018-01-18,1.2235,136.07,1.1748,0.88208,1.0
2018-01-19,1.2255,135.54,1.1758,0.88365,1.0
2018-01-22,1.2239,135.66,1.1764,0.88085,1.0
2018-01-23,1.2249,135.35,1.1779,0.8783,1.0
2018-01-24,1.2352,135.13,1.1735,0.87183,1.0
2018-01-25,1.2407,135.12,1.168,0.87038,1.0
2018-01-26,1.2436,135.95,1.1632,0.87335,1.0
2018-01-29,1.2379,134.75,1.1563,0.8794,1.0
2018-01-30,1.2421,134.98,1.1589,0.8793,1.0
2018-01-31,1.2457,135.6,1.1631,0.8791,1.0
2018-02-01,1.2459,136.62,1.1603,0.8752,1.0
2018-02-02,1.2492,137.22,1.1596,0.8785,1.0
2018-02-05,1.244,136.67,1.1599,0.88568,1.0
2018-02-06,1.2329,134.97,1.1571,0.88885,1.0
2018-02-07,1.2338,134.84,1.161,0.88675,1.0
2018-02-08,1.2252,134.31,1.1555,0.87513,1.0
2018-02-09,1.2273,133.59,1.15,0.8874,1.0
2018-02-12,1.2263,133.23,1.1503,0.886,1.0
2018-02-13,1.2333,132.82,1.1522,0.88935,1.0
2018-02-14,1.2348,132.4,1.1519,0.8904,1.0
2018-02-15,1.2493,133.11,1.1545,0.8866,1.0
2018-02-16,1.2464,132.34,1.1521,0.88803,1.0
2018-02-19,1.241,132.24,1.1513,0.8859,1.0
2018-02-20,1.234,132.25,1.1537,0.88168,1.0
2018-02-21,1.2312,132.41,1.1551,0.88463,1.0
2018-02-22,1.2276,131.47,1.1508,0.88343,1.0
2018-02-23,1.2299,131.28,1.1505,0.8794,1.0
2018-02-26,1.232,131.6,1.153,0.8782,1.0
2018-02-27,1.2301,131.77,1.1539,0.884,1.0
2018-02-28,1.2214,130.72,1.152,0.88415,1.0
2018-03-01,1.2171,129.98,1.1519,0.8852,1.0
2018-03-02,1.2312,129.77,1.1512,0.8932,1.0
2018-03-05,1.2307,130.02,1.1549,0.8907,1.0
2018-03-06,1.2411,131.84,1.1626,0.89165,1.0
2018-03-07,1.2417,131.41,1.1673,0.89513,1.0
2018-03-08,1.2421,131.83,1.1731,0.89465,1.0
2018-03-09,1.2291,131.31,1.1695,0.88893,1.0
2018-03-12,1.2302,131.04,1.1681,0.8859,1.0
2018-03-13,1.2378,132.31,1.169,0.8865,1.0
2018-03-14,1.2369,131.77,1.1704,0.8863,1.0
2018-03-15,1.2341,130.9,1.1689,0.8848,1.0
2018-03-16,1.2301,130.21,1.1702,0.88253,1.0
2018-03-19,1.2309,130.65,1.1717,0.87593,1.0
2018-03-20,1.2276,130.72,1.1721,0.87715,1.0
2018-03-21,1.2286,130.5,1.1709,0.87403,1.0
2018-03-22,1.2316,129.75,1.1671,0.872,1.0
2018-03-23,1.2346,129.74,1.1703,0.87285,1.0
2018-03-26,1.2411,130.47,1.1739,0.87248,1.0
2018-03-27,1.2376,131.04,1.1764,0.8794,1.0
2018-03-28,1.2398,131.6,1.1801,0.87605,1.0
2018-03-29,1.2321,131.15,1.1779,0.8749,1.0
2018-04-03,1.2308,130.76,1.1775,0.87523,1.0
2018-04-04,1.2276,130.43,1.1776,0.87573,1.0
2018-04-05,1.226,131.26,1.1796,0.87395,1.0
2018-04-06,1.2234,131.32,1.1798,0.87295,1.0
2018-04-09,1.2304,131.66,1.179,0.87088,1.0
2018-04-10,1.2361,132.28,1.1792,0.87183,1.0
2018-04-11,1.2384,132.26,1.1855,0.8736,1.0
2018-04-12,1.2323,132.04,1.1876,0.86745,1.0
2018-04-13,1.2317,132.64,1.1854,0.864,1.0
2018-04-16,1.237,132.77,1.1878,0.86465,1.0
2018-04-17,1.2357,132.35,1.1908,0.8628,1.0
2018-04-18,1.2388,132.82,1.1979,0.87105,1.0
2018-04-19,1.2382,132.88,1.1976,0.86975,1.0
2018-04-20,1.2309,132.41,1.197,0.87608,1.0
2018-04-23,1.2238,132.38,1.1941,0.8764,1.0
2018-04-24,1.2213,132.92,1.1944,0.87468,1.0
2018-04-25,1.2185,133.03,1.1986,0.8738,1.0
2018-04-26,1.2168,132.87,1.1976,0.871,1.0
2018-04-27,1.207,131.95,1.196,0.877,1.0
2018-04-30,1.2079,132.12,1.1968,0.8796,1.0
2018-05-02,1.2007,131.84,1.1957,0.8804,1.0
2018-05-03,1.1992,131.03,1.1958,0.8818,1.0
2018-05-04,1.1969,130.37,1.195,0.88235,1.0
2018-05-07,1.1902,130.15,1.1964,0.8801,1.0
2018-05-08,1.187,129.45,1.1906,0.8793,1.0
2018-05-09,1.1879,130.24,1.1895,0.87445,1.0
2018-05-10,1.1878,130.22,1.1908,0.8781,1.0
2018-05-11,1.1934,130.44,1.1933,0.88,1.0
2018-05-14,1.1988,131.27,1.1965,0.8824,1.0
2018-05-15,1.1883,130.77,1.191,0.879,1.0
2018-05-16,1.1784,129.83,1.1792,0.87418,1.0
2018-05-17,1.1805,130.66,1.1819,0.8735,1.0
2018-05-18,1.1781,130.69,1.1773,0.87325,1.0
2018-05-21,1.1759,130.84,1.1753,0.8764,1.0
2018-05-22,1.1794,130.7,1.1738,0.87688,1.0
2018-05-23,1.1708,128.61,1.1598,0.87953,1.0
2018-05-24,1.1728,128.46,1.1607,0.87475,1.0
2018-05-25,1.1675,127.72,1.1593,0.8754,1.0
2018-05-28,1.1644,127.33,1.1577,0.87465,1.0
2018-05-29,1.1558,125.88,1.1517,0.87143,1.0
2018-05-30,1.1632,126.76,1.1513,0.875,1.0
2018-05-31,1.1699,127.33,1.1526,0.8768,1.0
2018-06-01,1.1669,127.74,1.1531,0.8768,1.0
2018-06-04,1.1737,128.44,1.1546,0.87673,1.0
2018-06-05,1.1675,128.08,1.1515,0.8739,1.0
2018-06-06,1.1765,129.57,1.1629,0.87683,1.0
2018-06-07,1.1836,130.26,1.1613,0.88123,1.0
2018-06-08,1.1754,128.64,1.1572,0.87733,1.0
2018-06-11,1.179,129.62,1.1631,0.8818,1.0
2018-06-12,1.1788,130.03,1.1615,0.88175,1.0
2018-06-13,1.1764,130.03,1.1616,0.8821,1.0
2018-06-14,1.173,129.15,1.1585,0.87683,1.0
2018-06-15,1.1596,128.31,1.1575,0.8732,1.0
2018-06-18,1.1613,128.27,1.1554,0.87655,1.0
2018-06-19,1.1534,126.78,1.1501,0.87693,1.0
2018-06-20,1.1578,127.39,1.1537,0.87878,1.0
2018-06-21,1.1538,127.59,1.1496,0.8737,1.0
2018-06-22,1.1648,128.3,1.1534,0.87663,1.0
2018-06-25,1.17,128.21,1.1549,0.8804,1.0
2018-06-26,1.1672,127.95,1.1543,0.8816,1.0
2018-06-27,1.1616,128.08,1.1536,0.88173,1.0
2018-06-28,1.1583,127.63,1.1556,0.8852,1.0
2018-06-29,1.1658,129.04,1.1569,0.88605,1.0
2018-07-02,1.1639,128.86,1.1563,0.8865,1.0
2018-07-03,1.1665,129.09,1.1573,0.8835,1.0
2018-07-04,1.1642,128.64,1.1557,0.88108,1.0
2018-07-05,1.1709,129.53,1.1613,0.8831,1.0
2018-07-06,1.1724,129.65,1.1634,0.88595,1.0
2018-07-09,1.1789,130.21,1.1646,0.88345,1.0
2018-07-10,1.1713,130.3,1.1649,0.88338,1.0
2018-07-11,1.1735,130.53,1.1653,0.88482,1.0
2018-07-12,1.1658,131.13,1.1642,0.88263,1.0
2018-07-13,1.1643,131.04,1.1704,0.88488,1.0
2018-07-16,1.172,131.65,1.1696,0.8827,1.0
2018-07-17,1.1707,131.81,1.1648,0.88725,1.0
2018-07-18,1.1611,130.92,1.1611,0.89118,1.0
2018-07-19,1.1588,130.98,1.1622,0.89298,1.0
2018-07-20,1.167,130.94,1.1633,0.89445,1.0
2018-07-23,1.1716,130.18,1.1614,0.8917,1.0
2018-07-24,1.1706,130.06,1.1626,0.89178,1.0
2018-07-25,1.169,129.8,1.1598,0.88855,1.0
2018-07-26,1.1716,129.91,1.1616,0.8886,1.0
2018-07-27,1.1625,129.25,1.1597,0.88823,1.0
2018-07-30,1.1684,129.79,1.1598,0.8907,1.0
2018-07-31,1.1736,130.84,1.1592,0.8922,1.0
2018-08-01,1.1696,130.81,1.1589,0.8904,1.0
2018-08-02,1.1617,129.43,1.155,0.89145,1.0
2018-08-03,1.1588,129.3,1.1528,0.8905,1.0
2018-08-06,1.1543,128.68,1.1513,0.8928,1.0
2018-08-07,1.1602,128.88,1.153,0.89483,1.0
2018-08-08,1.1589,128.72,1.1544,0.90085,1.0
2018-08-09,1.1593,128.84,1.1512,0.8994,1.0
2018-08-10,1.1456,127.07,1.1391,0.89675,1.0
2018-08-13,1.1403,126.11,1.1338,0.8933,1.0
2018-08-14,1.1406,126.42,1.1298,0.893,1.0
2018-08-15,1.1321,125.67,1.1289,0.8913,1.0
2018-08-16,1.137,126.02,1.1299,0.89498,1.0
2018-08-17,1.1391,125.75,1.1338,0.89575,1.0
2018-08-20,1.142,126.25,1.1366,0.89478,1.0
2018-08-21,1.1502,127.01,1.1372,0.8974,1.0
2018-08-22,1.1616,128.08,1.1401,0.89928,1.0
2018-08-23,1.1579,128.31,1.1383,0.89878,1.0
2018-08-24,1.1588,128.97,1.1398,0.902,1.0
2018-08-27,1.1633,129.16,1.1428,0.90365,1.0
2018-08-28,1.171,130.03,1.1427,0.9068,1.0
2018-08-29,1.166,129.73,1.1385,0.905,1.0
2018-08-30,1.1692,130.32,1.1339,0.89758,1.0
2018-08-31,1.1651,129.05,1.1281,0.8974,1.0
2018-09-03,1.1609,129.03,1.1268,0.90158,1.0
2018-09-04,1.1562,128.6,1.1261,0.90058,1.0
2018-09-05,1.1582,129.17,1.1288,0.90328,1.0
2018-09-06,1.1634,129.55,1.1275,0.89824,1.0
2018-09-07,1.1615,128.74,1.1217,0.89275,1.0
2018-09-10,1.1571,128.54,1.1267,0.8934,1.0
2018-09-11,1.1574,128.82,1.1276,0.89068,1.0
2018-09-12,1.1585,129.13,1.1277,0.89028,1.0
2018-09-13,1.162,129.68,1.1265,0.89,1.0
2018-09-14,1.1689,130.75,1.1274,0.89228,1.0
2018-09-17,1.1671,130.79,1.1236,0.88875,1.0
2018-09-18,1.1697,131.21,1.1245,0.88963,1.0
2018-09-19,1.1667,130.94,1.1304,0.88813,1.0
2018-09-20,1.1769,131.98,1.1312,0.8859,1.0
2018-09-21,1.1759,132.44,1.1228,0.894,1.0
2018-09-24,1.1773,132.56,1.129,0.89458,1.0
2018-09-25,1.1777,132.78,1.1376,0.89425,1.0
2018-09-26,1.1737,132.61,1.1369,0.8908,1.0
2018-09-27,1.1707,132.15,1.1371,0.88973,1.0
2018-09-28,1.1576,131.23,1.1316,0.8873,1.0
2018-10-01,1.1606,132.25,1.1414,0.89078,1.0
2018-10-02,1.1543,131.46,1.1354,0.89043,1.0
2018-10-03,1.1548,131.47,1.1412,0.88895,1.0
2018-10-04,1.1502,131.31,1.1409,0.8858,1.0
2018-10-05,1.1506,131.03,1.1433,0.88165,1.0
2018-10-08,1.1478,130.11,1.1396,0.8801,1.0
2018-10-09,1.1435,129.45,1.1381,0.8768,1.0
2018-10-10,1.15,130.23,1.1412,0.87448,1.0
2018-10-11,1.1575,130.0,1.143,0.8749,1.0
2018-10-12,1.1574,129.99,1.147,0.8764,1.0
2018-10-15,1.1581,129.53,1.1428,0.88045,1.0
2018-10-16,1.1587,129.92,1.1444,0.87593,1.0
2018-10-17,1.153,129.43,1.1453,0.87945,1.0
2018-10-18,1.1505,129.44,1.1451,0.87843,1.0
2018-10-19,1.147,129.05,1.1421,0.8802,1.0
2018-10-22,1.1494,129.63,1.1456,0.88425,1.0
2018-10-23,1.1478,128.76,1.1424,0.88103,1.0
2018-10-24,1.1389,128.37,1.1373,0.88233,1.0
2018-10-25,1.1416,128.27,1.1407,0.88533,1.0
2018-10-26,1.1345,127.13,1.1367,0.8868,1.0
2018-10-29,1.1381,127.92,1.1384,0.88788,1.0
2018-10-30,1.1372,128.28,1.1386,0.89148,1.0
2018-10-31,1.1318,128.15,1.1399,0.88873,1.0
2018-11-01,1.1393,128.52,1.143,0.88173,1.0
2018-11-02,1.1417,128.89,1.1422,0.8787,1.0
2018-11-05,1.137,128.81,1.1437,0.87535,1.0
2018-11-06,1.1428,129.31,1.146,0.87313,1.0
2018-11-07,1.1487,130.02,1.1444,0.87403,1.0
2018-11-08,1.1424,129.9,1.1456,0.87163,1.0
2018-11-09,1.1346,129.26,1.1414,0.87053,1.0
2018-11-12,1.1265,128.2,1.1368,0.87563,1.0
2018-11-13,1.1261,128.32,1.1368,0.86945,1.0
2018-11-14,1.1296,128.64,1.1395,0.87048,1.0
2018-11-15,1.1305,128.16,1.1365,0.8837,1.0
2018-11-16,1.1346,128.37,1.1431,0.8835,1.0
2018-11-19,1.1427,128.89,1.1391,0.89083,1.0
2018-11-20,1.1421,128.34,1.1328,0.88908,1.0
2018-11-21,1.1409,129.04,1.1341,0.89108,1.0
2018-11-22,1.1403,128.8,1.1351,0.88598,1.0
2018-11-23,1.1352,128.07,1.1316,0.8848,1.0
2018-11-26,1.1363,128.7,1.1332,0.8844,1.0
2018-11-27,1.1328,128.66,1.1309,0.88748,1.0
2018-11-28,1.1284,128.47,1.1273,0.88245,1.0
2018-11-29,1.1387,128.99,1.1324,0.89135,1.0
2018-11-30,1.1359,128.99,1.134,0.89068,1.0
2018-12-03,1.1332,128.7,1.1323,0.8915,1.0
2018-12-04,1.1409,128.68,1.1348,0.89058,1.0
2018-12-05,1.1354,128.31,1.1328,0.88885,1.0
2018-12-06,1.1351,128.04,1.1304,0.8893,1.0
2018-12-07,1.1371,128.36,1.1299,0.89085,1.0
2018-12-10,1.1425,128.79,1.1295,0.90245,1.0
2018-12-11,1.1379,128.75,1.1248,0.90228,1.0
2018-12-12,1.1346,128.67,1.1286,0.90135,1.0
2018-12-13,1.1371,129.06,1.1287,0.89848,1.0
2018-12-14,1.1285,128.13,1.1254,0.89835,1.0
2018-12-17,1.1341,128.44,1.1254,0.8989,1.0
2018-12-18,1.1377,127.86,1.1281,0.89715,1.0
2018-12-19,1.1405,128.11,1.1328,0.90318,1.0
2018-12-20,1.1451,127.94,1.1331,0.90335,1.0
2018-12-21,1.1414,126.98,1.1312,0.90215,1.0
2018-12-24,1.1408,126.47,1.1312,0.90038,1.0
2018-12-27,1.1377,126.14,1.1279,0.90073,1.0
2018-12-28,1.1454,126.4,1.1227,0.90273,1.0
2018-12-31,1.145,125.85,1.1269,0.89453,1.0
2019-01-02,1.1397,124.28,1.1239,0.90165,1.0
2019-01-03,1.1348,122.21,1.1219,0.90312,1.0
2019-01-04,1.1403,123.2,1.1256,0.89988,1.0
2019-01-07,1.1445,123.9,1.1227,0.8972,1.0
2019-01-08,1.144,124.46,1.1232,0.89743,1.0
2019-01-09,1.1455,124.7,1.123,0.89913,1.0
2019-01-10,1.1535,124.7,1.1276,0.90423,1.0
2019-01-11,1.1533,124.91,1.1327,0.90015,1.0
2019-01-14,1.1467,123.93,1.1258,0.89263,1.0
2019-01-15,1.1424,124.02,1.1266,0.89025,1.0
2019-01-16,1.1389,123.91,1.1269,0.8859,1.0
2019-01-17,1.1396,123.95,1.1312,0.8826,1.0
2019-01-18,1.1402,124.78,1.1331,0.88125,1.0
2019-01-21,1.1362,124.6,1.1343,0.88303,1.0
2019-01-22,1.1354,124.25,1.1326,0.88,1.0
2019-01-23,1.1367,124.7,1.1335,0.87213,1.0
2019-01-24,1.1341,124.43,1.1283,0.87085,1.0
2019-01-25,1.1346,124.72,1.131,0.8658,1.0
2019-01-28,1.1418,124.94,1.1331,0.86888,1.0
2019-01-29,1.1422,125.03,1.1352,0.86735,1.0
2019-01-30,1.1429,125.08,1.1403,0.87341,1.0
2019-01-31,1.1488,124.81,1.1409,0.87578,1.0
2019-02-01,1.1471,124.91,1.1396,0.87888,1.0
2019-02-04,1.1445,125.77,1.1421,0.87678,1.0
2019-02-05,1.1423,125.59,1.1436,0.87803,1.0
2019-02-06,1.1394,125.05,1.1394,0.8787,1.0
2019-02-07,1.1345,124.41,1.1357,0.8775,1.0
2019-02-08,1.1346,124.57,1.1357,0.8749,1.0
2019-02-11,1.1309,124.63,1.1351,0.87615,1.0
2019-02-12,1.1296,124.7,1.1381,0.87705,1.0
2019-02-13,1.1305,125.19,1.1371,0.87553,1.0
2019-02-14,1.1268,125.12,1.137,0.87945,1.0
2019-02-15,1.126,124.45,1.134,0.87938,1.0
2019-02-18,1.1328,125.23,1.1361,0.8762,1.0
2019-02-19,1.1294,125.09,1.1351,0.87185,1.0
2019-02-20,1.1342,125.61,1.1342,0.86945,1.0
2019-02-21,1.1354,125.7,1.1367,0.86805,1.0
2019-02-22,1.1325,125.56,1.1346,0.87263,1.0
2019-02-25,1.1355,125.75,1.1351,0.86828,1.0
2019-02-26,1.1361,125.93,1.1371,0.86055,1.0
2019-02-27,1.1386,125.9,1.1354,0.85503,1.0
2019-02-28,1.1416,126.44,1.1335,0.85835,1.0
2019-03-01,1.1383,127.35,1.1363,0.85968,1.0
2019-03-04,1.1337,126.91,1.1352,0.85775,1.0
2019-03-05,1.1329,126.8,1.1341,0.86358,1.0
2019-03-06,1.1305,126.4,1.136,0.8597,1.0
2019-03-07,1.1271,125.97,1.1355,0.8588,1.0
2019-03-08,1.1222,124.72,1.1324,0.85905,1.0
2019-03-11,1.1244,124.91,1.1349,0.8624,1.0
2019-03-12,1.1275,125.27,1.1369,0.86145,1.0
2019-03-13,1.1303,125.89,1.1373,0.8588,1.0
2019-03-14,1.1295,126.09,1.1351,0.85228,1.0
2019-03-15,1.1308,126.16,1.136,0.85415,1.0
2019-03-18,1.1349,126.54,1.136,0.8566,1.0
2019-03-19,1.1358,126.59,1.1353,0.85548,1.0
2019-03-20,1.1354,126.63,1.1338,0.8628,1.0
2019-03-21,1.1387,125.92,1.1309,0.8665,1.0
2019-03-22,1.1302,124.6,1.1243,0.8589,1.0
2019-03-25,1.1325,124.65,1.1237,0.85638,1.0
2019-03-26,1.1291,124.72,1.1222,0.8533,1.0
2019-03-27,1.1261,124.42,1.1196,0.85118,1.0
2019-03-28,1.1218,124.16,1.1185,0.85555,1.0
2019-03-29,1.1235,124.45,1.1181,0.8583,1.0
2019-04-01,1.1236,124.68,1.118,0.85658,1.0
2019-04-02,1.12,124.73,1.1195,0.86,1.0
2019-04-03,1.1243,125.3,1.1206,0.8539,1.0
2019-04-04,1.1219,125.01,1.1207,0.85418,1.0
2019-04-05,1.1233,125.44,1.1235,0.85938,1.0
2019-04-08,1.1246,125.36,1.1245,0.86183,1.0
2019-04-09,1.1277,125.51,1.127,0.86335,1.0
2019-04-10,1.1279,125.38,1.128,0.86083,1.0
2019-04-11,1.1264,125.3,1.1304,0.86168,1.0
2019-04-12,1.1321,126.76,1.1326,0.8629,1.0
2019-04-15,1.1313,126.66,1.1345,0.86305,1.0
2019-04-16,1.1305,126.59,1.1371,0.8639,1.0
2019-04-17,1.1301,126.51,1.14,0.86593,1.0
2019-04-18,1.125,125.86,1.1383,0.8647,1.0
2019-04-23,1.1245,125.82,1.147,0.8645,1.0
2019-04-24,1.1209,125.34,1.1416,0.86545,1.0
2019-04-25,1.1123,124.45,1.1368,0.86435,1.0
2019-04-26,1.1133,124.45,1.1372,0.8634,1.0
2019-04-29,1.115,124.64,1.1379,0.8634,1.0
2019-04-30,1.1218,124.93,1.1437,0.86248,1.0
2019-05-02,1.1212,125.01,1.1419,0.8593,1.0
2019-05-03,1.1155,124.4,1.1383,0.85785,1.0
2019-05-06,1.1199,124.13,1.1403,0.8547,1.0
2019-05-07,1.1185,123.73,1.1415,0.85645,1.0
2019-05-08,1.1202,123.31,1.1407,0.86095,1.0
2019-05-09,1.1193,122.91,1.139,0.8612,1.0
2019-05-10,1.123,123.25,1.1378,0.8625,1.0
2019-05-13,1.1245,123.06,1.1319,0.8635,1.0
2019-05-14,1.1226,123.0,1.1307,0.86723,1.0
2019-05-15,1.1183,122.24,1.1276,0.8682,1.0
2019-05-16,1.1203,122.81,1.1306,0.87463,1.0
2019-05-17,1.1172,122.34,1.1283,0.87595,1.0
2019-05-20,1.1167,122.67,1.1263,0.8762,1.0
2019-05-21,1.1161,123.27,1.1274,0.8761,1.0
2019-05-22,1.1171,123.27,1.1252,0.8828,1.0
2019-05-23,1.1139,122.56,1.1224,0.881,1.0
2019-05-24,1.1187,122.61,1.1215,0.88318,1.0
2019-05-27,1.1198,122.56,1.1257,0.88225,1.0
2019-05-28,1.1192,122.45,1.1254,0.88373,1.0
2019-05-29,1.1156,121.91,1.1217,0.88225,1.0
2019-05-30,1.1134,122.1,1.1228,0.88178,1.0
2019-05-31,1.1151,121.27,1.1214,0.88693,1.0
2019-06-03,1.1185,121.17,1.1162,0.88618,1.0
2019-06-04,1.1244,121.62,1.1178,0.88738,1.0
2019-06-05,1.1257,121.96,1.1163,0.88631,1.0
2019-06-06,1.1266,121.82,1.1174,0.88558,1.0
2019-06-07,1.1273,122.27,1.1191,0.88675,1.0
2019-06-10,1.1301,122.78,1.12,0.89248,1.0
2019-06-11,1.132,123.09,1.1233,0.89085,1.0
2019-06-12,1.1323,122.72,1.1252,0.88805,1.0
2019-06-13,1.1289,122.44,1.1207,0.88948,1.0
2019-06-14,1.1265,121.9,1.1211,0.89093,1.0
2019-06-17,1.1234,122.06,1.1214,0.89208,1.0
2019-06-18,1.1187,121.08,1.1175,0.89403,1.0
2019-06-19,1.1207,121.49,1.1176,0.8902,1.0
2019-06-20,1.1307,121.71,1.1142,0.89155,1.0
2019-06-21,1.1316,121.64,1.1107,0.89425,1.0
2019-06-24,1.1394,122.25,1.1109,0.89365,1.0
2019-06-25,1.1388,121.97,1.1108,0.89485,1.0
2019-06-26,1.1362,122.4,1.1113,0.89603,1.0
2019-06-27,1.137,122.64,1.1121,0.89428,1.0
2019-06-28,1.138,122.6,1.1105,0.89655,1.0
2019-07-01,1.1349,122.93,1.1141,0.89718,1.0
2019-07-02,1.1301,122.36,1.1169,0.89443,1.0
2019-07-03,1.1293,121.61,1.1116,0.8975,1.0
2019-07-04,1.1288,121.65,1.112,0.8973,1.0
2019-07-05,1.126,121.77,1.1126,0.89703,1.0
2019-07-08,1.1215,121.8,1.1127,0.89625,1.0
2019-07-09,1.1205,121.93,1.1137,0.89975,1.0
2019-07-10,1.122,122.2,1.1133,0.89928,1.0
2019-07-11,1.1285,121.94,1.1114,0.8979,1.0
2019-07-12,1.1253,121.83,1.1087,0.89788,1.0
2019-07-15,1.1269,121.62,1.1071,0.89873,1.0
2019-07-16,1.1223,121.13,1.1075,0.9026,1.0
2019-07-17,1.1215,121.42,1.1095,0.9034,1.0
2019-07-18,1.1216,120.89,1.1064,0.89853,1.0
2019-07-19,1.1226,120.93,1.1033,0.89635,1.0
2019-07-22,1.1215,121.03,1.1007,0.89968,1.0
2019-07-23,1.1173,120.82,1.0985,0.8983,1.0
2019-07-24,1.114,120.41,1.0982,0.89143,1.0
2019-07-25,1.1115,120.15,1.0989,0.88963,1.0
2019-07-26,1.1138,121.06,1.1053,0.89633,1.0
2019-07-29,1.1119,120.81,1.1037,0.90443,1.0
2019-07-30,1.1154,121.0,1.1038,0.91653,1.0
2019-07-31,1.1151,121.04,1.1041,0.91623,1.0
2019-08-01,1.1037,120.18,1.0988,0.9115,1.0
2019-08-02,1.1106,118.57,1.0931,0.91505,1.0
2019-08-05,1.1182,118.61,1.0893,0.9188,1.0
2019-08-06,1.1187,119.1,1.0919,0.9183,1.0
2019-08-07,1.1202,118.48,1.0921,0.92353,1.0
2019-08-08,1.1193,118.64,1.0923,0.92115,1.0
2019-08-09,1.1198,118.51,1.0897,0.9282,1.0
2019-08-12,1.1194,117.69,1.0876,0.92615,1.0
2019-08-13,1.1222,118.01,1.0853,0.9283,1.0
2019-08-14,1.1188,118.48,1.0862,0.92673,1.0
2019-08-15,1.115,118.37,1.0863,0.91863,1.0
2019-08-16,1.1076,117.77,1.0854,0.91033,1.0
2019-08-19,1.1103,118.34,1.0884,0.91583,1.0
2019-08-20,1.1076,117.79,1.086,0.91623,1.0
2019-08-21,1.1104,118.24,1.0875,0.91545,1.0
2019-08-22,1.1083,118.13,1.0905,0.9115,1.0
2019-08-23,1.1065,117.79,1.0893,0.90453,1.0
2019-08-26,1.1116,117.67,1.0885,0.90808,1.0
2019-08-27,1.1104,117.43,1.0884,0.90435,1.0
2019-08-28,1.1083,117.18,1.0872,0.90823,1.0
2019-08-29,1.1072,117.68,1.088,0.90531,1.0
2019-08-30,1.1036,117.28,1.0909,0.90565,1.0
2019-09-02,1.0968,116.66,1.0875,0.9082,1.0
2019-09-03,1.0937,116.05,1.0829,0.90885,1.0
2019-09-04,1.1018,117.03,1.0848,0.90255,1.0
2019-09-05,1.1058,117.97,1.0863,0.8958,1.0
2019-09-06,1.1027,118.01,1.0928,0.89635,1.0
2019-09-09,1.1033,118.01,1.0923,0.89275,1.0
2019-09-10,1.104,118.52,1.0943,0.893,1.0
2019-09-11,1.1003,118.51,1.0934,0.89133,1.0
2019-09-12,1.0963,118.14,1.0892,0.8892,1.0
2019-09-13,1.1096,119.83,1.094,0.89093,1.0
2019-09-16,1.1031,118.96,1.0932,0.8851,1.0
2019-09-17,1.1026,119.23,1.0966,0.88813,1.0
2019-09-18,1.1053,119.54,1.0999,0.8872,1.0
2019-09-19,1.1067,119.46,1.097,0.88735,1.0
2019-09-20,1.103,119.11,1.0942,0.8823,1.0
2019-09-23,1.0985,118.07,1.0891,0.88343,1.0
2019-09-24,1.1003,118.45,1.0878,0.88153,1.0
2019-09-25,1.0982,118.0,1.0841,0.88668,1.0
2019-09-26,1.0938,117.73,1.0864,0.88505,1.0
2019-09-27,1.0935,118.21,1.086,0.88778,1.0
2019-09-30,1.0889,117.59,1.0847,0.88573,1.0
2019-10-01,1.0898,118.0,1.0906,0.88955,1.0
2019-10-02,1.0925,117.47,1.094,0.8897,1.0
2019-10-03,1.0951,117.17,1.0957,0.8879,1.0
2019-10-04,1.0979,117.23,1.0913,0.89045,1.0
2019-10-07,1.0993,117.44,1.0924,0.89155,1.0
2019-10-08,1.0986,117.43,1.0898,0.89795,1.0
2019-10-09,1.0981,117.91,1.0927,0.8985,1.0
2019-10-10,1.103,118.52,1.0948,0.90155,1.0
2019-10-11,1.1043,119.75,1.1025,0.87518,1.0
2019-10-14,1.1031,119.4,1.0983,0.87983,1.0
2019-10-15,1.1007,119.23,1.0977,0.87058,1.0
2019-10-16,1.1025,119.9,1.0997,0.8656,1.0
2019-10-17,1.1113,120.81,1.0991,0.8684,1.0
2019-10-18,1.1144,120.97,1.0996,0.86435,1.0
2019-10-21,1.1173,121.29,1.1002,0.8593,1.0
2019-10-22,1.113,120.87,1.1004,0.86065,1.0
2019-10-23,1.1123,120.63,1.1004,0.86408,1.0
2019-10-24,1.1128,120.86,1.1019,0.86288,1.0
2019-10-25,1.1107,120.59,1.1019,0.86598,1.0
2019-10-28,1.1087,120.69,1.1047,0.86328,1.0
2019-10-29,1.1095,120.88,1.1041,0.86328,1.0
2019-10-30,1.1106,120.99,1.1032,0.862,1.0
2019-10-31,1.1154,120.73,1.1007,0.86133,1.0
2019-11-01,1.1139,120.43,1.1013,0.86008,1.0
2019-11-04,1.1158,120.93,1.1021,0.86368,1.0
2019-11-05,1.1109,120.93,1.1009,0.86113,1.0
2019-11-06,1.109,120.88,1.101,0.86033,1.0
2019-11-07,1.1077,120.9,1.0998,0.86442,1.0
2019-11-08,1.1034,120.72,1.0991,0.86158,1.0
2019-11-11,1.1041,120.29,1.0972,0.85743,1.0
2019-11-12,1.1015,120.24,1.0963,0.8582,1.0
2019-11-13,1.1006,119.79,1.0894,0.8576,1.0
2019-11-14,1.0997,119.49,1.0873,0.85643,1.0
2019-11-15,1.1034,119.95,1.0924,0.8566,1.0
2019-11-18,1.1061,120.55,1.096,0.8533,1.0
2019-11-19,1.1077,120.46,1.0979,0.85573,1.0
2019-11-20,1.1059,119.96,1.0977,0.85715,1.0
2019-11-21,1.1091,120.46,1.0998,0.85548,1.0
2019-11-22,1.1058,120.03,1.0994,0.8598,1.0
2019-11-25,1.1008,119.88,1.0986,0.85515,1.0
2019-11-26,1.102,120.09,1.0993,0.85715,1.0
2019-11-27,1.1009,120.18,1.0986,0.8545,1.0
2019-11-28,1.1005,120.5,1.0991,0.8518,1.0
2019-11-29,1.0982,120.43,1.0998,0.85225,1.0
2019-12-02,1.1023,120.75,1.0995,0.85218,1.0
2019-12-03,1.1071,120.39,1.0947,0.852,1.0
2019-12-04,1.1081,120.45,1.0956,0.8461,1.0
2019-12-05,1.1094,120.69,1.0964,0.8447,1.0
2019-12-06,1.1094,120.44,1.0968,0.84453,1.0
2019-12-09,1.1075,120.15,1.0959,0.84195,1.0
2019-12-10,1.1077,120.27,1.0922,0.84073,1.0
2019-12-11,1.1075,120.44,1.0916,0.84245,1.0
2019-12-12,1.1137,120.95,1.0939,0.8456,1.0
2019-12-13,1.1174,122.43,1.0982,0.83508,1.0
2019-12-16,1.1146,121.97,1.0953,0.83415,1.0
2019-12-17,1.1162,122.31,1.0946,0.84748,1.0
2019-12-18,1.1115,121.81,1.0913,0.85055,1.0
2019-12-19,1.1117,121.73,1.0899,0.85073,1.0
2019-12-20,1.1097,121.31,1.0883,0.85133,1.0
2019-12-23,1.1075,121.18,1.087,0.85708,1.0
2019-12-24,1.108,121.19,1.0878,0.85533,1.0
2019-12-27,1.1153,122.23,1.089,0.8513,1.0
2019-12-30,1.1189,122.19,1.0871,0.85208,1.0
2019-12-31,1.1234,121.94,1.0854,0.8508,1.0
2020-01-02,1.1193,121.75,1.0865,0.84828,1.0
2020-01-03,1.1147,120.54,1.084,0.85115,1.0
2020-01-06,1.1194,121.02,1.085,0.85215,1.0
2020-01-07,1.1172,121.15,1.085,0.85183,1.0
2020-01-08,1.1115,120.86,1.0792,0.84868,1.0
2020-01-09,1.111,121.54,1.0808,0.85285,1.0
2020-01-10,1.1091,121.6,1.0822,0.8481,1.0
2020-01-13,1.1126,122.25,1.0811,0.8576,1.0
2020-01-14,1.1115,122.32,1.0767,0.85618,1.0
2020-01-15,1.1142,122.43,1.0751,0.85683,1.0
2020-01-16,1.1169,122.8,1.0739,0.8547,1.0
2020-01-17,1.1108,122.31,1.0736,0.85105,1.0
2020-01-20,1.1085,122.14,1.0737,0.85275,1.0
2020-01-21,1.1115,122.31,1.0743,0.8503,1.0
2020-01-22,1.1088,121.93,1.0757,0.84445,1.0
2020-01-23,1.1091,121.5,1.0734,0.84498,1.0
2020-01-24,1.1035,120.96,1.0712,0.84313,1.0
2020-01-27,1.1025,120.11,1.0689,0.84358,1.0
2020-01-28,1.1005,120.02,1.0703,0.84603,1.0
2020-01-29,1.1001,120.06,1.0729,0.8458,1.0
2020-01-30,1.1029,120.03,1.069,0.84183,1.0
2020-01-31,1.1052,120.35,1.0694,0.84175,1.0
2020-02-03,1.1066,120.1,1.0672,0.84775,1.0
2020-02-04,1.1048,120.52,1.0702,0.8488,1.0
2020-02-05,1.1023,120.94,1.0717,0.84444,1.0
2020-02-06,1.1003,120.87,1.0715,0.84835,1.0
2020-02-07,1.0969,120.51,1.0705,0.8472,1.0
2020-02-10,1.0951,120.18,1.07,0.84628,1.0
2020-02-11,1.0901,119.73,1.0667,0.84325,1.0
2020-02-12,1.0914,120.03,1.0645,0.84058,1.0
2020-02-13,1.0867,119.21,1.0633,0.83375,1.0
2020-02-14,1.0842,119.11,1.0641,0.83208,1.0
2020-02-17,1.0835,119.05,1.0641,0.83238,1.0
2020-02-18,1.0816,118.7,1.0619,0.82985,1.0
2020-02-19,1.08,119.35,1.0621,0.83148,1.0
2020-02-20,1.079,120.86,1.0616,0.8384,1.0
2020-02-21,1.0801,120.96,1.061,0.8351,1.0
2020-02-24,1.0818,120.52,1.06,0.83833,1.0
2020-02-25,1.084,119.92,1.0605,0.8363,1.0
2020-02-26,1.0875,120.13,1.0606,0.8415,1.0
2020-02-27,1.0964,120.46,1.0627,0.84995,1.0
2020-02-28,1.0977,119.36,1.0614,0.85315,1.0
2020-03-02,1.1122,119.82,1.0655,0.87113,1.0
2020-03-03,1.1117,119.77,1.0646,0.8701,1.0
2020-03-04,1.1125,119.58,1.0647,0.8685,1.0
2020-03-05,1.1187,119.63,1.0663,0.8667,1.0
2020-03-06,1.1336,119.08,1.0589,0.87165,1.0
2020-03-09,1.1456,117.12,1.0594,0.87383,1.0
2020-03-10,1.139,118.65,1.0594,0.87385,1.0
2020-03-11,1.1336,118.55,1.0591,0.8769,1.0
2020-03-12,1.124,116.84,1.0549,0.88623,1.0
2020-03-13,1.1104,119.11,1.0608,0.8907,1.0
2020-03-16,1.1157,117.76,1.0546,0.90918,1.0
2020-03-17,1.0982,117.5,1.0561,0.90823,1.0
2020-03-18,1.0934,117.78,1.0546,0.9219,1.0
2020-03-19,1.0801,118.63,1.0535,0.92985,1.0
2020-03-20,1.0707,118.37,1.0546,0.91028,1.0
2020-03-23,1.0783,119.11,1.059,0.9297,1.0
2020-03-24,1.0843,119.99,1.0572,0.921,1.0
2020-03-25,1.0827,120.67,1.0602,0.91503,1.0
2020-03-26,1.0981,120.18,1.0634,0.91348,1.0
2020-03-27,1.0977,119.36,1.0581,0.89743,1.0
2020-03-30,1.1034,119.34,1.0571,0.889,1.0
2020-03-31,1.0956,118.9,1.0585,0.88643,1.0
2020-04-01,1.0936,117.55,1.0564,0.8846,1.0
2020-04-02,1.0906,117.06,1.0551,0.87738,1.0
2020-04-03,1.0785,117.1,1.0547,0.8785,1.0
2020-04-06,1.0791,117.54,1.056,0.878,1.0
2020-04-07,1.0885,118.55,1.0582,0.88093,1.0
2020-04-08,1.0871,118.36,1.0557,0.87948,1.0
2020-04-09,1.0867,118.33,1.0558,0.87565,1.0
2020-04-14,1.0963,117.66,1.0543,0.87253,1.0
2020-04-15,1.0903,117.12,1.0534,0.87385,1.0
2020-04-16,1.0888,117.12,1.0516,0.87163,1.0
2020-04-17,1.086,116.86,1.0515,0.86978,1.0
2020-04-20,1.086,117.11,1.0518,0.87343,1.0
2020-04-21,1.0837,116.39,1.0517,0.8812,1.0
2020-04-22,1.0867,117.01,1.0523,0.8792,1.0
2020-04-23,1.0772,115.75,1.0511,0.872,1.0
2020-04-24,1.08,116.22,1.0525,0.87498,1.0
2020-04-27,1.0852,116.22,1.0557,0.87263,1.0
2020-04-28,1.0877,116.06,1.0586,0.87078,1.0
2020-04-29,1.0842,115.52,1.0571,0.87378,1.0
2020-04-30,1.0876,115.87,1.0558,0.86905,1.0
2020-05-04,1.0942,116.84,1.0548,0.87898,1.0
2020-05-05,1.0843,115.71,1.0525,0.8706,1.0
2020-05-06,1.0807,114.65,1.053,0.87253,1.0
2020-05-07,1.0783,114.91,1.053,0.87478,1.0
2020-05-08,1.0843,115.34,1.0529,0.87535,1.0
2020-05-11,1.0824,116.16,1.0519,0.87875,1.0
2020-05-12,1.0858,116.56,1.052,0.87773,1.0
2020-05-13,1.0875,116.28,1.0528,0.88245,1.0
2020-05-14,1.0792,115.48,1.0512,0.88495,1.0
2020-05-15,1.0798,115.53,1.0513,0.88738,1.0
2020-05-18,1.0832,116.31,1.0521,0.89153,1.0
2020-05-19,1.095,118.0,1.0633,0.89535,1.0
2020-05-20,1.0958,117.95,1.0584,0.89358,1.0
2020-05-21,1.1,118.42,1.0628,0.89943,1.0
2020-05-22,1.0904,117.26,1.0591,0.89563,1.0
2020-05-25,1.091,117.47,1.0597,0.89515,1.0
2020-05-26,1.0975,117.92,1.06,0.88878,1.0
2020-05-27,1.0991,118.58,1.0675,0.89595,1.0
2020-05-28,1.1016,118.68,1.0683,0.89728,1.0
2020-05-29,1.1136,119.29,1.072,0.90088,1.0
2020-06-01,1.1116,119.75,1.0686,0.89673,1.0
2020-06-02,1.1174,120.83,1.0741,0.89083,1.0
2020-06-03,1.1194,121.54,1.0793,0.89065,1.0
2020-06-04,1.125,122.48,1.0786,0.89685,1.0
2020-06-05,1.133,123.77,1.0866,0.89448,1.0
2020-06-08,1.1285,123.41,1.0861,0.89173,1.0
2020-06-09,1.1294,122.14,1.077,0.8912,1.0
2020-06-10,1.1375,122.16,1.0762,0.88963,1.0
2020-06-11,1.1348,121.52,1.0697,0.89665,1.0
2020-06-12,1.1304,121.26,1.0697,0.89653,1.0
2020-06-15,1.1253,120.83,1.0679,0.89648,1.0
2020-06-16,1.1308,121.39,1.0717,0.8937,1.0
2020-06-17,1.1232,120.65,1.0669,0.89448,1.0
2020-06-18,1.1222,120.0,1.0667,0.90028,1.0
2020-06-19,1.121,119.77,1.0656,0.90505,1.0
2020-06-22,1.1213,119.89,1.0654,0.90328,1.0
2020-06-23,1.1318,121.05,1.0705,0.9063,1.0
2020-06-24,1.128,120.3,1.0679,0.90343,1.0
2020-06-25,1.12,120.25,1.0637,0.90133,1.0
2020-06-26,1.1213,119.93,1.0631,0.90575,1.0
2020-06-29,1.1284,121.07,1.0669,0.9154,1.0
2020-06-30,1.1198,120.66,1.0651,0.91243,1.0
2020-07-01,1.12,120.31,1.062,0.9043,1.0
2020-07-02,1.1286,121.24,1.0648,0.90225,1.0
2020-07-03,1.1224,120.68,1.0623,0.9012,1.0
2020-07-06,1.1325,121.78,1.0642,0.90505,1.0
2020-07-07,1.129,121.61,1.0643,0.9015,1.0
2020-07-08,1.1286,121.39,1.0624,0.89923,1.0
2020-07-09,1.1342,121.67,1.0634,0.89655,1.0
2020-07-10,1.1276,120.48,1.0625,0.8957,1.0
2020-07-13,1.1329,121.4,1.0685,0.89938,1.0
2020-07-14,1.1375,122.17,1.0691,0.90778,1.0
2020-07-15,1.1444,122.25,1.0783,0.9054,1.0
2020-07-16,1.1414,122.24,1.0787,0.90875,1.0
2020-07-17,1.1428,122.53,1.0753,0.91078,1.0
2020-07-20,1.1448,122.63,1.0736,0.90575,1.0
2020-07-21,1.1443,122.7,1.074,0.90055,1.0
2020-07-22,1.1578,123.94,1.0785,0.91123,1.0
2020-07-23,1.1569,123.98,1.0731,0.91195,1.0
2020-07-24,1.1608,123.36,1.073,0.90985,1.0
2020-07-27,1.176,123.88,1.0838,0.9134,1.0
2020-07-28,1.1717,123.34,1.0758,0.90968,1.0
2020-07-29,1.1725,123.28,1.0766,0.90385,1.0
2020-07-30,1.1743,123.58,1.0744,0.90268,1.0
2020-07-31,1.1848,124.31,1.0769,0.90053,1.0
2020-08-03,1.1726,124.51,1.0784,0.90013,1.0
2020-08-04,1.1765,124.78,1.0761,0.90335,1.0
2020-08-05,1.1854,125.37,1.077,0.90265,1.0
2020-08-06,1.1843,124.96,1.0759,0.90033,1.0
2020-08-07,1.1817,124.91,1.0804,0.90373,1.0
2020-08-10,1.1763,124.74,1.079,0.90155,1.0
2020-08-11,1.1783,124.97,1.0743,0.89843,1.0
2020-08-12,1.1771,125.92,1.0755,0.90475,1.0
2020-08-13,1.1833,126.58,1.0784,0.90373,1.0
2020-08-14,1.1813,126.01,1.0754,0.90173,1.0
2020-08-17,1.1853,125.99,1.0765,0.90625,1.0
2020-08-18,1.1906,125.54,1.0773,0.90375,1.0
2020-08-19,1.1933,125.74,1.0811,0.90345,1.0
2020-08-20,1.185,125.46,1.0786,0.90173,1.0
2020-08-21,1.1769,124.53,1.0744,0.89755,1.0
2020-08-24,1.1847,125.26,1.0761,0.90175,1.0
2020-08-25,1.1814,125.67,1.0752,0.89945,1.0
2020-08-26,1.1789,125.34,1.0738,0.8969,1.0
2020-08-27,1.1806,125.34,1.075,0.89505,1.0
2020-08-28,1.1915,125.39,1.0758,0.89468,1.0
2020-08-31,1.194,126.47,1.0774,0.89605,1.0
2020-09-01,1.1987,126.92,1.0865,0.88975,1.0
2020-09-02,1.1861,126.0,1.0799,0.8884,1.0
2020-09-03,1.1813,125.85,1.0776,0.89135,1.0
2020-09-04,1.1842,125.79,1.0793,0.89325,1.0
2020-09-07,1.1824,125.59,1.0809,0.89835,1.0
2020-09-08,1.1785,125.2,1.082,0.90453,1.0
2020-09-09,1.1773,125.05,1.0806,0.91213,1.0
2020-09-10,1.1849,125.76,1.0766,0.9159,1.0
2020-09-11,1.1854,125.82,1.0777,0.92408,1.0
2020-09-14,1.1876,125.82,1.0768,0.9219,1.0
2020-09-15,1.1892,125.39,1.0768,0.92095,1.0
2020-09-16,1.1869,124.72,1.0753,0.91423,1.0
2020-09-17,1.1797,123.38,1.0742,0.9153,1.0
2020-09-18,1.1833,123.49,1.0776,0.91318,1.0
2020-09-21,1.1787,122.7,1.0761,0.91608,1.0
2020-09-22,1.174,122.78,1.0748,0.91743,1.0
2020-09-23,1.1692,122.91,1.0773,0.91885,1.0
2020-09-24,1.1645,122.73,1.0772,0.91228,1.0
2020-09-25,1.1634,122.74,1.0798,0.91343,1.0
2020-09-28,1.167,123.02,1.0816,0.90508,1.0
2020-09-29,1.1702,123.61,1.0795,0.90963,1.0
2020-09-30,1.1708,123.76,1.0804,0.91235,1.0
2020-10-01,1.1752,123.98,1.0787,0.90723,1.0
2020-10-02,1.173,123.4,1.079,0.90673,1.0
2020-10-05,1.1768,124.25,1.0781,0.9081,1.0
2020-10-06,1.1795,124.58,1.0781,0.91058,1.0
2020-10-07,1.177,124.73,1.0787,0.91413,1.0
2020-10-08,1.1765,124.69,1.0799,0.91035,1.0
2020-10-09,1.1795,124.95,1.0773,0.91167,1.0
2020-10-12,1.1799,124.41,1.0742,0.90598,1.0
2020-10-13,1.1787,124.38,1.0734,0.90591,1.0
2020-10-14,1.175,123.7,1.0738,0.90395,1.0
2020-10-15,1.1698,123.15,1.0697,0.90535,1.0
2020-10-16,1.1741,123.59,1.0721,0.90915,1.0
2020-10-19,1.1785,124.11,1.0724,0.90588,1.0
2020-10-20,1.181,124.79,1.0724,0.91329,1.0
2020-10-21,1.1852,124.27,1.0715,0.90754,1.0
2020-10-22,1.1821,123.72,1.0726,0.90273,1.0
2020-10-23,1.1856,124.17,1.0715,0.90675,1.0
2020-10-26,1.1819,124.14,1.0719,0.90755,1.0
2020-10-27,1.1832,123.74,1.0732,0.90718,1.0
2020-10-28,1.1727,122.36,1.0693,0.90662,1.0
2020-10-29,1.1704,122.09,1.0684,0.9043,1.0
2020-10-30,1.1698,122.36,1.0698,0.90208,1.0
2020-11-02,1.1652,121.93,1.0695,0.90053,1.0
2020-11-03,1.1702,122.56,1.0709,0.90042,1.0
2020-11-04,1.1721,122.31,1.0675,0.89954,1.0
2020-11-05,1.1855,122.86,1.0724,0.9045,1.0
2020-11-06,1.187,122.66,1.0682,0.9043,1.0
2020-11-09,1.1883,124.67,1.0778,0.90224,1.0
2020-11-10,1.1808,124.36,1.0817,0.89183,1.0
2020-11-11,1.1766,124.07,1.0793,0.88935,1.0
2020-11-12,1.1791,124.25,1.0805,0.89765,1.0
2020-11-13,1.1815,123.88,1.0805,0.89683,1.0
2020-11-16,1.183,124.15,1.0819,0.89819,1.0
2020-11-17,1.1882,123.78,1.0816,0.89585,1.0
2020-11-18,1.1868,123.28,1.0812,0.89373,1.0
2020-11-19,1.1832,123.08,1.0797,0.89378,1.0
2020-11-20,1.1863,123.18,1.0811,0.89393,1.0
2020-11-23,1.1901,123.47,1.0806,0.88888,1.0
2020-11-24,1.1865,124.06,1.0833,0.89012,1.0
2020-11-25,1.189,124.19,1.0835,0.89129,1.0
2020-11-26,1.19,124.04,1.0813,0.89129,1.0
2020-11-27,1.1922,124.23,1.0826,0.89442,1.0
2020-11-30,1.198,124.79,1.0839,0.89845,1.0
2020-12-01,1.1968,124.92,1.0836,0.89798,1.0
2020-12-02,1.2066,126.13,1.0819,0.9049,1.0
2020-12-03,1.2151,126.49,1.0831,0.90358,1.0
2020-12-04,1.2159,126.44,1.0822,0.90282,1.0
2020-12-07,1.2128,126.3,1.0802,0.91215,1.0
2020-12-08,1.2114,126.18,1.0781,0.91143,1.0
2020-12-09,1.2109,126.05,1.0764,0.9,1.0
2020-12-10,1.2115,126.53,1.0757,0.911,1.0
2020-12-11,1.2127,126.28,1.0786,0.92294,1.0
2020-12-14,1.2162,126.11,1.0776,0.907,1.0
2020-12-15,1.214,126.08,1.077,0.90795,1.0
2020-12-16,1.2189,125.97,1.0786,0.8995,1.0
2020-12-17,1.2246,126.19,1.0821,0.9005,1.0
2020-12-18,1.2259,126.69,1.0845,0.90828,1.0
2020-12-21,1.2173,126.04,1.081,0.9161,1.0
2020-12-22,1.2239,126.52,1.0837,0.91148,1.0
2020-12-23,1.2166,125.99,1.0837,0.907,1.0
2020-12-24,1.2193,126.38,1.0851,0.89795,1.0
2020-12-28,1.2219,126.54,1.0854,0.90408,1.0
2020-12-29,1.2259,127.23,1.0862,0.90863,1.0
2020-12-30,1.2281,126.57,1.0857,0.90307,1.0
2020-12-31,1.2271,126.49,1.0802,0.89903,1.0
2021-01-04,1.2296,126.62,1.0811,0.9016,1.0
2021-01-05,1.2271,126.25,1.0803,0.90333,1.0
2021-01-06,1.2338,127.03,1.0821,0.90635,1.0
2021-01-07,1.2276,127.13,1.0833,0.9019,1.0
2021-01-08,1.225,127.26,1.0827,0.90128,1.0
2021-01-11,1.2163,126.76,1.0838,0.90235,1.0
2021-01-12,1.2161,126.74,1.0812,0.8944,1.0
2021-01-13,1.2166,126.44,1.0812,0.88983,1.0
2021-01-14,1.2124,126.21,1.0805,0.88943,1.0
2021-01-15,1.2123,125.74,1.077,0.88998,1.0
2021-01-18,1.2064,125.18,1.0747,0.89073,1.0
2021-01-19,1.2132,126.16,1.0769,0.891,1.0
2021-01-20,1.2101,125.62,1.0778,0.88563,1.0
2021-01-21,1.2158,125.72,1.0773,0.88625,1.0
2021-01-22,1.2158,126.19,1.0773,0.89045,1.0
2021-01-25,1.2152,126.06,1.0772,0.888,1.0
2021-01-26,1.2143,125.93,1.0789,0.88698,1.0
2021-01-27,1.2114,125.87,1.0759,0.88395,1.0
2021-01-28,1.2091,126.2,1.0783,0.88603,1.0
2021-01-29,1.2136,127.05,1.0798,0.88383,1.0
2021-02-01,1.2084,126.77,1.0816,0.882,1.0
2021-02-02,1.2044,126.46,1.0808,0.88075,1.0
2021-02-03,1.2017,126.25,1.0804,0.88145,1.0
2021-02-04,1.1996,126.24,1.0818,0.87693,1.0
2021-02-05,1.1983,126.72,1.0825,0.87538,1.0
2021-02-08,1.2025,126.97,1.0842,0.87833,1.0
2021-02-09,1.2104,126.58,1.0817,0.87828,1.0
2021-02-10,1.2127,127.04,1.0805,0.8765,1.0
2021-02-11,1.2147,127.12,1.0802,0.87755,1.0
2021-02-12,1.2108,127.15,1.0803,0.87753,1.0
2021-02-15,1.2129,127.72,1.0802,0.87225,1.0
2021-02-16,1.2143,128.16,1.08,0.87333,1.0
2021-02-17,1.206,127.94,1.0806,0.8696,1.0
2021-02-18,1.2084,127.69,1.0829,0.8654,1.0
2021-02-19,1.2139,127.81,1.0851,0.86508,1.0
2021-02-22,1.2133,128.0,1.0888,0.8653,1.0
2021-02-23,1.2143,127.98,1.0946,0.86308,1.0
2021-02-24,1.2146,128.69,1.1029,0.8603,1.0
2021-02-25,1.2225,129.73,1.1076,0.86408,1.0
2021-02-26,1.2121,128.83,1.0986,0.87053,1.0
2021-03-01,1.2053,128.63,1.1014,0.86558,1.0
2021-03-02,1.2028,128.58,1.105,0.86433,1.0
2021-03-03,1.2048,128.81,1.1064,0.86351,1.0
2021-03-04,1.2034,129.23,1.1114,0.8627,1.0
2021-03-05,1.1938,129.3,1.1066,0.863,1.0
2021-03-08,1.1866,128.9,1.1087,0.85728,1.0
2021-03-09,1.1894,129.5,1.1071,0.85704,1.0
2021-03-10,1.1892,129.12,1.1069,0.85655,1.0
2021-03-11,1.1969,129.82,1.1066,0.8567,1.0
2021-03-12,1.1933,130.14,1.1094,0.85835,1.0
2021-03-15,1.192,130.17,1.1084,0.8567,1.0
2021-03-16,1.1926,129.88,1.1033,0.85945,1.0
2021-03-17,1.1907,130.02,1.1047,0.85668,1.0
2021-03-18,1.1912,130.08,1.1069,0.85575,1.0
2021-03-19,1.1891,129.54,1.1066,0.85763,1.0
2021-03-22,1.1926,129.77,1.1023,0.86233,1.0
2021-03-23,1.1883,128.99,1.1066,0.86198,1.0
2021-03-24,1.1825,128.6,1.1068,0.8625,1.0
2021-03-25,1.1802,128.75,1.1045,0.86068,1.0
2021-03-26,1.1782,129.34,1.109,0.85503,1.0
2021-03-29,1.1784,129.19,1.1075,0.8512,1.0
2021-03-30,1.1741,129.48,1.1057,0.85378,1.0
2021-03-31,1.1725,129.91,1.107,0.85209,1.0
2021-04-01,1.1746,130.03,1.1099,0.85195,1.0
2021-04-06,1.1812,130.27,1.107,0.85358,1.0
2021-04-07,1.1884,130.56,1.1044,0.86065,1.0
2021-04-08,1.1873,129.71,1.1021,0.8629,1.0
2021-04-09,1.1888,130.42,1.101,0.86658,1.0
2021-04-12,1.1904,130.2,1.0998,0.86518,1.0
2021-04-13,1.1896,130.23,1.1001,0.86698,1.0
2021-04-14,1.1964,130.33,1.1033,0.86918,1.0
2021-04-15,1.197,130.14,1.1046,0.86753,1.0
2021-04-16,1.1986,130.37,1.1011,0.86793,1.0
2021-04-19,1.2035,130.09,1.0998,0.86355,1.0
2021-04-20,1.2051,130.64,1.1029,0.86295,1.0
2021-04-21,1.2007,129.8,1.1026,0.8625,1.0
2021-04-22,1.2046,130.3,1.1035,0.86855,1.0
2021-04-23,1.2066,129.98,1.1038,0.86905,1.0
2021-04-26,1.2085,130.54,1.1067,0.86975,1.0
2021-04-27,1.2088,130.88,1.1038,0.86895,1.0
2021-04-28,1.207,131.47,1.1044,0.86988,1.0
2021-04-29,1.2129,132.2,1.102,0.8691,1.0
2021-04-30,1.2082,131.62,1.0998,0.86863,1.0
2021-05-03,1.2044,131.9,1.1016,0.86838,1.0
2021-05-04,1.2021,131.26,1.098,0.8677,1.0
2021-05-05,1.2005,131.2,1.0965,0.86274,1.0
2021-05-06,1.206,131.69,1.0953,0.86708,1.0
2021-05-07,1.2059,131.76,1.0963,0.8681,1.0
2021-05-10,1.2169,132.31,1.0939,0.86195,1.0
2021-05-11,1.217,132.12,1.0976,0.86013,1.0
2021-05-12,1.2118,131.82,1.0966,0.85798,1.0
2021-05-13,1.2081,132.37,1.096,0.86063,1.0
2021-05-14,1.2123,132.49,1.0952,0.86083,1.0
2021-05-17,1.2143,132.6,1.095,0.86215,1.0
2021-05-18,1.2222,133.09,1.0963,0.85998,1.0
2021-05-19,1.2212,133.3,1.1008,0.86233,1.0
2021-05-20,1.2203,132.95,1.0991,0.864,1.0
2021-05-21,1.2188,132.61,1.0951,0.8587,1.0
2021-05-24,1.2212,132.97,1.0957,0.86408,1.0
2021-05-25,1.2264,133.49,1.0977,0.86573,1.0
2021-05-26,1.2229,133.16,1.0958,0.8633,1.0
2021-05-27,1.2198,133.42,1.0967,0.86068,1.0
2021-05-28,1.2142,133.65,1.096,0.85765,1.0
2021-05-31,1.2201,133.79,1.0982,0.86013,1.0
2021-06-01,1.2225,134.05,1.0986,0.86285,1.0
2021-06-02,1.2186,133.72,1.0982,0.86125,1.0
2021-06-03,1.2187,133.81,1.0961,0.85955,1.0
2021-06-04,1.2117,133.39,1.0951,0.8569,1.0
2021-06-07,1.2162,132.98,1.0934,0.85825,1.0
2021-06-08,1.2182,133.28,1.0914,0.861,1.0
2021-06-09,1.2195,133.38,1.0913,0.86053,1.0
2021-06-10,1.2174,133.35,1.0909,0.86293,1.0
2021-06-11,1.2125,132.88,1.0883,0.8571,1.0
2021-06-14,1.2112,132.95,1.0889,0.85898,1.0
2021-06-15,1.2108,133.28,1.0899,0.8615,1.0
2021-06-16,1.2124,133.19,1.0896,0.8583,1.0
2021-06-17,1.1937,132.09,1.0925,0.85525,1.0
2021-06-18,1.1898,131.12,1.0941,0.85785,1.0
2021-06-21,1.1891,130.91,1.0954,0.8567,1.0
2021-06-22,1.1894,131.5,1.0943,0.8556,1.0
2021-06-23,1.1951,132.44,1.0963,0.85435,1.0
2021-06-24,1.1936,132.2,1.0967,0.85883,1.0
2021-06-25,1.195,132.27,1.0956,0.8595,1.0
2021-06-28,1.191,132.13,1.0969,0.8571,1.0
2021-06-29,1.1888,131.54,1.0965,0.85948,1.0
2021-06-30,1.1884,131.43,1.098,0.85805,1.0
2021-07-01,1.1884,132.42,1.0985,0.86033,1.0
2021-07-02,1.1823,131.74,1.0945,0.86003,1.0
2021-07-05,1.1866,131.58,1.0935,0.85665,1.0
2021-07-06,1.1838,130.99,1.093,0.8545,1.0
2021-07-07,1.1831,130.86,1.0917,0.855,1.0
2021-07-08,1.1838,129.91,1.0851,0.86133,1.0
2021-07-09,1.1858,130.46,1.0852,0.85758,1.0
2021-07-12,1.1852,130.55,1.0852,0.8557,1.0
2021-07-13,1.1844,130.55,1.0857,0.85518,1.0
2021-07-14,1.1812,130.3,1.084,0.85158,1.0
2021-07-15,1.1809,129.93,1.0828,0.85188,1.0
2021-07-16,1.1802,130.03,1.0853,0.85298,1.0
2021-07-19,1.1766,128.96,1.084,0.85913,1.0
2021-07-20,1.1775,129.03,1.0838,0.86545,1.0
2021-07-21,1.1772,129.63,1.0848,0.86363,1.0
2021-07-22,1.1775,129.83,1.0829,0.85563,1.0
2021-07-23,1.1767,130.11,1.0838,0.85543,1.0
2021-07-26,1.1787,130.05,1.0826,0.85468,1.0
2021-07-27,1.181,129.98,1.0806,0.85503,1.0
2021-07-28,1.1807,129.97,1.0802,0.85095,1.0
2021-07-29,1.1873,130.41,1.0788,0.8508,1.0
2021-07-30,1.1891,130.39,1.0771,0.8514,1.0
2021-08-02,1.1886,130.17,1.0761,0.85568,1.0
2021-08-03,1.1885,129.7,1.0735,0.85355,1.0
2021-08-04,1.1861,129.31,1.0729,0.85153,1.0
2021-08-05,1.185,129.79,1.0733,0.8506,1.0
2021-08-06,1.1807,129.64,1.0724,0.8484,1.0
2021-08-09,1.1761,129.5,1.0786,0.84745,1.0
2021-08-10,1.1722,129.48,1.0813,0.84568,1.0
2021-08-11,1.1718,129.68,1.0818,0.84698,1.0
2021-08-12,1.1739,129.61,1.0824,0.84743,1.0
2021-08-13,1.1765,129.64,1.0829,0.85093,1.0
2021-08-16,1.1772,128.75,1.0758,0.84873,1.0
2021-08-17,1.1767,128.57,1.0713,0.85323,1.0
2021-08-18,1.1723,128.67,1.0726,0.85183,1.0
2021-08-19,1.1696,128.21,1.0723,0.85523,1.0
2021-08-20,1.1671,127.97,1.0711,0.8575,1.0
2021-08-23,1.1718,129.02,1.0744,0.85635,1.0
2021-08-24,1.174,128.74,1.0711,0.85578,1.0
2021-08-25,1.1736,129.0,1.0739,0.8559,1.0
2021-08-26,1.1767,129.6,1.0789,0.85718,1.0
2021-08-27,1.1761,129.59,1.0796,0.85703,1.0
2021-08-30,1.1801,129.66,1.0798,0.85748,1.0
2021-08-31,1.1834,129.95,1.0799,0.85875,1.0
2021-09-01,1.1817,130.35,1.0845,0.85863,1.0
2021-09-02,1.1846,130.31,1.0848,0.85915,1.0
2021-09-03,1.1872,130.54,1.0863,0.8584,1.0
2021-09-06,1.1864,130.34,1.0869,0.8571,1.0
2021-09-07,1.186,130.51,1.0853,0.86115,1.0
2021-09-08,1.1827,130.31,1.0888,0.85873,1.0
2021-09-09,1.1838,130.1,1.0861,0.85555,1.0
2021-09-10,1.1841,130.03,1.0854,0.8526,1.0
2021-09-13,1.178,129.62,1.0873,0.8512,1.0
2021-09-14,1.1814,130.08,1.0887,0.8526,1.0
2021-09-15,1.1824,129.11,1.0845,0.8551,1.0
2021-09-16,1.1763,128.67,1.0886,0.85025,1.0
2021-09-17,1.178,129.61,1.0931,0.85363,1.0
2021-09-20,1.1711,128.18,1.0883,0.85705,1.0
2021-09-21,1.1738,128.34,1.0845,0.85855,1.0
2021-09-22,1.1729,128.5,1.082,0.86,1.0
2021-09-23,1.1715,128.88,1.0831,0.85495,1.0
2021-09-24,1.1719,129.49,1.083,0.85703,1.0
2021-09-27,1.1698,129.74,1.085,0.8542,1.0
2021-09-28,1.1678,130.17,1.084,0.8595,1.0
2021-09-29,1.1654,129.89,1.0829,0.86443,1.0
2021-09-30,1.1579,129.67,1.083,0.86053,1.0
2021-10-01,1.16,128.97,1.0791,0.85653,1.0
2021-10-04,1.1636,129.21,1.0768,0.8553,1.0
2021-10-05,1.1602,128.99,1.0752,0.85173,1.0
2021-10-06,1.1542,128.52,1.0715,0.8497,1.0
2021-10-07,1.1562,128.78,1.0712,0.85023,1.0
2021-10-08,1.1569,129.32,1.0734,0.8489,1.0
2021-10-11,1.1574,130.7,1.0722,0.84878,1.0
2021-10-12,1.1555,131.06,1.0729,0.84755,1.0
2021-10-13,1.1562,131.3,1.0722,0.84898,1.0
2021-10-14,1.1602,131.65,1.0686,0.84618,1.0
2021-10-15,1.1602,132.65,1.0729,0.84368,1.0
2021-10-18,1.1604,132.46,1.0712,0.84438,1.0
2021-10-19,1.1655,133.12,1.0716,0.84275,1.0
2021-10-20,1.1623,132.78,1.0739,0.84503,1.0
2021-10-21,1.1637,132.85,1.069,0.8429,1.0
2021-10-22,1.163,132.43,1.0668,0.8437,1.0
2021-10-25,1.1603,131.88,1.0666,0.8438,1.0
2021-10-26,1.1618,132.47,1.0684,0.84178,1.0
2021-10-27,1.1617,132.0,1.067,0.8453,1.0
2021-10-28,1.1593,131.7,1.0656,0.84373,1.0
2021-10-29,1.1645,132.62,1.0611,0.8449,1.0
2021-11-01,1.1578,132.19,1.0562,0.84575,1.0
2021-11-02,1.1603,132.03,1.0594,0.84955,1.0
2021-11-03,1.1578,131.9,1.0568,0.84823,1.0
2021-11-04,1.1569,131.77,1.0554,0.8535,1.0
2021-11-05,1.1519,130.98,1.0559,0.85545,1.0
2021-11-08,1.1579,131.29,1.0591,0.85478,1.0
2021-11-09,1.1577,130.9,1.0592,0.8538,1.0
2021-11-10,1.1558,130.9,1.0555,0.85548,1.0
2021-11-11,1.146,130.59,1.0561,0.85538,1.0
2021-11-12,1.1448,130.5,1.0568,0.85505,1.0
2021-11-15,1.1444,130.32,1.0533,0.85165,1.0
2021-11-16,1.1368,129.89,1.0528,0.84533,1.0
2021-11-17,1.1316,129.78,1.053,0.8409,1.0
2021-11-18,1.1345,129.58,1.0511,0.84173,1.0
2021-11-19,1.1271,128.22,1.0462,0.83928,1.0
2021-11-22,1.1278,128.69,1.0454,0.83923,1.0
2021-11-23,1.1259,129.36,1.0492,0.84185,1.0
2021-11-24,1.1206,129.06,1.0484,0.83935,1.0
2021-11-25,1.1223,129.41,1.048,0.84295,1.0
2021-11-26,1.1291,128.82,1.0446,0.8462,1.0
2021-11-29,1.1276,128.21,1.044,0.84583,1.0
2021-11-30,1.1363,128.2,1.043,0.85173,1.0
2021-12-01,1.1314,128.27,1.0427,0.85,1.0
2021-12-02,1.1339,127.94,1.0414,0.85135,1.0
2021-12-03,1.1291,127.97,1.0387,0.85048,1.0
2021-12-06,1.1287,127.78,1.0416,0.85128,1.0
2021-12-07,1.1256,127.83,1.0414,0.84933,1.0
2021-12-08,1.1299,128.57,1.0432,0.85603,1.0
2021-12-09,1.1311,128.21,1.0446,0.8574,1.0
2021-12-10,1.1273,128.2,1.0424,0.85355,1.0
2021-12-13,1.1278,128.19,1.0418,0.85158,1.0
2021-12-14,1.1309,128.45,1.0404,0.85345,1.0
2021-12-15,1.1262,128.25,1.0416,0.8498,1.0
2021-12-16,1.1336,129.37,1.0457,0.84835,1.0
2021-12-17,1.133,128.28,1.0409,0.85208,1.0
2021-12-20,1.1273,127.98,1.0408,0.85205,1.0
2021-12-21,1.1295,128.44,1.0417,0.8528,1.0
2021-12-22,1.1301,129.08,1.0432,0.849,1.0
2021-12-23,1.131,129.39,1.0413,0.84228,1.0
2021-12-24,1.1317,129.45,1.0402,0.84389,1.0
2021-12-27,1.1312,129.79,1.0396,0.8433,1.0
2021-12-28,1.1331,130.16,1.0381,0.84248,1.0
2021-12-29,1.1303,129.97,1.038,0.84115,1.0
2021-12-30,1.1334,130.44,1.0363,0.8393,1.0
2021-12-31,1.1326,130.38,1.0331,0.84028,1.0
2022-01-03,1.1355,130.56,1.0372,0.84135,1.0
2022-01-04,1.1279,131.17,1.0355,0.83618,1.0
2022-01-05,1.1319,131.03,1.0364,0.83546,1.0
2022-01-06,1.1315,131.05,1.0395,0.83593,1.0
2022-01-07,1.1298,130.9,1.0422,0.8343,1.0
2022-01-10,1.1318,130.45,1.0446,0.83398,1.0
2022-01-11,1.1336,130.95,1.0502,0.83475,1.0
2022-01-12,1.137,131.19,1.0486,0.83338,1.0
2022-01-13,1.1463,130.98,1.0453,0.83545,1.0
2022-01-14,1.1447,130.17,1.0429,0.83508,1.0
2022-01-17,1.1403,130.64,1.0429,0.83573,1.0
2022-01-18,1.1367,130.39,1.0414,0.83673,1.0
2022-01-19,1.1345,129.86,1.0383,0.83168,1.0
2022-01-20,1.1338,129.53,1.0382,0.83265,1.0
2022-01-21,1.1348,129.14,1.0353,0.83633,1.0
2022-01-24,1.1304,128.62,1.0308,0.83803,1.0
2022-01-25,1.1268,128.49,1.0364,0.83713,1.0
2022-01-26,1.1277,128.86,1.0386,0.83458,1.0
2022-01-27,1.116,128.74,1.0391,0.83368,1.0
2022-01-28,1.1138,128.68,1.0378,0.83178,1.0
2022-01-31,1.1156,128.79,1.0404,0.83153,1.0
2022-02-01,1.126,129.12,1.0374,0.83498,1.0
2022-02-02,1.1323,129.37,1.0399,0.83395,1.0
2022-02-03,1.1286,129.63,1.0407,0.83208,1.0
2022-02-04,1.1464,131.72,1.0567,0.84593,1.0
2022-02-07,1.1447,131.59,1.0571,0.84685,1.0
2022-02-08,1.1408,131.68,1.0545,0.84363,1.0
2022-02-09,1.1435,132.04,1.0555,0.84255,1.0
2022-02-10,1.1439,132.42,1.0571,0.84248,1.0
2022-02-11,1.1417,132.24,1.0557,0.83958,1.0
2022-02-14,1.1316,130.6,1.0472,0.8372,1.0
2022-02-15,1.1345,131.18,1.0483,0.83765,1.0
2022-02-16,1.1372,131.56,1.0516,0.8394,1.0
2022-02-17,1.137,130.84,1.0466,0.83493,1.0
2022-02-18,1.1354,130.59,1.0452,0.83425,1.0
2022-02-21,1.1338,130.2,1.0387,0.83298,1.0
2022-02-22,1.1342,130.54,1.0422,0.83685,1.0
2022-02-23,1.1344,130.58,1.0431,0.83463,1.0
2022-02-24,1.1163,128.28,1.032,0.83463,1.0
2022-02-25,1.1216,129.64,1.0398,0.8374,1.0
2022-02-28,1.1199,129.31,1.0336,0.8355,1.0
2022-03-01,1.1162,128.15,1.0247,0.8329,1.0
2022-03-02,1.1106,128.08,1.0216,0.83316,1.0
2022-03-03,1.1076,128.18,1.0192,0.82773,1.0
2022-03-04,1.0929,126.17,1.0056,0.82388,1.0
2022-03-07,1.0895,125.55,1.0069,0.82625,1.0
2022-03-08,1.0892,126.03,1.0111,0.83185,1.0
2022-03-09,1.0993,127.31,1.0198,0.8357,1.0
2022-03-10,1.1084,128.54,1.027,0.84175,1.0
2022-03-11,1.099,128.46,1.023,0.8397,1.0
2022-03-14,1.096,129.3,1.0249,0.83915,1.0
2022-03-15,1.0991,129.67,1.0322,0.84053,1.0
2022-03-16,1.0994,130.05,1.0336,0.83988,1.0
2022-03-17,1.1051,131.27,1.0385,0.84315,1.0
2022-03-18,1.1008,131.4,1.0314,0.83925,1.0
2022-03-21,1.1038,131.57,1.0278,0.83775,1.0
2022-03-22,1.1024,132.96,1.0275,0.83228,1.0
2022-03-23,1.0985,132.65,1.0269,0.8328,1.0
2022-03-24,1.0978,133.71,1.0225,0.83288,1.0
2022-03-25,1.1002,134.07,1.0207,0.8338,1.0
2022-03-28,1.0966,135.93,1.0257,0.83643,1.0
2022-03-29,1.1085,136.66,1.0362,0.8444,1.0
2022-03-30,1.1126,135.47,1.0309,0.84563,1.0
2022-03-31,1.1101,135.17,1.0267,0.84595,1.0
2022-04-01,1.1052,135.35,1.0217,0.84145,1.0
2022-04-04,1.1005,135.08,1.0203,0.8389,1.0
2022-04-05,1.0969,134.76,1.0141,0.8349,1.0
2022-04-06,1.0923,135.3,1.0187,0.83473,1.0
2022-04-07,1.0916,135.32,1.0185,0.8345,1.0
2022-04-08,1.0861,134.87,1.0155,0.83355,1.0
2022-04-11,1.09,137.01,1.018,0.83693,1.0
2022-04-12,1.0861,136.29,1.0131,0.83455,1.0
2022-04-13,1.0826,136.26,1.0116,0.8328,1.0
2022-04-14,1.0878,136.32,1.0189,0.82908,1.0
2022-04-19,1.0803,138.4,1.0208,0.82955,1.0
2022-04-20,1.083,138.53,1.0254,0.82965,1.0
2022-04-21,1.0887,139.61,1.0335,0.83523,1.0
2022-04-22,1.0817,138.83,1.0336,0.83925,1.0
2022-04-25,1.0746,137.73,1.0267,0.8433,1.0
2022-04-26,1.0674,136.15,1.0229,0.84135,1.0
2022-04-27,1.0583,135.57,1.0229,0.84215,1.0
2022-04-28,1.0485,137.13,1.0216,0.8435,1.0
2022-04-29,1.054,137.01,1.0229,0.83908,1.0
2022-05-02,1.0524,136.63,1.0253,0.8381,1.0
2022-05-03,1.0556,137.06,1.0272,0.8413,1.0
2022-05-04,1.0531,136.84,1.0324,0.84194,1.0
2022-05-05,1.0568,137.18,1.0355,0.8519,1.0
2022-05-06,1.057,137.9,1.0419,0.85625,1.0
2022-05-09,1.0559,138.1,1.0462,0.85235,1.0
2022-05-10,1.0554,137.38,1.0479,0.85595,1.0
2022-05-11,1.0553,137.07,1.0446,0.85393,1.0
2022-05-12,1.0408,133.85,1.0377,0.85293,1.0
2022-05-13,1.0385,133.91,1.0385,0.85115,1.0
2022-05-16,1.0422,135.01,1.0479,0.85045,1.0
2022-05-17,1.0541,136.32,1.0457,0.844,1.0
2022-05-18,1.0523,135.76,1.0486,0.8467,1.0
2022-05-19,1.0525,134.46,1.0265,0.84728,1.0
2022-05-20,1.0577,135.34,1.028,0.8482,1.0
2022-05-23,1.0659,136.05,1.031,0.84783,1.0
2022-05-24,1.072,136.49,1.0334,0.8575,1.0
2022-05-25,1.0656,135.34,1.0269,0.85295,1.0
2022-05-26,1.0697,135.95,1.0283,0.85073,1.0
2022-05-27,1.0722,136.05,1.0258,0.84875,1.0
2022-05-30,1.0764,137.25,1.0327,0.8515,1.0
2022-05-31,1.0713,137.36,1.0281,0.85138,1.0
2022-06-01,1.0712,138.68,1.0305,0.85158,1.0
2022-06-02,1.0692,138.72,1.0264,0.85195,1.0
2022-06-03,1.073,139.59,1.0296,0.8542,1.0
2022-06-06,1.0726,140.16,1.032,0.85415,1.0
2022-06-07,1.0662,141.66,1.0423,0.85365,1.0
2022-06-08,1.0739,143.92,1.0486,0.85575,1.0
2022-06-09,1.0743,143.93,1.0495,0.85653,1.0
2022-06-10,1.0578,141.69,1.0404,0.85048,1.0
2022-06-13,1.0455,140.51,1.0375,0.8585,1.0
2022-06-14,1.0452,140.62,1.0394,0.86578,1.0
2022-06-15,1.0431,140.49,1.0435,0.86328,1.0
2022-06-16,1.04,138.24,1.0142,0.8555,1.0
2022-06-17,1.0486,141.21,1.0105,0.855,1.0
2022-06-20,1.0517,141.94,1.0162,0.85748,1.0
2022-06-21,1.055,143.75,1.0214,0.8601,1.0
2022-06-22,1.0521,143.11,1.0153,0.85885,1.0
2022-06-23,1.0493,142.11,1.013,0.85818,1.0
2022-06-24,1.0524,142.19,1.0072,0.85773,1.0
2022-06-27,1.0572,143.25,1.0143,0.862,1.0
2022-06-28,1.0561,143.67,1.0101,0.8635,1.0
2022-06-29,1.0517,143.53,1.0005,0.86461,1.0
2022-06-30,1.0387,141.54,0.996,0.8582,1.0
2022-07-01,1.0425,141.05,1.0027,0.86648,1.0
2022-07-04,1.0455,141.51,1.0037,0.8596,1.0
2022-07-05,1.029,139.77,0.9932,0.85845,1.0
2022-07-06,1.0177,137.71,0.9896,0.85676,1.0
2022-07-07,1.018,138.11,0.9906,0.85105,1.0
2022-07-08,1.0163,138.05,0.9913,0.84585,1.0
2022-07-11,1.0098,138.77,0.9908,0.8454,1.0
2022-07-12,1.0042,137.31,0.9883,0.84823,1.0
2022-07-13,1.0067,138.02,0.9829,0.84371,1.0
2022-07-14,1.0005,139.04,0.9841,0.8456,1.0
2022-07-15,1.0059,139.49,0.9849,0.84988,1.0
2022-07-18,1.0131,140.16,0.9911,0.84708,1.0
2022-07-19,1.0245,141.01,0.9918,0.85303,1.0
2022-07-20,1.0199,140.92,0.9896,0.85178,1.0
2022-07-21,1.0199,141.46,0.9924,0.85545,1.0
2022-07-22,1.019,139.51,0.9832,0.85141,1.0
2022-07-25,1.0236,139.84,0.9869,0.84813,1.0
2022-07-26,1.0124,138.35,0.9765,0.84558,1.0
2022-07-27,1.0152,138.89,0.9768,0.84138,1.0
2022-07-28,1.0122,137.26,0.9745,0.83586,1.0
2022-07-29,1.0198,136.42,0.9744,0.8399,1.0
2022-08-01,1.0233,135.38,0.9717,0.837,1.0
2022-08-02,1.0224,133.9,0.9744,0.83665,1.0
2022-08-03,1.0194,136.18,0.9773,0.83629,1.0
2022-08-04,1.0181,135.81,0.9765,0.84231,1.0
2022-08-05,1.0233,136.22,0.9776,0.84268,1.0
2022-08-08,1.0199,137.62,0.9763,0.84165,1.0
2022-08-09,1.0234,138.26,0.9763,0.8452,1.0
2022-08-10,1.0252,138.16,0.9713,0.84608,1.0
2022-08-11,1.0338,136.57,0.9712,0.84575,1.0
2022-08-12,1.0285,137.47,0.9689,0.84715,1.0
2022-08-15,1.0195,135.61,0.9631,0.84375,1.0
2022-08-16,1.0131,136.11,0.9625,0.84218,1.0
2022-08-17,1.0164,137.36,0.9686,0.84208,1.0
2022-08-18,1.0178,137.17,0.9683,0.84391,1.0
2022-08-19,1.0054,137.67,0.9616,0.84938,1.0
2022-08-22,1.0001,137.08,0.958,0.84658,1.0
2022-08-23,0.9927,136.34,0.9602,0.84343,1.0
2022-08-24,0.9934,135.74,0.9576,0.84283,1.0
2022-08-25,0.997,136.07,0.9616,0.84293,1.0
2022-08-26,1.0007,137.02,0.9642,0.8459,1.0
2022-08-29,0.9986,138.49,0.967,0.8542,1.0
2022-08-30,1.0034,138.71,0.9741,0.85645,1.0
2022-08-31,1.0,138.72,0.9796,0.86035,1.0
2022-09-01,1.0004,139.34,0.9802,0.86473,1.0
2022-09-02,0.9993,140.36,0.9839,0.86478,1.0
2022-09-05,0.992,139.47,0.9747,0.86358,1.0
2022-09-06,0.9928,140.91,0.9745,0.85743,1.0
2022-09-07,0.9885,143.2,0.975,0.8651,1.0
2022-09-08,1.0009,143.65,0.9739,0.86656,1.0
2022-09-09,1.0049,143.3,0.9657,0.8686,1.0
2022-09-12,1.0155,144.49,0.9667,0.86778,1.0
2022-09-13,1.0175,144.5,0.9669,0.86793,1.0
2022-09-14,0.999,143.08,0.9612,0.86498,1.0
2022-09-15,0.9992,143.43,0.9572,0.86934,1.0
2022-09-16,0.9954,142.53,0.9579,0.874,1.0
2022-09-19,0.999,143.42,0.9658,0.87785,1.0
2022-09-20,0.9986,143.34,0.9644,0.87395,1.0
2022-09-21,0.9906,142.66,0.9549,0.87335,1.0
2022-09-22,0.9884,139.18,0.9684,0.87256,1.0
2022-09-23,0.9754,139.43,0.9565,0.88201,1.0
2022-09-26,0.9646,139.07,0.9555,0.89404,1.0
2022-09-27,0.9644,139.28,0.9503,0.89275,1.0
2022-09-28,0.9565,138.39,0.9437,0.90268,1.0
2022-09-29,0.9706,140.46,0.9538,0.89485,1.0
2022-09-30,0.9748,141.01,0.9561,0.883,1.0
2022-10-03,0.9764,141.49,0.9658,0.8707,1.0
2022-10-04,0.9891,143.3,0.9767,0.87273,1.0
2022-10-05,0.9915,143.18,0.9756,0.8734,1.0
2022-10-06,0.986,142.68,0.9709,0.87583,1.0
2022-10-07,0.9797,141.92,0.97,0.87383,1.0
2022-10-10,0.9697,141.16,0.968,0.8773,1.0
2022-10-11,0.9723,141.54,0.9675,0.87703,1.0
2022-10-12,0.9706,142.34,0.9664,0.8784,1.0
2022-10-13,0.9739,142.94,0.9725,0.86513,1.0
2022-10-14,0.9717,143.63,0.9757,0.86823,1.0
2022-10-17,0.9739,145.0,0.9762,0.8625,1.0
2022-10-18,0.9835,146.65,0.9792,0.86928,1.0
2022-10-19,0.9778,146.34,0.981,0.86993,1.0
2022-10-20,0.9811,146.99,0.9836,0.87258,1.0
2022-10-21,0.973,147.59,0.9855,0.87728,1.0
2022-10-24,0.9851,146.76,0.9856,0.8707,1.0
2022-10-25,0.9861,146.84,0.9888,0.87143,1.0
2022-10-26,1.0023,147.32,0.9917,0.86603,1.0
2022-10-27,1.0037,147.37,0.9949,0.86745,1.0
2022-10-28,0.9951,146.79,0.992,0.8612,1.0
2022-10-31,0.9914,147.4,0.9925,0.86115,1.0
2022-11-01,0.9947,146.35,0.9878,0.86058,1.0
2022-11-02,0.9908,145.75,0.9861,0.861,1.0
2022-11-03,0.9753,144.58,0.9889,0.87228,1.0
2022-11-04,0.9872,145.19,0.9863,0.87478,1.0
2022-11-07,0.9993,146.18,0.9874,0.87135,1.0
2022-11-08,0.9996,146.25,0.9911,0.87378,1.0
2022-11-09,1.0039,146.82,0.988,0.87774,1.0
2022-11-10,0.9954,145.47,0.9834,0.87298,1.0
2022-11-11,1.0308,143.89,0.9844,0.87538,1.0
2022-11-14,1.0319,144.86,0.9751,0.87513,1.0
2022-11-15,1.0404,144.84,0.979,0.87455,1.0
2022-11-16,1.0412,145.29,0.9795,0.87483,1.0
2022-11-17,1.0319,144.8,0.9818,0.87475,1.0
2022-11-18,1.0366,145.12,0.9881,0.87063,1.0
2022-11-21,1.0246,145.33,0.9817,0.86793,1.0
2022-11-22,1.0274,145.2,0.9791,0.86358,1.0
2022-11-23,1.0325,145.75,0.9795,0.86369,1.0
2022-11-24,1.0413,143.9,0.9818,0.85933,1.0
2022-11-25,1.0375,144.62,0.9836,0.85885,1.0
2022-11-28,1.0463,144.9,0.9872,0.86606,1.0
2022-11-29,1.0366,143.36,0.9862,0.86218,1.0
2022-11-30,1.0376,144.28,0.9854,0.86488,1.0
2022-12-01,1.0454,142.48,0.9868,0.85715,1.0
2022-12-02,1.0538,141.32,0.9834,0.85855,1.0
2022-12-05,1.0587,143.07,0.9893,0.86085,1.0
2022-12-06,1.0516,143.33,0.9872,0.8617,1.0
2022-12-07,1.0529,144.44,0.9893,0.86408,1.0
2022-12-08,1.0519,143.75,0.9889,0.86258,1.0
2022-12-09,1.0559,143.3,0.9856,0.8595,1.0
2022-12-12,1.0562,144.86,0.9855,0.86006,1.0
2022-12-13,1.0545,144.85,0.9869,0.85753,1.0
2022-12-14,1.0649,143.68,0.9865,0.86118,1.0
2022-12-15,1.0621,145.07,0.9862,0.86194,1.0
2022-12-16,1.0619,145.53,0.9879,0.87233,1.0
2022-12-19,1.0598,144.65,0.9884,0.87118,1.0
2022-12-20,1.0599,140.58,0.9854,0.8753,1.0
2022-12-21,1.0636,140.29,0.9836,0.87651,1.0
2022-12-22,1.0633,140.42,0.9852,0.88243,1.0
2022-12-23,1.0622,140.86,0.9867,0.8803,1.0
2022-12-27,1.0624,141.68,0.9885,0.88333,1.0
2022-12-28,1.064,142.21,0.9863,0.88058,1.0
2022-12-29,1.0649,142.24,0.984,0.88549,1.0
2022-12-30,1.0666,140.66,0.9847,0.88693,1.0
2023-01-02,1.0683,139.62,0.9873,0.8863,1.0
2023-01-03,1.0545,137.93,0.9879,0.88048,1.0
2023-01-04,1.0599,138.74,0.9843,0.88076,1.0
2023-01-05,1.0601,140.95,0.9839,0.88303,1.0
2023-01-06,1.05,141.3,0.9864,0.88475,1.0
2023-01-09,1.0696,141.35,0.9865,0.88048,1.0
2023-01-10,1.0723,141.92,0.9908,0.8833,1.0
2023-01-11,1.0747,142.61,0.9967,0.88673,1.0
2023-01-12,1.0772,140.61,1.0056,0.8869,1.0
2023-01-13,1.0814,139.02,1.0051,0.888,1.0
2023-01-16,1.0812,138.92,1.0026,0.88758,1.0
2023-01-17,1.0843,139.5,0.9998,0.88595,1.0
2023-01-18,1.0839,139.79,0.9906,0.8753,1.0
2023-01-19,1.0815,139.02,0.9921,0.87648,1.0
2023-01-20,1.0826,140.86,0.9962,0.876,1.0
2023-01-23,1.0871,141.65,1.0013,0.8797,1.0
2023-01-24,1.0858,141.47,1.0053,0.88368,1.0
2023-01-25,1.0878,141.17,1.002,0.88248,1.0
2023-01-26,1.0895,141.38,1.0002,0.87945,1.0
2023-01-27,1.0865,141.1,1.0017,0.87885,1.0
2023-01-30,1.0903,141.79,1.0045,0.87978,1.0
2023-01-31,1.0833,141.27,1.0032,0.88073,1.0
2023-02-01,1.0894,141.37,0.998,0.88413,1.0
2023-02-02,1.0988,141.12,0.9992,0.89289,1.0
2023-02-03,1.0937,140.45,0.9989,0.8925,1.0
2023-02-06,1.0776,142.41,0.9964,0.89278,1.0
2023-02-07,1.07,141.3,0.9906,0.89338,1.0
2023-02-08,1.0735,140.81,0.9881,0.888,1.0
2023-02-09,1.0771,140.8,0.989,0.88515,1.0
2023-02-10,1.069,139.88,0.9872,0.88348,1.0
2023-02-13,1.0686,141.65,0.9849,0.88281,1.0
2023-02-14,1.0759,142.14,0.987,0.88125,1.0
2023-02-15,1.07,143.05,0.9885,0.88825,1.0
2023-02-16,1.07,143.31,0.9873,0.88883,1.0
2023-02-17,1.0625,143.18,0.9896,0.88888,1.0
2023-02-20,1.0674,143.09,0.9861,0.88738,1.0
2023-02-21,1.0664,143.76,0.9853,0.87925,1.0
2023-02-22,1.0644,143.24,0.987,0.87945,1.0
2023-02-23,1.0616,143.32,0.9892,0.8814,1.0
2023-02-24,1.057,143.55,0.9898,0.88245,1.0
2023-02-27,1.0554,143.88,0.9929,0.88073,1.0
2023-02-28,1.0619,145.23,0.9947,0.87701,1.0
2023-03-01,1.0684,144.82,0.9997,0.88574,1.0
2023-03-02,1.0605,145.07,0.9988,0.88785,1.0
2023-03-03,1.0615,144.55,0.9958,0.8853,1.0
2023-03-06,1.0646,144.64,0.9947,0.8863,1.0
2023-03-07,1.0665,145.21,0.9959,0.88968,1.0
2023-03-08,1.0545,144.7,0.9931,0.89074,1.0
2023-03-09,1.0554,143.82,0.9911,0.88814,1.0
2023-03-10,1.0586,144.7,0.9824,0.88258,1.0
2023-03-13,1.0706,141.96,0.975,0.8837,1.0
2023-03-14,1.0737,144.09,0.9784,0.88054,1.0
2023-03-15,1.0549,139.51,0.9727,0.87243,1.0
2023-03-16,1.0595,140.18,0.982,0.8782,1.0
2023-03-17,1.0623,140.57,0.9858,0.87488,1.0
2023-03-20,1.0717,140.77,0.9928,0.8756,1.0
2023-03-21,1.0776,142.63,0.997,0.88033,1.0
2023-03-22,1.0785,143.13,0.996,0.87925,1.0
2023-03-23,1.0879,142.87,0.9969,0.88523,1.0
2023-03-24,1.0745,139.85,0.9874,0.8794,1.0
2023-03-27,1.0773,141.64,0.9875,0.87818,1.0
2023-03-28,1.0841,141.69,0.9947,0.87938,1.0
2023-03-29,1.0847,143.58,0.9973,0.87988,1.0
2023-03-30,1.0886,144.42,0.9963,0.88164,1.0
2023-03-31,1.0875,144.83,0.9968,0.8792,1.0
2023-04-03,1.087,144.51,0.9949,0.8779,1.0
2023-04-04,1.0901,144.94,0.9954,0.87333,1.0
2023-04-05,1.094,143.74,0.9901,0.87685,1.0
2023-04-06,1.0915,143.49,0.9878,0.87495,1.0
2023-04-11,1.0905,145.28,0.9868,0.87738,1.0
2023-04-12,1.0922,146.09,0.9853,0.88038,1.0
2023-04-13,1.1015,146.81,0.9804,0.88058,1.0
2023-04-14,1.1057,146.6,0.9827,0.8844,1.0
2023-04-17,1.0981,146.97,0.9812,0.88373,1.0
2023-04-18,1.0972,146.89,0.9831,0.88143,1.0
2023-04-19,1.0933,147.24,0.9828,0.88108,1.0
2023-04-20,1.0944,147.46,0.981,0.88153,1.0
2023-04-21,1.0978,146.92,0.9795,0.8857,1.0
2023-04-24,1.1002,148.17,0.98,0.88463,1.0
2023-04-25,1.1022,147.91,0.9786,0.88645,1.0
2023-04-26,1.1039,147.67,0.9824,0.8856,1.0
2023-04-27,1.1042,147.16,0.9862,0.88428,1.0
2023-04-28,1.0981,149.35,0.9839,0.8805,1.0
2023-05-02,1.0965,150.7,0.9841,0.87868,1.0
2023-05-03,1.1043,149.66,0.9809,0.88265,1.0
2023-05-04,1.1074,148.92,0.9802,0.88015,1.0
2023-05-05,1.1014,147.8,0.9828,0.87378,1.0
2023-05-08,1.1037,149.15,0.9813,0.87228,1.0
2023-05-09,1.0959,147.97,0.9788,0.8699,1.0
2023-05-10,1.095,148.18,0.9771,0.86813,1.0
2023-05-11,1.093,146.54,0.9758,0.86795,1.0
2023-05-12,1.0892,147.02,0.9744,0.8702,1.0
2023-05-15,1.0876,148.15,0.9747,0.86943,1.0
2023-05-16,1.0881,147.89,0.9732,0.86938,1.0
2023-05-17,1.0829,148.31,0.9746,0.86895,1.0
2023-05-18,1.0813,149.08,0.9735,0.8689,1.0
2023-05-19,1.0808,149.55,0.9738,0.8684,1.0
2023-05-22,1.0822,149.64,0.97,0.86846,1.0
2023-05-23,1.0779,149.2,0.9718,0.86993,1.0
2023-05-24,1.0785,149.3,0.9732,0.86993,1.0
2023-05-25,1.0735,149.63,0.9708,0.86793,1.0
2023-05-26,1.0751,150.24,0.9707,0.86813,1.0
2023-05-29,1.0715,150.29,0.9683,0.86805,1.0
2023-05-30,1.0744,150.01,0.969,0.86365,1.0
2023-05-31,1.0683,149.13,0.9724,0.86405,1.0
2023-06-01,1.0697,149.25,0.9732,0.85823,1.0
2023-06-02,1.0763,149.46,0.9758,0.8593,1.0
2023-06-05,1.069,149.96,0.9732,0.86323,1.0
2023-06-06,1.0683,149.09,0.9698,0.86103,1.0
2023-06-07,1.0717,149.42,0.9704,0.8597,1.0
2023-06-08,1.0737,149.98,0.9751,0.86113,1.0
2023-06-09,1.078,150.24,0.9716,0.85795,1.0
2023-06-12,1.0765,150.03,0.9751,0.85678,1.0
2023-06-13,1.0793,150.62,0.9784,0.8585,1.0
2023-06-14,1.0809,151.21,0.9751,0.85455,1.0
2023-06-15,1.0819,152.86,0.9761,0.85555,1.0
2023-06-16,1.0966,154.65,0.977,0.85428,1.0
2023-06-19,1.0922,154.94,0.9772,0.85268,1.0
2023-06-20,1.0933,154.51,0.9808,0.85705,1.0
2023-06-21,1.0923,154.89,0.9803,0.85828,1.0
2023-06-22,1.0985,156.05,0.9825,0.86115,1.0
2023-06-23,1.0884,155.84,0.9773,0.85479,1.0
2023-06-26,1.0918,156.41,0.9737,0.85878,1.0
2023-06-27,1.0951,157.14,0.9789,0.8599,1.0
2023-06-28,1.0938,157.82,0.9822,0.8642,1.0
2023-06-29,1.0938,157.74,0.9783,0.864,1.0
2023-06-30,1.0866,157.16,0.9788,0.85828,1.0
2023-07-03,1.0899,157.81,0.98,0.8598,1.0
2023-07-04,1.0895,157.34,0.9762,0.85673,1.0
2023-07-05,1.0879,157.26,0.9782,0.85685,1.0
2023-07-06,1.0899,156.57,0.9757,0.8531,1.0
2023-07-07,1.0888,156.01,0.9754,0.85298,1.0
2023-07-10,1.0956,155.73,0.9753,0.85733,1.0
2023-07-11,1.0989,154.27,0.9693,0.8511,1.0
2023-07-12,1.1022,153.84,0.9683,0.85378,1.0
2023-07-13,1.1182,154.84,0.9644,0.85553,1.0
2023-07-14,1.1221,155.51,0.9649,0.8559,1.0
2023-07-17,1.123,155.38,0.9652,0.85873,1.0
2023-07-18,1.1255,155.4,0.9647,0.85838,1.0
2023-07-19,1.1222,156.76,0.9628,0.86918,1.0
2023-07-20,1.1197,156.35,0.9635,0.8692,1.0
2023-07-21,1.1123,157.63,0.963,0.86706,1.0
2023-07-24,1.1096,156.47,0.9595,0.8635,1.0
2023-07-25,1.1051,156.18,0.9598,0.86148,1.0
2023-07-26,1.1059,155.3,0.9549,0.85695,1.0
2023-07-27,1.1125,155.95,0.9542,0.85885,1.0
2023-07-28,1.101,153.35,0.9554,0.8556,1.0
2023-07-31,1.1023,156.73,0.9619,0.85765,1.0
2023-08-01,1.097,156.85,0.961,0.85865,1.0
2023-08-02,1.0985,156.88,0.9642,0.86038,1.0
2023-08-03,1.0932,156.24,0.9579,0.86468,1.0
2023-08-04,1.0946,156.11,0.9598,0.86193,1.0
2023-08-07,1.0984,156.21,0.9625,0.86163,1.0
2023-08-08,1.0944,156.55,0.96,0.86158,1.0
2023-08-09,1.0968,157.35,0.9627,0.8618,1.0
2023-08-10,1.1019,158.43,0.9618,0.86313,1.0
2023-08-11,1.1004,158.97,0.9617,0.86415,1.0
2023-08-14,1.093,158.68,0.9608,0.86215,1.0
2023-08-15,1.0926,159.04,0.9586,0.85955,1.0
2023-08-16,1.0916,159.07,0.9605,0.85645,1.0
2023-08-17,1.09,158.88,0.9555,0.85395,1.0
2023-08-18,1.0867,158.11,0.9571,0.85493,1.0
2023-08-21,1.0908,159.15,0.9588,0.85475,1.0
2023-08-22,1.0887,158.7,0.9565,0.85288,1.0
2023-08-23,1.0805,157.28,0.9524,0.85653,1.0
2023-08-24,1.084,157.96,0.9562,0.8565,1.0
2023-08-25,1.0808,157.75,0.9564,0.85643,1.0
2023-08-28,1.0808,158.35,0.9559,0.85815,1.0
2023-08-29,1.0803,158.93,0.9558,0.8586,1.0
2023-08-30,1.0886,159.15,0.9568,0.8592,1.0
2023-08-31,1.0868,158.49,0.9584,0.85718,1.0
2023-09-01,1.0844,157.47,0.9574,0.85538,1.0
2023-09-04,1.0801,158.11,0.9548,0.8555,1.0
2023-09-05,1.0731,158.2,0.9548,0.85535,1.0
2023-09-06,1.0745,158.18,0.9561,0.85503,1.0
2023-09-07,1.071,157.7,0.9557,0.859,1.0
2023-09-08,1.0704,157.84,0.9543,0.85735,1.0
2023-09-11,1.0724,157.16,0.956,0.8565,1.0
2023-09-12,1.0713,157.42,0.9561,0.85925,1.0
2023-09-13,1.0733,158.28,0.9589,0.8609,1.0
2023-09-14,1.073,158.13,0.9588,0.85995,1.0
2023-09-15,1.0658,157.5,0.9554,0.85878,1.0
2023-09-18,1.0663,157.44,0.9564,0.86141,1.0
2023-09-19,1.0713,158.2,0.9595,0.86263,1.0
2023-09-20,1.0702,158.28,0.9601,0.8653,1.0
2023-09-21,1.0635,157.34,0.9628,0.86713,1.0
2023-09-22,1.0647,157.87,0.965,0.86795,1.0
2023-09-25,1.0633,158.08,0.9676,0.86965,1.0
2023-09-26,1.0605,157.87,0.9675,0.8702,1.0
2023-09-27,1.0536,157.2,0.968,0.8681,1.0
2023-09-28,1.0539,157.33,0.9678,0.86333,1.0
2023-09-29,1.0594,158.1,0.9669,0.86458,1.0
2023-10-02,1.053,157.67,0.9634,0.86628,1.0
2023-10-03,1.0469,157.01,0.966,0.86775,1.0
2023-10-04,1.0497,156.48,0.9634,0.86588,1.0
2023-10-05,1.0526,156.71,0.9625,0.86605,1.0
2023-10-06,1.0563,157.47,0.9629,0.8651,1.0
2023-10-09,1.0531,157.06,0.9581,0.8652,1.0
2023-10-10,1.0582,157.71,0.9589,0.8639,1.0
2023-10-11,1.0604,157.87,0.9576,0.86265,1.0
2023-10-12,1.0619,158.35,0.9566,0.8626,1.0
2023-10-13,1.0524,157.44,0.9546,0.86415,1.0
2023-10-16,1.0538,157.54,0.9505,0.86545,1.0
2023-10-17,1.0569,158.03,0.9517,0.8682,1.0
2023-10-18,1.0565,158.1,0.9492,0.8661,1.0
2023-10-19,1.0558,158.21,0.947,0.87098,1.0
2023-10-20,1.0591,158.8,0.9442,0.87213,1.0
2023-10-23,1.0597,158.91,0.9461,0.87153,1.0
2023-10-24,1.0632,159.26,0.9501,0.87025,1.0
2023-10-25,1.0576,158.55,0.9474,0.8724,1.0
2023-10-26,1.054,158.48,0.9466,0.8717,1.0
2023-10-27,1.0541,158.08,0.9502,0.87023,1.0
2023-10-30,1.0605,158.8,0.9564,0.87345,1.0
2023-10-31,1.0619,160.3,0.9607,0.87366,1.0
2023-11-01,1.0537,159.33,0.9572,0.86945,1.0
2023-11-02,1.0661,159.89,0.9622,0.87305,1.0
2023-11-03,1.0702,159.87,0.9625,0.86983,1.0
2023-11-06,1.0741,160.87,0.9646,0.8664,1.0
2023-11-07,1.0686,160.77,0.9626,0.86855,1.0
2023-11-08,1.0671,160.97,0.9599,0.87015,1.0
2023-11-09,1.0691,161.57,0.9637,0.87205,1.0
2023-11-10,1.0683,161.77,0.9636,0.87435,1.0
2023-11-13,1.067,161.96,0.9656,0.87155,1.0
2023-11-14,1.0724,162.67,0.9668,0.8723,1.0
2023-11-15,1.0868,163.39,0.964,0.87188,1.0
2023-11-16,1.0849,164.05,0.9651,0.8752,1.0
2023-11-17,1.0872,162.29,0.9643,0.87395,1.0
2023-11-20,1.0928,162.12,0.9665,0.8763,1.0
2023-11-21,1.0955,161.61,0.9673,0.87326,1.0
2023-11-22,1.0911,162.25,0.964,0.8703,1.0
2023-11-23,1.09,162.98,0.9644,0.8694,1.0
2023-11-24,1.0916,163.3,0.964,0.86818,1.0
2023-11-27,1.0951,162.86,0.964,0.86671,1.0
2023-11-28,1.0949,162.74,0.9645,0.8682,1.0
2023-11-29,1.0985,162.12,0.9628,0.86525,1.0
2023-11-30,1.0931,161.19,0.9562,0.86368,1.0
2023-12-01,1.0875,161.14,0.953,0.86045,1.0
2023-12-04,1.0868,159.47,0.9476,0.8579,1.0
2023-12-05,1.0817,159.13,0.9456,0.85723,1.0
2023-12-06,1.0778,158.7,0.9429,0.8561,1.0
2023-12-07,1.0771,156.18,0.9446,0.8575,1.0
2023-12-08,1.0777,155.53,0.9438,0.8569,1.0
2023-12-11,1.0757,157.54,0.9478,0.8558,1.0
2023-12-12,1.0804,156.84,0.9443,0.85928,1.0
2023-12-13,1.0787,157.13,0.9452,0.8612,1.0
2023-12-14,1.0919,154.8,0.949,0.85955,1.0
2023-12-15,1.0946,155.15,0.9488,0.85833,1.0
2023-12-18,1.0918,155.95,0.948,0.86263,1.0
2023-12-19,1.0962,158.2,0.947,0.86095,1.0
2023-12-20,1.0944,157.12,0.946,0.86555,1.0
2023-12-21,1.0983,156.79,0.9432,0.86805,1.0
2023-12-22,1.1023,156.66,0.9417,0.8666,1.0
2023-12-27,1.1065,157.81,0.9438,0.8683,1.0
2023-12-28,1.1114,156.57,0.9302,0.8706,1.0
2023-12-29,1.105,156.33,0.926,0.86905,1.0
2024-01-02,1.0956,155.68,0.9305,0.86645,1.0
2024-01-03,1.0919,156.16,0.9322,0.8647,1.0
2024-01-04,1.0953,157.91,0.9313,0.86278,1.0
2024-01-05,1.0921,158.57,0.932,0.8621,1.0
2024-01-08,1.0946,158.19,0.9308,0.8615,1.0
2024-01-09,1.094,157.63,0.9313,0.85938,1.0
2024-01-10,1.0946,159.03,0.9336,0.86023,1.0
2024-01-11,1.0987,159.71,0.9338,0.86145,1.0
2024-01-12,1.0942,159.17,0.935,0.8595,1.0
2024-01-15,1.0945,159.67,0.9351,0.86075,1.0
2024-01-16,1.0882,159.64,0.9361,0.86078,1.0
2024-01-17,1.0877,160.65,0.9406,0.85818,1.0
2024-01-18,1.0875,160.89,0.9432,0.85773,1.0
2024-01-19,1.0887,161.17,0.9459,0.85825,1.0
2024-01-22,1.089,160.95,0.9458,0.85575,1.0
2024-01-23,1.0872,160.88,0.9446,0.85493,1.0
2024-01-24,1.0905,160.46,0.9415,0.85543,1.0
2024-01-25,1.0893,160.81,0.942,0.85538,1.0
2024-01-26,1.0871,160.62,0.9396,0.85368,1.0
2024-01-29,1.0823,160.13,0.9339,0.8525,1.0
2024-01-30,1.0846,159.97,0.9365,0.85628,1.0
2024-01-31,1.0837,160.19,0.9348,0.85435,1.0
2024-02-01,1.0814,158.96,0.9336,0.85353,1.0
2024-02-02,1.0883,159.58,0.9315,0.85263,1.0
2024-02-05,1.0746,159.72,0.9347,0.85595,1.0
2024-02-06,1.0743,159.56,0.9366,0.8546,1.0
2024-02-07,1.0776,159.71,0.9393,0.85305,1.0
2024-02-08,1.0758,160.55,0.9409,0.85378,1.0
2024-02-09,1.0772,161.0,0.9432,0.8544,1.0
2024-02-12,1.0773,160.51,0.943,0.85391,1.0
2024-02-13,1.0793,161.17,0.9481,0.85098,1.0
2024-02-14,1.0713,161.28,0.9493,0.85258,1.0
2024-02-15,1.0743,161.26,0.9484,0.85635,1.0
2024-02-16,1.0768,161.88,0.9491,0.85605,1.0
2024-02-19,1.0776,161.59,0.9492,0.85448,1.0
2024-02-20,1.0802,162.18,0.9526,0.8566,1.0
2024-02-21,1.0809,162.12,0.951,0.85619,1.0
2024-02-22,1.0844,163.12,0.9535,0.85625,1.0
2024-02-23,1.0834,162.91,0.9522,0.8534,1.0
2024-02-26,1.0852,163.38,0.9546,0.85495,1.0
2024-02-27,1.0856,163.04,0.9544,0.8562,1.0
2024-02-28,1.0808,162.87,0.952,0.85548,1.0
2024-02-29,1.0826,162.53,0.9534,0.85655,1.0
2024-03-01,1.0813,162.82,0.9582,0.85588,1.0
2024-03-04,1.0846,163.22,0.9604,0.85583,1.0
2024-03-05,1.0849,163.01,0.9609,0.85543,1.0
2024-03-06,1.0874,162.67,0.9619,0.85498,1.0
2024-03-07,1.0895,161.09,0.9577,0.85445,1.0
2024-03-08,1.0932,160.99,0.9588,0.85168,1.0
2024-03-11,1.0926,160.43,0.9594,0.85208,1.0
2024-03-12,1.0916,161.39,0.9588,0.85458,1.0
2024-03-13,1.0939,161.83,0.9599,0.85451,1.0
2024-03-14,1.0925,161.7,0.9616,0.8542,1.0
2024-03-15,1.0892,162.03,0.9613,0.8541,1.0
2024-03-18,1.0892,162.51,0.963,0.85525,1.0
2024-03-19,1.0854,163.37,0.963,0.85445,1.0
2024-03-20,1.0844,164.54,0.9658,0.85438,1.0
2024-03-21,1.0907,164.96,0.9766,0.85678,1.0
2024-03-22,1.0823,163.74,0.9729,0.85795,1.0
2024-03-25,1.0835,163.78,0.9724,0.85698,1.0
2024-03-26,1.0855,164.4,0.981,0.85846,1.0
2024-03-27,1.0816,163.52,0.9811,0.85768,1.0
2024-03-28,1.0811,163.45,0.9766,0.8551,1.0
2024-04-02,1.0749,163.01,0.9765,0.8551,1.0
2024-04-03,1.0783,163.66,0.9792,0.85713,1.0
2024-04-04,1.0852,164.69,0.9846,0.85788,1.0
2024-04-05,1.0841,164.1,0.9793,0.85773,1.0
2024-04-08,1.0823,164.43,0.9807,0.85795,1.0
2024-04-09,1.0867,164.97,0.9819,0.85663,1.0
2024-04-10,1.086,164.89,0.981,0.85515,1.0
2024-04-11,1.0729,164.18,0.9787,0.85525,1.0
2024-04-12,1.0652,163.16,0.9716,0.85424,1.0
2024-04-15,1.0656,164.05,0.9725,0.85405,1.0
2024-04-16,1.0637,164.54,0.9712,0.8544,1.0
2024-04-17,1.0638,164.54,0.9693,0.854,1.0
2024-04-18,1.0679,164.82,0.9704,0.85628,1.0
2024-04-19,1.0653,164.68,0.968,0.8562,1.0
2024-04-22,1.0632,164.51,0.9693,0.86328,1.0
2024-04-23,1.0674,165.23,0.9724,0.8605,1.0
2024-04-24,1.0686,165.57,0.9774,0.85945,1.0
2024-04-25,1.072,166.76,0.9792,0.85675,1.0
2024-04-26,1.0714,168.03,0.9779,0.85643,1.0
2024-04-29,1.072,167.53,0.9776,0.85493,1.0
2024-04-30,1.0718,168.27,0.9787,0.85478,1.0
2024-05-02,1.0698,165.63,0.9759,0.85538,1.0
2024-05-03,1.0744,164.62,0.9744,0.85573,1.0
2024-05-06,1.0776,165.7,0.9754,0.8566,1.0
2024-05-07,1.0766,166.45,0.977,0.85805,1.0
2024-05-08,1.0743,167.15,0.977,0.86083,1.0
2024-05-09,1.0732,167.32,0.976,0.85995,1.0
2024-05-10,1.0779,167.87,0.9779,0.86055,1.0
2024-05-13,1.0795,168.25,0.9784,0.86023,1.0
2024-05-14,1.0796,168.89,0.9801,0.85983,1.0
2024-05-15,1.0832,168.43,0.98,0.8584,1.0
2024-05-16,1.0866,168.33,0.9822,0.8585,1.0
2024-05-17,1.0844,168.96,0.9855,0.85685,1.0
2024-05-20,1.0861,169.25,0.988,0.85548,1.0
2024-05-21,1.0864,169.86,0.9884,0.8544,1.0
2024-05-22,1.083,169.54,0.9905,0.85165,1.0
2024-05-23,1.0854,169.9,0.9907,0.85175,1.0
2024-05-24,1.084,170.28,0.9924,0.85241,1.0
2024-05-27,1.0843,170.07,0.9922,0.8507,1.0
2024-05-28,1.0882,170.54,0.9908,0.8508,1.0
2024-05-29,1.0857,170.74,0.9907,0.8513,1.0
2024-05-30,1.0815,169.5,0.9808,0.85105,1.0
2024-05-31,1.0852,170.52,0.9818,0.85365,1.0
2024-06-03,1.0842,170.09,0.9772,0.85175,1.0
2024-06-04,1.0865,168.29,0.9703,0.85143,1.0
2024-06-05,1.0872,169.72,0.9704,0.85048,1.0
2024-06-06,1.0865,169.74,0.9687,0.85088,1.0
2024-06-07,1.0898,169.52,0.9696,0.8512,1.0
2024-06-10,1.0756,168.74,0.9637,0.84565,1.0
2024-06-11,1.073,168.46,0.9622,0.84198,1.0
2024-06-12,1.0765,169.35,0.9641,0.84365,1.0
2024-06-13,1.0784,169.58,0.9668,0.84468,1.0
2024-06-14,1.0686,167.8,0.9534,0.84205,1.0
2024-06-17,1.0712,169.11,0.9561,0.84573,1.0
2024-06-18,1.0715,169.41,0.9512,0.8454,1.0
2024-06-19,1.0749,169.78,0.9506,0.84455,1.0
2024-06-20,1.0719,169.82,0.9546,0.84513,1.0
2024-06-21,1.0688,169.82,0.9537,0.84531,1.0
2024-06-24,1.073,171.17,0.9586,0.8473,1.0
2024-06-25,1.0714,170.84,0.9575,0.84465,1.0
2024-06-26,1.0689,171.42,0.9585,0.84453,1.0
2024-06-27,1.0696,171.66,0.9604,0.8459,1.0
2024-06-28,1.0705,171.94,0.9634,0.84638,1.0
2024-07-01,1.0745,173.15,0.9689,0.8479,1.0
2024-07-02,1.0729,173.31,0.9697,0.84755,1.0
2024-07-03,1.0758,174.18,0.9718,0.8468,1.0
2024-07-04,1.08,173.84,0.9717,0.84663,1.0
2024-07-05,1.0824,174.06,0.973,0.84613,1.0
2024-07-08,1.0835,174.37,0.9711,0.8441,1.0
2024-07-09,1.0814,174.2,0.9712,0.84491,1.0
2024-07-10,1.0825,174.79,0.9723,0.84518,1.0
2024-07-11,1.0855,175.39,0.9749,0.84305,1.0
2024-07-12,1.089,172.87,0.9747,0.84029,1.0
2024-07-15,1.0907,172.34,0.9755,0.84045,1.0
2024-07-16,1.0902,172.65,0.9761,0.84058,1.0
2024-07-17,1.0934,171.21,0.9693,0.83915,1.0
2024-07-18,1.093,171.02,0.9666,0.84175,1.0
2024-07-19,1.089,171.61,0.9688,0.8428,1.0
2024-07-22,1.0888,170.8,0.9671,0.84215,1.0
2024-07-23,1.086,169.64,0.9681,0.84073,1.0
2024-07-24,1.0848,167.23,0.9609,0.83973,1.0
2024-07-25,1.0851,165.62,0.9534,0.8428,1.0
2024-07-26,1.086,167.84,0.9594,0.84378,1.0
2024-07-29,1.0817,166.44,0.9578,0.84345,1.0
2024-07-30,1.0824,167.61,0.9592,0.8426,1.0
2024-07-31,1.0828,162.76,0.9533,0.8438,1.0
2024-08-01,1.0789,162.66,0.9467,0.84328,1.0
2024-08-02,1.0835,161.37,0.9433,0.85,1.0
2024-08-05,1.0966,155.98,0.9304,0.85878,1.0
2024-08-06,1.0915,158.29,0.9325,0.85998,1.0
2024-08-07,1.0922,160.62,0.9409,0.85808,1.0
2024-08-08,1.093,159.74,0.9368,0.86093,1.0
2024-08-09,1.0917,160.33,0.9435,0.85708,1.0
2024-08-12,1.0925,161.25,0.9491,0.85554,1.0
2024-08-13,1.0931,161.17,0.948,0.85458,1.0
2024-08-14,1.1019,161.98,0.9515,0.85783,1.0
2024-08-15,1.1011,162.14,0.9541,0.85615,1.0
2024-08-16,1.0994,162.72,0.954,0.85128,1.0
2024-08-19,1.1041,161.22,0.9543,0.85243,1.0
2024-08-20,1.1084,162.18,0.9527,0.85194,1.0
2024-08-21,1.1116,162.26,0.9503,0.85303,1.0
2024-08-22,1.1135,162.64,0.949,0.84943,1.0
2024-08-23,1.1121,162.37,0.9476,0.84733,1.0
2024-08-26,1.1163,160.94,0.946,0.84645,1.0
2024-08-27,1.1162,161.24,0.944,0.84438,1.0
2024-08-28,1.1117,160.57,0.9375,0.84163,1.0
2024-08-29,1.1088,160.36,0.9364,0.84175,1.0
2024-08-30,1.1087,161.19,0.9416,0.8412,1.0
2024-09-02,1.1061,162.56,0.9415,0.84218,1.0
2024-09-03,1.1035,161.26,0.9409,0.84085,1.0
2024-09-04,1.105,160.26,0.9396,0.84248,1.0
2024-09-05,1.1097,159.2,0.939,0.84318,1.0
2024-09-06,1.1103,158.93,0.9365,0.84293,1.0
2024-09-09,1.1043,158.53,0.9376,0.84365,1.0
2024-09-10,1.1031,157.81,0.9349,0.84265,1.0
2024-09-11,1.1043,156.6,0.9358,0.84375,1.0
2024-09-12,1.1016,157.02,0.9414,0.8446,1.0
2024-09-13,1.1081,156.17,0.9387,0.84475,1.0
2024-09-16,1.1126,155.66,0.9394,0.84278,1.0
2024-09-17,1.1139,156.71,0.9405,0.84278,1.0
2024-09-18,1.1124,157.94,0.9388,0.84225,1.0
2024-09-19,1.1156,159.53,0.946,0.83953,1.0
2024-09-20,1.1166,161.08,0.9486,0.8391,1.0
2024-09-23,1.1119,159.58,0.9448,0.83518,1.0
2024-09-24,1.1133,160.14,0.9439,0.8322,1.0
2024-09-25,1.1194,161.49,0.9495,0.83653,1.0
2024-09-26,1.1155,160.78,0.9452,0.83428,1.0
2024-09-27,1.1158,159.63,0.942,0.83338,1.0
2024-09-30,1.1196,159.82,0.9439,0.83543,1.0
2024-10-01,1.1086,159.37,0.9394,0.83193,1.0
2024-10-02,1.1071,160.26,0.9388,0.83288,1.0
2024-10-03,1.1039,161.98,0.9387,0.84258,1.0
2024-10-04,1.1029,161.69,0.9394,0.83735,1.0
2024-10-07,1.0982,162.63,0.9388,0.83918,1.0
2024-10-08,1.0982,162.49,0.941,0.83778,1.0
2024-10-09,1.0957,162.97,0.9397,0.8374,1.0
2024-10-10,1.0932,162.85,0.9393,0.83686,1.0
2024-10-11,1.0938,162.94,0.9378,0.83705,1.0
2024-10-14,1.0915,163.39,0.9409,0.83665,1.0
2024-10-15,1.0903,162.85,0.9401,0.83355,1.0
2024-10-16,1.0897,162.57,0.9397,0.83605,1.0
2024-10-17,1.0866,162.5,0.938,0.83455,1.0
2024-10-18,1.0847,162.75,0.9401,0.83165,1.0
2024-10-21,1.0853,162.79,0.938,0.83315,1.0
2024-10-22,1.0821,163.22,0.9365,0.8334,1.0
2024-10-23,1.0767,164.66,0.934,0.83148,1.0
2024-10-24,1.0801,164.12,0.9349,0.8321,1.0
2024-10-25,1.0825,164.45,0.9382,0.83358,1.0
2024-10-28,1.0818,165.18,0.9367,0.8329,1.0
2024-10-29,1.0774,165.66,0.9369,0.8302,1.0
2024-10-30,1.0815,165.91,0.9393,0.83425,1.0
2024-10-31,1.0882,166.3,0.9412,0.83753,1.0
2024-11-01,1.0885,165.54,0.9427,0.83998,1.0
2024-11-04,1.0904,165.47,0.941,0.84063,1.0
2024-11-05,1.0897,165.93,0.9402,0.8392,1.0
2024-11-06,1.0695,165.05,0.9368,0.83223,1.0
2024-11-07,1.0785,165.71,0.9432,0.83185,1.0
2024-11-08,1.0772,164.18,0.9393,0.83188,1.0
2024-11-11,1.0651,163.82,0.9369,0.8268,1.0
2024-11-12,1.0617,163.71,0.9354,0.82835,1.0
2024-11-13,1.0629,164.71,0.9379,0.83413,1.0
2024-11-14,1.0533,164.24,0.9369,0.83158,1.0
2024-11-15,1.0583,164.36,0.9389,0.83455,1.0
2024-11-18,1.0552,163.74,0.9364,0.8356,1.0
2024-11-19,1.0578,162.71,0.9329,0.83638,1.0
2024-11-20,1.0562,164.42,0.9342,0.8338,1.0
2024-11-21,1.0526,162.53,0.9294,0.83273,1.0
2024-11-22,1.0412,160.84,0.9272,0.83205,1.0
2024-11-25,1.0495,161.64,0.9324,0.83465,1.0
2024-11-26,1.0522,161.13,0.9314,0.8348,1.0
2024-11-27,1.0531,159.65,0.9309,0.834,1.0
2024-11-28,1.0542,159.89,0.9314,0.8323,1.0
2024-11-29,1.0562,158.64,0.9309,0.83205,1.0
2024-12-02,1.0507,157.74,0.9316,0.82898,1.0
2024-12-03,1.0512,157.3,0.9309,0.83123,1.0
2024-12-04,1.0492,158.59,0.9305,0.8283,1.0
2024-12-05,1.054,158.52,0.9305,0.828,1.0
2024-12-06,1.0581,159.25,0.9284,0.82855,1.0
2024-12-09,1.0568,159.4,0.9295,0.82805,1.0
2024-12-10,1.0527,159.74,0.9267,0.82555,1.0
2024-12-11,1.0507,160.35,0.928,0.82458,1.0
2024-12-12,1.0491,159.6,0.9319,0.82428,1.0
2024-12-13,1.0518,161.45,0.9385,0.83043,1.0
2024-12-16,1.0498,161.73,0.9372,0.82945,1.0
2024-12-17,1.0497,161.63,0.9413,0.82648,1.0
2024-12-18,1.0496,161.52,0.9382,0.8252,1.0
2024-12-19,1.0395,163.07,0.9319,0.82445,1.0
2024-12-20,1.039,162.89,0.9297,0.82965,1.0
2024-12-23,1.0393,163.36,0.9336,0.82995,1.0
2024-12-24,1.0395,163.25,0.9358,0.82805,1.0
2024-12-27,1.0435,164.65,0.9396,0.83098,1.0
2024-12-30,1.0444,164.57,0.9435,0.8295,1.0
2024-12-31,1.0389,163.06,0.9412,0.82918,1.0
2025-01-02,1.0321,162.04,0.9371,0.83118,1.0
2025-01-03,1.0299,161.77,0.9362,0.82993,1.0
2025-01-06,1.0426,163.25,0.9396,0.83098,1.0
2025-01-07,1.0393,163.86,0.9426,0.82915,1.0
2025-01-08,1.0286,162.94,0.9379,0.83403,1.0
2025-01-09,1.0305,162.56,0.9397,0.83808,1.0
2025-01-10,1.0304,162.86,0.9416,0.83693,1.0
2025-01-13,1.0198,160.22,0.9346,0.8416,1.0
2025-01-14,1.0245,161.63,0.9395,0.84288,1.0
2025-01-15,1.03,161.75,0.9394,0.84313,1.0
2025-01-16,1.0272,160.46,0.9376,0.84258,1.0
2025-01-17,1.0298,160.23,0.9394,0.84453,1.0
2025-01-20,1.0316,161.36,0.9429,0.84588,1.0
2025-01-21,1.0357,161.26,0.9427,0.84553,1.0
2025-01-22,1.0443,162.72,0.9449,0.84466,1.0
2025-01-23,1.0404,162.58,0.9442,0.84468,1.0
2025-01-24,1.0472,163.9,0.9494,0.84413,1.0
2025-01-27,1.053,162.21,0.9453,0.84106,1.0
2025-01-28,1.0421,161.86,0.9441,0.83868,1.0
2025-01-29,1.0396,161.5,0.943,0.83723,1.0
2025-01-30,1.0403,160.32,0.9441,0.83685,1.0
2025-01-31,1.0393,160.99,0.9449,0.83608,1.0
2025-02-03,1.0274,158.87,0.9393,0.83136,1.0
2025-02-04,1.0335,160.52,0.9396,0.83188,1.0
2025-02-05,1.0422,159.25,0.9395,0.83085,1.0
2025-02-06,1.036,157.95,0.9385,0.83688,1.0
2025-02-07,1.0377,157.77,0.9418,0.83353,1.0
2025-02-10,1.032,156.92,0.9396,0.83283,1.0
2025-02-11,1.0324,157.28,0.9429,0.83355,1.0
2025-02-12,1.037,159.22,0.9457,0.83338,1.0
2025-02-13,1.039,159.79,0.9421,0.83313,1.0
2025-02-14,1.0478,160.09,0.9442,0.83215,1.0
2025-02-17,1.0473,158.67,0.944,0.83133,1.0
2025-02-18,1.0447,158.55,0.9425,0.83025,1.0
2025-02-19,1.0434,158.41,0.9435,0.82838,1.0
2025-02-20,1.0443,156.6,0.9423,0.82823,1.0
2025-02-21,1.0465,157.46,0.942,0.8276,1.0
2025-02-24,1.0466,156.81,0.9415,0.8283,1.0
2025-02-25,1.0497,157.19,0.9386,0.82908,1.0
2025-02-26,1.0487,156.7,0.9392,0.82868,1.0
2025-02-27,1.0477,156.73,0.9407,0.82673,1.0
2025-02-28,1.0411,156.96,0.9394,0.82608,1.0
2025-03-03,1.0465,158.33,0.9428,0.8253,1.0
2025-03-04,1.0557,156.5,0.9371,0.82788,1.0
2025-03-05,1.0694,160.09,0.9514,0.835,1.0
2025-03-06,1.0796,159.24,0.9565,0.8379,1.0
2025-03-07,1.0857,160.35,0.9557,0.84088,1.0
2025-03-10,1.0845,159.39,0.9512,0.83849,1.0
2025-03-11,1.0912,161.52,0.9608,0.84374,1.0
2025-03-12,1.0886,162.23,0.9619,0.84078,1.0
2025-03-13,1.083,160.64,0.9579,0.83778,1.0
2025-03-14,1.0889,161.88,0.9641,0.84183,1.0
2025-03-17,1.0903,162.26,0.9616,0.84026,1.0
2025-03-18,1.0918,163.5,0.9601,0.84173,1.0
2025-03-19,1.0897,163.27,0.9583,0.84078,1.0
2025-03-20,1.0833,160.85,0.9564,0.8369,1.0
2025-03-21,1.0827,160.99,0.9547,0.83765,1.0
2025-03-24,1.0824,162.15,0.9544,0.83663,1.0
2025-03-25,1.0825,162.32,0.9539,0.83565,1.0
2025-03-26,1.0788,162.2,0.9532,0.83623,1.0
2025-03-27,1.0785,162.55,0.9524,0.83318,1.0
2025-03-28,1.0797,162.64,0.9525,0.83358,1.0
2025-03-31,1.0815,161.6,0.9531,0.83536,1.0
2025-04-01,1.0788,160.93,0.952,0.83665,1.0
2025-04-02,1.0803,161.22,0.9543,0.83455,1.0
2025-04-03,1.1097,162.17,0.9538,0.84163,1.0
2025-04-04,1.1057,160.56,0.9407,0.84985,1.0
2025-04-07,1.0967,160.58,0.9377,0.85588,1.0
2025-04-08,1.095,160.65,0.9349,0.85644,1.0
2025-04-09,1.1045,159.61,0.9278,0.86435,1.0
2025-04-10,1.1082,161.28,0.9299,0.85755,1.0
2025-04-11,1.1346,162.07,0.9252,0.86678,1.0
2025-04-14,1.1377,162.97,0.9329,0.86383,1.0
2025-04-15,1.1324,161.85,0.9242,0.8557,1.0
2025-04-16,1.1355,162.09,0.926,0.85618,1.0
2025-04-17,1.136,161.98,0.9291,0.85873,1.0
2025-04-22,1.1476,161.05,0.9318,0.85858,1.0
2025-04-23,1.1415,161.68,0.9382,0.85793,1.0
2025-04-24,1.1376,162.16,0.9392,0.855,1.0
2025-04-25,1.1357,162.8,0.9421,0.8531,1.0
2025-04-28,1.1358,162.8,0.942,0.8514,1.0
2025-04-29,1.1373,162.28,0.9392,0.8498,1.0
2025-04-30,1.1373,162.68,0.9389,0.8518,1.0
2025-05-02,1.1343,163.93,0.9343,0.8533,1.0
2025-05-05,1.1343,163.19,0.9336,0.8515,1.0
2025-05-06,1.1325,161.64,0.9346,0.8469,1.0
2025-05-07,1.136,162.89,0.9359,0.8511,1.0
2025-05-08,1.1297,163.45,0.9325,0.8476,1.0
2025-05-09,1.1252,163.36,0.9353,0.8477,1.0
2025-05-12,1.1106,164.46,0.9369,0.8429,1.0
2025-05-13,1.1112,164.61,0.9358,0.8406,1.0
2025-05-14,1.1214,164.01,0.939,0.8415,1.0
2025-05-15,1.1185,163.3,0.9377,0.8424,1.0
2025-05-16,1.1194,163.05,0.9381,0.8427,1.0
2025-05-19,1.1262,163.26,0.9394,0.8419,1.0
2025-05-20,1.1241,162.59,0.9366,0.8418,1.0
2025-05-21,1.1321,162.76,0.9352,0.8446,1.0
2025-05-22,1.1309,162.19,0.9343,0.8427,1.0
2025-05-23,1.1301,161.13,0.9299,0.8382,1.0
2025-05-26,1.1381,162.63,0.9356,0.8392,1.0
2025-05-27,1.1356,163.72,0.9386,0.8381,1.0
2025-05-28,1.1317,163.43,0.9364,0.8398,1.0
2025-05-29,1.1281,163.47,0.9339,0.8377,1.0
2025-05-30,1.1339,162.96,0.9341,0.8412,1.0
2025-06-02,1.1419,162.98,0.9336,0.8434,1.0
2025-06-03,1.1386,163.0,0.9358,0.8436,1.0
2025-06-04,1.1384,164.15,0.937,0.8421,1.0
2025-06-05,1.1423,163.66,0.9365,0.8419,1.0
2025-06-06,1.1411,164.62,0.9383,0.8426,1.0
2025-06-09,1.141,164.88,0.9369,0.8424,1.0
2025-06-10,1.1429,165.23,0.9389,0.8464,1.0
2025-06-11,1.1433,166.17,0.9405,0.8476,1.0
2025-06-12,1.1594,166.64,0.9427,0.8538,1.0
2025-06-13,1.1512,165.94,0.9359,0.8505,1.0
2025-06-16,1.1574,166.89,0.9393,0.8523,1.0
2025-06-17,1.1568,167.35,0.9406,0.8525,1.0
2025-06-18,1.1508,166.67,0.9403,0.8552,1.0
2025-06-19,1.1478,167.2,0.9389,0.8541,1.0
2025-06-20,1.1515,167.67,0.9415,0.8537,1.0
2025-06-23,1.1472,169.27,0.9387,0.8567,1.0
2025-06-24,1.1607,168.27,0.9387,0.8527,1.0
2025-06-25,1.1598,169.07,0.9361,0.8526,1.0
2025-06-26,1.1695,168.92,0.9379,0.8535,1.0
2025-06-27,1.1704,169.24,0.9359,0.8529,1.0
2025-06-30,1.172,169.17,0.9347,0.8555,1.0
2025-07-01,1.181,168.7,0.9324,0.8588,1.0
2025-07-02,1.1755,169.45,0.933,0.8605,1.0
2025-07-03,1.1782,169.58,0.9351,0.8629,1.0
2025-07-04,1.1767,169.92,0.9346,0.8625,1.0
2025-07-07,1.1728,170.71,0.9354,0.8611,1.0
2025-07-08,1.1718,171.7,0.9351,0.8632,1.0
2025-07-09,1.1698,171.63,0.9325,0.8613,1.0
2025-07-10,1.1709,171.33,0.932,0.8627,1.0
2025-07-11,1.1683,171.81,0.931,0.8657,1.0
2025-07-14,1.169,172.27,0.9307,0.8667,1.0
2025-07-15,1.1665,172.58,0.9299,0.8679,1.0
2025-07-16,1.1602,172.56,0.9326,0.8659,1.0
2025-07-17,1.1579,172.28,0.9323,0.8644,1.0
2025-07-18,1.165,172.94,0.9324,0.8656,1.0
2025-07-21,1.1667,172.02,0.9325,0.8656,1.0
2025-07-22,1.1699,172.17,0.9326,0.8675,1.0
2025-07-23,1.1726,171.53,0.9306,0.8665,1.0
2025-07-24,1.1756,172.22,0.9341,0.8675,1.0
2025-07-25,1.1724,173.11,0.9343,0.8715,1.0
2025-07-28,1.1654,172.65,0.9334,0.8679,1.0
2025-07-29,1.1533,171.58,0.9305,0.865,1.0
2025-07-30,1.1527,170.96,0.9301,0.8622,1.0
2025-07-31,1.1446,171.52,0.9297,0.8649,1.0
2025-08-01,1.1404,171.61,0.9312,0.8665,1.0
2025-08-04,1.1565,170.45,0.9344,0.8704,1.0
2025-08-05,1.1546,170.42,0.9347,0.8693,1.0
2025-08-06,1.1604,171.22,0.9369,0.8717,1.0
2025-08-07,1.1643,171.6,0.9413,0.8673,1.0
2025-08-08,1.1648,172.18,0.941,0.8671,1.0
2025-08-11,1.1622,171.86,0.943,0.8656,1.0
2025-08-12,1.1606,172.3,0.9418,0.8621,1.0
2025-08-13,1.1711,172.47,0.9409,0.8631,1.0
2025-08-14,1.169,171.3,0.9415,0.861,1.0
2025-08-15,1.1688,171.81,0.9418,0.8622,1.0
2025-08-18,1.1673,172.27,0.9423,0.8621,1.0
2025-08-19,1.1682,172.67,0.9409,0.864,1.0
2025-08-20,1.1651,171.77,0.9403,0.8645,1.0
2025-08-21,1.1639,172.09,0.9389,0.8654,1.0
2025-08-22,1.1608,172.6,0.9383,0.8653,1.0
2025-08-25,1.1697,172.36,0.9385,0.8659,1.0
2025-08-26,1.1656,171.77,0.9376,0.8642,1.0
2025-08-27,1.1593,171.63,0.935,0.8626,1.0
2025-08-28,1.1676,171.48,0.9353,0.8637,1.0
2025-08-29,1.1658,171.72,0.9364,0.8668,1.0
2025-09-01,1.1715,172.47,0.9383,0.8662,1.0
2025-09-02,1.1646,173.1,0.9366,0.8702,1.0
2025-09-03,1.1653,173.17,0.9374,0.8687,1.0
2025-09-04,1.1647,172.76,0.9383,0.8663,1.0
2025-09-05,1.1697,173.09,0.939,0.8678,1.0
2025-09-08,1.1728,173.39,0.9328,0.8669,1.0
2025-09-09,1.1744,172.36,0.9331,0.8663,1.0
2025-09-10,1.1707,172.67,0.9338,0.865,1.0
2025-09-11,1.1685,172.88,0.9346,0.8647,1.0
2025-09-12,1.1718,173.33,0.9347,0.8653,1.0
2025-09-15,1.1766,173.38,0.9353,0.8641,1.0
2025-09-16,1.1807,173.55,0.9336,0.8656,1.0
2025-09-17,1.1837,173.28,0.9317,0.8675,1.0
2025-09-18,1.1818,174.24,0.9331,0.868,1.0
2025-09-19,1.1736,173.79,0.9344,0.8708,1.0
2025-09-22,1.1781,174.17,0.9348,0.8729,1.0
2025-09-23,1.1793,174.3,0.9344,0.8729,1.0
2025-09-24,1.1756,174.51,0.9335,0.8731,1.0
2025-09-25,1.1739,174.7,0.9344,0.8748,1.0
2025-09-26,1.1672,174.79,0.9332,0.874,1.0
2025-09-29,1.1723,174.38,0.9357,0.8723,1.0
2025-09-30,1.1741,173.76,0.9364,0.8734,1.0
2025-10-01,1.1724,172.47,0.9365,0.8704,1.0
2025-10-02,1.1754,172.53,0.935,0.8721,1.0
2025-10-03,1.1734,172.9,0.9343,0.8726,1.0
2025-10-06,1.1678,175.22,0.9314,0.8695,1.0
2025-10-07,1.1666,176.05,0.9314,0.8703,1.0
2025-10-08,1.1627,177.53,0.9305,0.8671,1.0
2025-10-09,1.1611,177.4,0.9309,0.8683,1.0
2025-10-10,1.1568,176.46,0.9324,0.8709,1.0
2025-10-13,1.1569,175.98,0.9304,0.8677,1.0
2025-10-14,1.1553,175.72,0.9296,0.8712,1.0
2025-10-15,1.1622,176.13,0.9305,0.8705,1.0
2025-10-16,1.1649,176.23,0.9302,0.8676,1.0
2025-10-17,1.1681,175.7,0.9257,0.8695,1.0
2025-10-20,1.1655,175.71,0.9239,0.8691,1.0
2025-10-21,1.1607,176.45,0.923,0.8678,1.0
2025-10-22,1.1587,175.92,0.9228,0.8689,1.0
2025-10-23,1.1593,176.94,0.9249,0.8691,1.0
2025-10-24,1.1612,177.55,0.9248,0.8726,1.0
2025-10-27,1.164,177.93,0.9264,0.8721,1.0
2025-10-28,1.163,177.11,0.9262,0.876,1.0
2025-10-29,1.1636,177.07,0.9278,0.8807,1.0
2025-10-30,1.155,178.37,0.9281,0.8801,1.0
2025-10-31,1.1554,178.14,0.9287,0.8816,1.0
2025-11-03,1.1514,177.57,0.9298,0.8765,1.0
2025-11-04,1.1491,176.39,0.9295,0.8795,1.0
2025-11-05,1.1492,176.67,0.9307,0.881,1.0
2025-11-06,1.1533,177.15,0.9316,0.8807,1.0
2025-11-07,1.1561,176.99,0.9312,0.8811,1.0
2025-11-10,1.1571,178.31,0.9318,0.8778,1.0
2025-11-11,1.1575,178.46,0.9278,0.8804,1.0
2025-11-12,1.1576,179.19,0.925,0.8823,1.0
2025-11-13,1.1619,179.57,0.9244,0.8819,1.0
2025-11-14,1.1648,179.22,0.9185,0.8846,1.0
2025-11-17,1.1593,179.57,0.9225,0.8795,1.0
2025-11-18,1.159,179.94,0.9233,0.8821,1.0
2025-11-19,1.1583,180.85,0.9284,0.8827,1.0
2025-11-20,1.1514,181.47,0.9294,0.8815,1.0
2025-11-21,1.152,180.56,0.9289,0.8803,1.0
2025-11-24,1.1544,181.22,0.9324,0.8804,1.0
2025-11-25,1.1551,180.42,0.9345,0.8788,1.0
2025-11-26,1.1577,181.09,0.9341,0.8776,1.0
2025-11-27,1.1586,181.11,0.9337,0.8754,1.0
2025-11-28,1.1566,180.57,0.9318,0.8752,1.0
2025-12-01,1.1646,180.28,0.9323,0.8778,1.0
2025-12-02,1.1614,181.26,0.9346,0.8796,1.0
2025-12-03,1.1668,181.28,0.9336,0.8766,1.0
2025-12-04,1.1666,180.55,0.934,0.8745,1.0
2025-12-05,1.1645,180.76,0.9365,0.8727,1.0
2025-12-08,1.1655,181.29,0.9388,0.8746,1.0
2025-12-09,1.1637,181.96,0.9385,0.8735,1.0
2025-12-10,1.1634,182.32,0.9356,0.8741,1.0
2025-12-11,1.1714,182.25,0.9333,0.8751,1.0
2025-12-12,1.1731,182.99,0.9333,0.8767,1.0
2025-12-15,1.1753,182.32,0.9355,0.8779,1.0
2025-12-16,1.1776,182.07,0.9351,0.8764,1.0
2025-12-17,1.1722,182.38,0.9332,0.8785,1.0
2025-12-18,1.1719,182.55,0.9316,0.8746,1.0
2025-12-19,1.1712,184.15,0.9318,0.876,1.0
2025-12-22,1.1745,184.77,0.9316,0.8742,1.0
2025-12-23,1.1786,183.89,0.9287,0.8729,1.0
2025-12-24,1.1787,183.83,0.9284,0.8729,1.0
2025-12-29,1.1766,183.97,0.9293,0.8726,1.0
2025-12-30,1.1757,183.48,0.9293,0.8712,1.0
2025-12-31,1.175,184.09,0.9314,0.8726,1.0
2026-01-02,1.1721,183.94,0.9296,0.8719,1.0
2026-01-05,1.1664,182.93,0.9289,0.8676,1.0
2026-01-06,1.1707,183.14,0.9287,0.8663,1.0
2026-01-07,1.1684,182.91,0.9304,0.8664,1.0
2026-01-08,1.1675,182.97,0.9312,0.8687,1.0
2026-01-09,1.1642,183.52,0.9314,0.8677,1.0
2026-01-12,1.1692,184.42,0.9313,0.8674,1.0
2026-01-13,1.1654,185.12,0.9311,0.866,1.0
2026-01-14,1.1651,184.82,0.9333,0.8668,1.0
2026-01-15,1.1624,184.31,0.9314,0.8674,1.0
2026-01-16,1.1617,183.67,0.9313,0.867,1.0
2026-01-19,1.1631,183.69,0.9282,0.8671,1.0
2026-01-20,1.1728,185.18,0.9268,0.8722,1.0
2026-01-21,1.1739,185.23,0.9268,0.8744,1.0
2026-01-22,1.1706,185.88,0.9283,0.8722,1.0
2026-01-23,1.1742,185.71,0.9277,0.8681,1.0
2026-01-26,1.1836,182.52,0.9223,0.8675,1.0
2026-01-27,1.1929,182.92,0.9197,0.8683,1.0
2026-01-28,1.1974,182.76,0.9188,0.8685,1.0
2026-01-29,1.1968,183.48,0.9182,0.8662,1.0
2026-01-30,1.1919,183.59,0.9157,0.8662,1.0
2026-02-02,1.184,183.59,0.9199,0.8658,1.0
2026-02-03,1.1801,183.92,0.9173,0.8623,1.0
2026-02-04,1.182,185.15,0.9168,0.8616,1.0
2026-02-05,1.1798,185.11,0.9161,0.8691,1.0
2026-02-06,1.1794,185.27,0.9175,0.8679,1.0
2026-02-09,1.1886,185.65,0.915,0.8701,1.0
2026-02-10,1.1894,184.51,0.9123,0.8695,1.0
2026-02-11,1.19,182.79,0.9136,0.8699,1.0
2026-02-12,1.1874,182.52,0.9142,0.8711,1.0
2026-02-13,1.1862,181.83,0.9121,0.8716,1.0
2026-02-16,1.1855,181.79,0.9129,0.869,1.0
2026-02-17,1.1826,181.06,0.9116,0.8733,1.0
2026-02-18,1.1845,181.99,0.9124,0.8724,1.0
2026-02-19,1.1753,182.05,0.9119,0.8738,1.0
2026-02-20,1.1767,182.63,0.9132,0.8728,1.0
2026-02-23,1.1784,182.44,0.9145,0.8734,1.0
2026-02-24,1.1777,183.53,0.912,0.8731,1.0
2026-02-25,1.1784,184.7,0.913,0.8714,1.0
2026-02-26,1.1814,184.37,0.914,0.8719,1.0
2026-02-27,1.1805,184.13,0.9104,0.8763,1.0
2026-03-02,1.1698,184.19,0.9117,0.8739,1.0
2026-03-03,1.1606,182.98,0.9107,0.8717,1.0
2026-03-04,1.1649,183.02,0.9082,0.8705,1.0
2026-03-05,1.1618,183.03,0.9064,0.8695,1.0
2026-03-06,1.1561,182.57,0.9045,0.86693,1.0
2026-03-09,1.1555,183.15,0.9008,0.8653,1.0
2026-03-10,1.1641,183.67,0.9027,0.86545,1.0
2026-03-11,1.1581,183.63,0.9031,0.86363,1.0
2026-03-12,1.1547,183.43,0.9028,0.86243,1.0
2026-03-13,1.1476,182.85,0.9034,0.86503,1.0
2026-03-16,1.1478,182.66,0.9041,0.86408,1.0
2026-03-17,1.1531,183.29,0.9068,0.8643,1.0
2026-03-18,1.15,183.49,0.9073,0.86393,1.0
2026-03-19,1.1489,182.46,0.9121,0.86388,1.0
2026-03-20,1.1555,183.46,0.9096,0.86438,1.0
2026-03-23,1.1596,183.86,0.9124,0.8642,1.0
2026-03-24,1.1572,183.91,0.9145,0.86541,1.0
2026-03-25,1.1592,184.27,0.9153,0.86558,1.0
2026-03-26,1.1539,184.19,0.9151,0.86515,1.0
2026-03-27,1.1517,184.16,0.9178,0.8672,1.0
2026-03-30,1.1484,183.12,0.9187,0.86803,1.0
2026-03-31,1.1498,183.39,0.9194,0.86833,1.0
2026-04-01,1.1605,183.73,0.9191,0.87113,1.0
2026-04-02,1.1525,183.94,0.9213,0.87253,1.0
2026-04-07,1.1557,184.73,0.9242,0.87258,1.0
2026-04-08,1.1706,185.13,0.9223,0.86893,1.0
2026-04-09,1.1685,185.7,0.924,0.87053,1.0
2026-04-10,1.1711,186.43,0.9241,0.87105,1.0
2026-04-13,1.1684,186.75,0.9242,0.87058,1.0
2026-04-14,1.1793,187.33,0.921,0.86913,1.0
2026-04-15,1.178,187.41,0.922,0.86935,1.0
2026-04-16,1.1782,187.31,0.923,0.86993,1.0
2026-04-17,1.1797,187.72,0.9231,0.87168,1.0
2026-04-20,1.176,186.88,0.9189,0.87045,1.0
2026-04-21,1.1767,187.14,0.9172,0.87035,1.0
2026-04-22,1.1733,186.81,0.9175,0.86903,1.0
2026-04-23,1.1694,186.5,0.9177,0.86575,1.0
2026-04-24,1.1712,186.71,0.9199,0.86803,1.0
2026-04-27,1.1749,187.06,0.921,0.8658,1.0
2026-04-28,1.168,186.58,0.9238,0.86715,1.0
2026-04-29,1.1706,187.05,0.9236,0.86643,1.0
2026-04-30,1.1702,183.21,0.919,0.86625,1.0
2026-05-04,1.17,183.83,0.9173,0.86358,1.0
2026-05-05,1.1686,184.42,0.9165,0.86343,1.0
2026-05-06,1.1762,183.74,0.9165,0.8637,1.0
2026-05-07,1.177,184.07,0.9157,0.8641,1.0
2026-05-08,1.1761,184.37,0.9156,0.8641,1.0
2026-05-11,1.1765,184.87,0.9163,0.86488,1.0
2026-05-12,1.1738,184.98,0.9172,0.86803,1.0
2026-05-13,1.1715,184.83,0.9155,0.86713,1.0
2026-05-14,1.1702,184.83,0.915,0.86618,1.0
2026-05-15,1.1628,184.36,0.9144,0.8705,1.0
2026-05-18,1.1648,184.93,0.9144,0.8702,1.0
2026-05-19,1.162,184.89,0.915,0.86671,1.0
2026-05-20,1.16,184.48,0.9165,0.86555,1.0
2026-05-21,1.1599,184.59,0.9145,0.86433,1.0
2026-05-22,1.1595,184.53,0.9119,0.86418,1.0
2026-05-25,1.1643,185.04,0.9099,0.86255,1.0
2026-05-26,1.1634,185.22,0.9136,0.86375,1.0
2026-05-27,1.1637,185.52,0.9153,0.86618,1.0
2026-05-28,1.1617,185.24,0.9167,0.86665,1.0
2026-05-29,1.1644,185.45,0.9111,0.86723,1.0
2026-06-01,1.1646,185.74,0.9128,0.86493,1.0
2026-06-02,1.1649,186.09,0.9149,0.86465,1.0
2026-06-03,1.1614,185.66,0.9167,0.8637,1.0
2026-06-04,1.164,186.01,0.9168,0.8649,1.0
2026-06-05,1.164,186.08,0.9175,0.86433,1.0
2026-06-08,1.154,184.6,0.9187,0.8636,1.0
2026-06-09,1.1573,185.35,0.9206,0.8634,1.0
2026-06-10,1.1539,185.19,0.9222,0.86228,1.0
2026-06-11,1.1537,185.21,0.9221,0.8633,1.0
2026-06-12,1.1567,185.3,0.9217,0.86305,1.0
2026-06-15,1.1607,185.93,0.9212,0.86483,1.0
2026-06-16,1.1594,185.94,0.9224,0.86471,1.0
2026-06-17,1.1591,185.82,0.9193,0.86463,1.0
2026-06-18,1.1461,184.44,0.9218,0.86638,1.0
2026-06-19,1.1467,184.88,0.9248,0.86653,1.0
2026-06-22,1.1456,185.33,0.9257,0.86468,1.0
2026-06-23,1.1392,184.02,0.9225,0.862,1.0
2026-06-24,1.134,183.35,0.9216,0.86165,1.0
2026-06-25,1.1342,183.57,0.9223,0.86183,1.0
2026-06-26,1.1401,184.3,0.9218,0.86253,1.0
2026-06-29,1.1406,184.62,0.9222,0.86215,1.0
2026-06-30,1.1394,185.08,0.9224,0.86178,1.0
2026-07-01,1.1383,185.21,0.9234,0.85973,1.0
2026-07-02,1.1399,184.19,0.92,0.85665,1.0
2026-07-03,1.1448,184.48,0.919,0.8572,1.0
2026-07-06,1.1415,185.31,0.9201,0.85538,1.0
2026-07-07,1.1433,185.09,0.9218,0.85411,1.0
2026-07-08,1.1404,185.3,0.9222,0.85435,1.0
2026-07-09,1.1435,185.72,0.9227,0.85363,1.0
2026-07-10,1.143,185.02,0.9223,0.85155,1.0
2026-07-13,1.1424,185.23,0.9253,0.8533,1.0
2026-07-14,1.1405,185.01,0.9257,0.85215,1.0
2026-07-15,1.1406,185.22,0.9256,0.85093,1.0
2026-07-16,1.1467,185.99,0.925,0.84873,1.0
2026-07-17,1.1435,185.65,0.9228,0.85098,1.0
2026-07-20,1.1426,185.54,0.9236,0.84888,1.0
2026-07-21,1.1418,185.82,0.9259,0.85205,1.0
2026-07-22,1.1408,186.03,0.9268,0.8534,1.0
2026-07-23,1.1392,186.23,0.9295,0.85318,1.0
2026-07-24,1.1377,186.38,0.9302,0.85388,1.0
2026-07-27,1.1389,186.37,0.9284,0.85524,1.0
2026-07-28,1.1367,186.32,0.9319,0.8555,1.0
2026-07-29,1.138,186.27,0.9332,0.85635,1.0
2026-07-30,1.1476,186.99,0.9324,0.85715,1.0
2026-07-31,1.1485,184.03,0.9304,0.85573,1.0
2026-08-03,1.1535,180.73,0.932,0.85633,1.0
2026-08-04,1.1515,181.26,0.9319,0.85639,1.0
2026-08-05,1.1554,182.08,0.9345,0.8572,1.0
2026-08-06,1.1542,182.17,0.9346,0.85705,1.0
2026-08-07,1.1535,182.64,0.9347,0.85765,1.0
2026-08-10,1.1555,183.31,0.934,0.85565,1.0
2026-08-11,1.154,183.72,0.9351,0.85483,1.0
2026-08-12,1.1545,183.67,0.9366,0.85358,1.0
2026-08-13,1.1534,183.77,0.9373,0.8549,1.0
2026-08-14,1.1567,183.93,0.939,0.8545,1.0
2026-08-17,1.1593,184.59,0.9389,0.855,1.0
2026-08-18,1.1576,184.87,0.9406,0.85585,1.0
2026-08-19,1.1605,184.62,0.9402,0.85608,1.0
2026-08-20,1.1681,185.45,0.9333,0.85725,1.0
2026-08-21,1.1699,185.66,0.9353,0.8567,1.0
2026-08-24,1.1664,185.6,0.9362,0.8555,1.0
2026-08-25,1.1662,185.7,0.9361,0.8555,1.0
2026-08-26,1.1669,185.62,0.938,0.85613,1.0
2026-08-27,1.1645,185.61,0.9376,0.8574,1.0
2026-08-28,1.1643,185.92,0.9364,0.8572,1.0
2026-08-31,1.1596,185.22,0.9376,0.85648,1.0
2026-09-01,1.159,185.63,0.9394,0.85655,1.0
2026-09-02,1.1578,184.78,0.9424,0.8587,1.0
2026-09-03,1.1615,181.21,0.939,0.86055,1.0
2026-09-04,1.1622,181.59,0.9405,0.85898,1.0
2026-09-07,1.1622,179.85,0.9405,0.85894,1.0
2026-09-08,1.1614,179.2,0.9425,0.8574,1.0
2026-09-09,1.1652,178.59,0.9404,0.85898,1.0
2026-09-10,1.1616,179.09,0.9432,0.85915,1.0
2026-09-11,1.1592,178.56,0.9451,0.85815,1.0
2026-09-14,1.1551,178.52,0.9431,0.85598,1.0
2026-09-15,1.1539,178.86,0.9441,0.8558,1.0
2026-09-16,1.1537,178.88,0.9449,0.8574,1.0
2026-09-17,1.1481,178.75,0.9466,0.8583,1.0
2026-09-18,1.146,180.94,0.9462,0.8588,1.0
